Solicitud de pedido;Descripción Material;Descripción Servicio;MES;Moneda;Texto Solicitud Pedido;Nombre área solicitante;Fecha Lib. Solped;Denominación GrpComp;Valor total Pedido
1000023481;Taller DM - Bogotá - VianiCundinamarca;PASAJES TERRESTRES;abril;COP; Bogotá, 01 Abril 2026 Señores UNIVERSIDADEAN MAURICIOAVILASANCHEZ Cordial Saludo. Dando respuesta a su solicitud y agradecien;CONTRATACIÓN PÚBLICA;08/04/2026;TRANSPORTE ;780.000,00
1300003160;TRANSPORTE TERRESTRE;PASAJES TERRESTRES;abril;COP; VIÁTICOS TRANSPORTE Y ALIMENTACIÓN - VIAJE CALI BECAS POR COLOMBIA  JOSE ALFONSO MORENO LOBO - CC. 88247153 - BP: 1000341931;NUEVOS MERCADOS;09/04/2026;VIAJES;670.000,00
1300003161;TRANSPORTE TERRESTRE;PASAJES TERRESTRES;abril;COP; VIÁTICOS TRANSPORTE Y ALIMENTACIÓN - VIAJE CALI - BECAS POR COLOMBIA  MARIA FERNANDA ROZO CORREA - CC. 35419791 - 1000047011;NUEVOS MERCADOS;09/04/2026;VIAJES;280.000,00
1300003162;TRANSPORTE TERRESTRE;PASAJES TERRESTRES;abril;COP; VIÁTICOS TRANSPORTE Y ALIMENTACIÓN - VIAJE CALI BECAS POR COLOMBIA  BRIGITTE LUIS GUILLERMO BAPTISTE BALLERA - CC. 79157459 -;NUEVOS MERCADOS;09/04/2026;VIAJES;280.000,00
1000023466;BIM LIMA POSGRADOS;ALQUILER STAND - CARPAS;abril;USD;;GESTIÓN DE COMUNICACIONES Y PUBLICIDAD;28/04/2026;EVENTOS ;2.200,00
1000023468;INSTALACION SOLAR SCREEN INTERNACIONALIZ;SERVICIO MANTO. CONSTRUCCIONES Y EDIFICA;abril;COP; SERVICIO SUMINISTRO E INSTALACION DE SOLAR SCREEN P3 LEGACY INTERNACIONALIZACION, PROVEEDOR: SECURITY WINDOWS, VALOR: $2.268.14;GESTIÓN DE INFRAESTRUCTURA Y PLANTA FÍSICA;09/04/2026;SRV MTTO INFRAESTR;2.268.140,00
1000023469;SERV INST REP ELECTRICOS VENTILACION FUN;MANTENIMIENTO MAQUINARIA Y EQUIPO;abril;COP; SERVICIO DE SUMINISTRO E INSTALACION REPUESTOS ELECTRICOS EQUIPOS DE VENTILACION PISO 4 Y PISO 7 FUNDADORES,PROVEEDOR: AMG, VAL;GESTIÓN DE INFRAESTRUCTURA Y PLANTA FÍSICA;09/04/2026;SRV MTTO INFRAESTR;655.690,00
1000023482;INSTALACION SIFONES CARCAMO S1;SERVICIO MANTO. CONSTRUCCIONES Y EDIFICA;abril;COP; SERVICIO INSTALACION DE SIFONES EN CARCAMO SOTANO 1 LEGACY, PROVEEDOR: RCA, VALOR: $973.845, CASO:;GESTIÓN DE INFRAESTRUCTURA Y PLANTA FÍSICA;09/04/2026;SRV MTTO INFRAESTR;973.845,00
1000023483;CORRECTIVO SIFON CARCAMO PLAZOLETA;SERVICIO MANTO. CONSTRUCCIONES Y EDIFICA;abril;COP; SERVICIO DE MANTENIMIENTO CORRECTIVO SIFON CARCAMO PLAZOLETA, PROVEEDOR: RCA, VALOR: $2.623.653, CASO:;GESTIÓN DE INFRAESTRUCTURA Y PLANTA FÍSICA;09/04/2026;SRV MTTO INFRAESTR;2.623.653,00
1000023484;SELLADO DE VENTANAS INTERNACIONALIZACION;SERVICIO MANTO. CONSTRUCCIONES Y EDIFICA;abril;COP; SERVICIO DE SELLADO VENTANAS INTERNACIONALIZACION P3 LEGACY, PROVEEDOR: SECURITY WINDOWS, VALOR: $1.523.200, CASO:;GESTIÓN DE INFRAESTRUCTURA Y PLANTA FÍSICA;09/04/2026;SRV MTTO INFRAESTR;1.523.200,00
1000023500;SERV MTTO CORREC AIRE MINISPLIT UPS;MANTENIMIENTO MAQUINARIA Y EQUIPO;abril;COP; SERVICIO DE MANTENIMIENTO CORRECTIVO AIRE MINISPLIT LG CUARTO DE UPS, PROVEEDOR: AMG, VALOR: $630.700, CASO:77963;GESTIÓN DE INFRAESTRUCTURA Y PLANTA FÍSICA;09/04/2026;SRV MTTO INFRAESTR;630.700,00
1000023467;ANTICIPO ATENCION INVITADO USIL;ALIMENTOS (DESAYU-REFRIG-ALMUERZO);abril;COP; ANTICIPO PARA ATENCIÓN INVITADO Dr.Jose Sotomayor de USIL;GERENCIA GENERAL;07/04/2026;ALIMENTACION Y REF;1.000.000,00
1000023491;Invitación almuerzo a estudiantes intern;ALIMENTOS (DESAYU-REFRIG-ALMUERZO);abril;COP; Pago con Tarjeta de Crédito de Pagaduría por Invitación almuerzo a 24 estudiantes internacionales en LA REGIONAL / GRUPO PRO;GERENCIA DE INTERNACIONALIZACIÓN Y RELACIONES INSTITUCIONALES;07/04/2026;ALIMENTACION Y REF;909.903,00
1000023490;BOLIGRAFO;;abril;COP; SERVICIOS DE PAPELERIA PROYECTO HUMANISE. CONTRATISTA ESAN DIRECCIÓN DE ENTREGA: OI - 10200167 CeCO- 10600801 CUENTA - 5111220;GESTIÓN DE INFRAESTRUCTURA Y PLANTA FÍSICA;06/04/2026;PAPELERÍA ;332.515,00
1300003163;PASAJES AEREOS FABIAN 26 Y 27 MARZO;PASAJES AEREOS;abril;COP; NOMBRE DEL PROFESOR: FABIAN GERARDO DIAZ GARZÓN EVENTO: seguimiento a las acciones con la decanatura de la Universidad del Cau;FACULTAD DE ADMINISTRACION;27/04/2026;VIAJES;1.669.672,00
1300003164;ALOJAMIENTO FABIAN 26 Y 27 MARZO;ALOJAMIENTO;abril;COP; NOMBRE DEL PROFESOR: FABIAN GERARDO DIAZ GARZÓN EVENTO: seguimiento a las acciones con la decanatura de la Universidad del Cau;FACULTAD DE ADMINISTRACION;30/04/2026;VIAJES;188.000,00
1000023419;30 DIAPOSITIVAS EDITABLES DE CANVA;INGRESOS TERCEROS;abril;COP; Diseño de 30 diapositivas editables de Canva a cargo de Jhon Sebastian Suarez Nuñez identificado con CC 1001277852 y número;RECTORÍA;08/04/2026;SERVICIOS PROFESIO;1.500.000,00
1000023499;BOLSA NORMAL DE TELA MERCHANDISING;;abril;COP; BOLSA  PARA VENTOS Impresión:   Screen    Tamaño final:   Ancho 30 alto 50 profundidad 14 cms.    Material :   Elaborada en K;POSGRADO;13/04/2026;PUBLIC – MATER POP;1.547.000,00
1000023494;INSTALACION ANCLAJE TANQUE FIBRA DE VIDR;SERVICIO MANTO. CONSTRUCCIONES Y EDIFICA;abril;COP; SERVICIO SUMINISTRO E INSTALACION DE ANCLAJE DOBLE ARGOLLA TANQUE FIBRA DE VIDRIO, PROVEEDOR: SEINTEG, VALOR: $738.911, CASO: 7;GESTIÓN DE INFRAESTRUCTURA Y PLANTA FÍSICA;09/04/2026;SRV MTTO INFRAESTR;738.910,00
1000023495;SENNHEISER EW-D CI1 Wireless Instrument;;abril;COP; SOLICITUD PARA COMPRA DE  SENNHEISER  WIRELESS BODYPACK TRANSMITTER Y SENNHEISER HSP 2-EW-3. PROVEEDOR SR IMPORTADORES.;GESTIÓN COMERCIAL EVENTOS EXTERNOS;10/04/2026;ACTIVOS Y/O EQUIPO;11.090.000,00
1000023497;MAQUINA HURACAN;OTROS SERVICIOS;abril;COP; ALQUILER MAQUINA HURACAN EAN TRANSFORMA;EDUCACIÓN CONTINUADA COMERCIAL;08/04/2026;INSTITUCIONALES ;1.179.528,00
1000023498;IMPRESOS;IMPRESOS PUBLICACIONES;abril;COP; IMPRESOS EAN TRANSFORMA Dimensiones: 261 cm x 92 cm. Banner mate blackout, instalación con cinta doble faz por el contorno. De;EDUCACIÓN CONTINUADA COMERCIAL;01/06/2026;INSTITUCIONALES ;1.610.127,00
1000023504;MARKETING DIGITAL E IMPRESO;PROMOCION DIVULGACION;abril;COP; CONTENIDO MARKETING IMPRESO Y DIGITAL EL ESPECTADOR;GESTIÓN DE COMUNICACIONES Y PUBLICIDAD;13/04/2026;INSTITUCIONALES ;17.850.000,00
1000023496;"BRIDA FLEXIBLE CORTA 3"" COFLEX";;abril;COP; SUMINISTRO MATERIALES DE FERRETERIA PARA TALLER DE MANTENIMIENTO COT 2865, PROVEEDOR: FERRETERIA LA 73, VALOR: $2.518.599, CASO;GESTIÓN DE INFRAESTRUCTURA Y PLANTA FÍSICA;13/04/2026;ELEM. FERRETERIA C;2.518.602,00
1000023503;HERRAMIENTAS Y ACCESORIOS;;abril;USD;" Proveedor Amazón BP: 1000254772 Compras: 1 30 Pack 8"" PSA Sanding DiscsSet - 5 Each of 80, 100, 120,180,240, 400 Grit - 8 Inch";UNIDAD DE DESARROLLO;08/04/2026;ELEM. FERRETERIA C;192,44
1000023473;Stickers Psicopedagogas;IMPRESOS PUBLICACIONES;abril;COP; STICKERS  Impresión: Digital Tamaño final: 5 x 5 cms. Papel : Vinilo adhesivo brillante Terminado: Medio corte  500 UNIDADES;PERMANENCIA ESTUDIANTIL;08/04/2026;IMPRESOS ;258.658,00
1000023474;MISTRAL REGRIFERIO;GASTOS DE REPRESENTACION;abril;COP; GASTO DE REPRESENTACION CONCILIACION DE TC;CONSULTORIA PRIVADA;08/04/2026;ALIMENTACION Y REF;214.039,00
1000023475;GASTO DE REPRESENTACION;GASTOS DE REPRESENTACION;abril;COP; GASTOS DE REPRESENTACION MISTRAL CONCILIACION TC;CONSULTORIA PRIVADA;09/04/2026;ALIMENTACION Y REF;1.135.532,00
1000023502;Refrig. Convocatoria de Investigación;ALIMENTOS (DESAYU-REFRIG-ALMUERZO);abril;COP; Creación de Caso: 78038. Refrigerios para el lanzamiento de la convocatoria de Investigación 2026, que se llevará a cabo el;DIRECCIÓN DE INVESTIGACIONES;07/04/2026;ALIMENTACION Y REF;497.500,00
1000023487;PAPEL DE FILTRO CUALITATIVO;;abril;COP; COMPRA DE ELEMENTOS PARA LABORATORIO Proveedor: Innovalab BP: 1000012129;LABORATORIOS DE INGENIERÍA;08/04/2026;ELEM. LABORATORIO ;541.450,00
1000023488;HEXANO CONTROL;;abril;COP; COMPRA DE REACTIVO: HEXANO PROVEEDOR: AUROS QUÍMICOS BP: 1000011817;LABORATORIOS DE INGENIERÍA;13/04/2026;ELEM. LABORATORIO ;257.040,00
1000023493;RENOVACION FIRMA DIGITAL DR CARLOS JULIO;LICENCIAS Y SOFTWARE;abril;COP; FIRMA DIGITAL DR CARLOS JULIO Supervisor: Néstor Cantor Proveedor: Certicamara Forma de pago: Tarjeta de Crédito Valor de la;SEGURIDAD INFORMÁTICA;10/04/2026;LICENCIAS Y SUBSCR;353.902,00
1300003135;Viáticos del 07 al 09 de Abril del 2026;MANUTENCION;abril;COP; Viáticos correspondientes al período del 07 al 09 de abril de 2026, a nombre de Andrés Felipe Malagón López, Coordinador d;DIRECCIÓN DE INVESTIGACIONES;09/04/2026;VIAJES;540.000,00
1300003165;Alojamiento Sandra Ortega en Cartagena;ALOJAMIENTO;abril;COP; Pago por RESERVA DE ALOJAMIENTO para SANDRA CONSTANZA ORTEGA FERREIRA en el Hotel Bahía Azul Manga en Cartagena - Colombia, qu;GERENCIA DE INTERNACIONALIZACIÓN Y RELACIONES INSTITUCIONALES;13/04/2026;VIAJES;278.705,00
1000023471;CL 72 SUMINISTRO E INSTALACIÓN BRANDING;OTROS SERVICIOS;abril;COP; PROYECTO CALLE 72 CONTRATISTA KATODE OBJETO:SUMINISTRO E INSTALACIÓN: BRANDING - MAQUETA VALOR $ 3.378.280 CARGUE PROFESIONAL;GESTIÓN DE INFRAESTRUCTURA Y PLANTA FÍSICA;07/04/2026;SERVICIOS PROFESIO;3.378.280,00
1000023472;INSTALACIONES ELECTRICAS;;abril;COP; PROYECTO CALLE 72 CONTRATISTA SIETE OBJETO: INSTALACIÓN PUNTO ELECTRICO REGULADO CONTROL AUTOMÁTICO PARA MAQUETA (DUCTERIA,CA;GESTIÓN DE INFRAESTRUCTURA Y PLANTA FÍSICA;07/04/2026;SERVICIOS PROFESIO;1.012.919,00
1000023501;Conferencia Arte de servir;HONORARIOS ASESORIA TECNICA;abril;COP;" Capacitacion conferencia ""El arte de servir""} Valor:11.792.900 IVA INCLUIDO Plurum";EVALUACIÓN Y DESARROLLO INTEGRAL;14/04/2026;SERVICIOS PROFESIO;11.792.900,00
1000023505;Montaje, DJ, Meseros;MONTAJE PARA EVENTO;abril;COP; Evento día del profesor 2026 CECO: 10500112 BIENESTAR COLABORADORES VALOR TOTAL : $ 52.719.729 PROVEEEDOR COLSUBSIDIO FECHA DE;DISEÑO ORGANIZACIONAL Y GESTIÓN DEL CAMBIO;12/05/2026;SERVICIOS PROFESIO;52.719.729,00
1000023516;Boletas Filbo 2026;BOLETOS ACTIV CULTUR CIVICAS Y DEPORTIVA;abril;COP; Compra de 70 boletas entrada a la Filbo 2026 para las actividades academicas que realiza la Biblioteca.;BIBLIOTECA;08/04/2026;EVENTOS ;805.000,00
1000023511;TRANSPORTE;TRANSPORTE FLETES ACARREOS;abril;COP; Arreglo botarga (Meli)y lavado general proveedor:Maximus Poducciones;PROTOCOLO Y GESTIÓN DE EVENTOS INTERNOS;16/04/2026;TRANSPORTE ;1.582.700,00
1000023518;Taxi traslado;TAXIS BUSES;abril;COP; Papel para impresora Braille.;BIBLIOTECA;10/04/2026;TRANSPORTE ;1.710.000,00
1000023519;AUTO TAXI POSGRADO 2026 MARZO;TAXIS BUSES;abril;COP; SERVICIOS AUTOTAXI MES DE MARZO PARA PAGO EN ABRIL 2026 POR VALOR DE $ 2.092.600, EL ÁREA QUE UTILIZÓ EL SERVICIO FUE POSGRAD;GESTIÓN DE INFRAESTRUCTURA Y PLANTA FÍSICA;14/04/2026;TRANSPORTE ;2.291.816,00
1000023513;PINES CON BROCHE;PROMOCION DIVULGACION;abril;COP; PIN QS STAR ESCUDOS PARA SOLAPA METALICOS QS, CON FONDO DORADO, GRABADOS CON LOGOTIPO Y TEXTO EN COLOR NEGRO. DE APRÓXIMADAMEN;GESTIÓN DE COMUNICACIONES Y PUBLICIDAD;09/04/2026;INSTITUCIONALES ;2.332.400,00
1000023542;ALQUILER SERVICIOS;ALQUILER STAND - CARPAS;abril;COP; ANTICIPO SERVICIOS DE ALQUILER  contratación del servicio de instalación monofásica, clave de acceso a red WIFI y servicio d;POSGRADO;13/04/2026;INSTITUCIONALES ;4.000.000,00
1000023508;SUMNEW Fingerprint CabinetLock, Smart;;abril;USD; Proveedor Amazón BP: 1000254772 Compras: 1- BBDINO Silicone Mold Making Kit, Mold Making Silicone 20A Translucent 4.4 lbs, Liq;UNIDAD DE DESARROLLO;13/05/2026;ELEM. FERRETERIA C;136,03
1000023514;"sisona 1/4"" Carbide RoughingEnd Mill -";;abril;USD; Proveedor Amazón BP: 1000254772 Compras: 1- YXPOLYER Flexible PLA Food- Grade 92A Soft PLA 3D Printer Filament 1.75mm 1KG for;UNIDAD DE DESARROLLO;13/05/2026;ELEM. FERRETERIA C;165,35
1000023541;MANTELERIA;;abril;COP; COMPRA DE MANTELERÍA PARA EVENTOS:  MANTEL SPANDEX RECTANGUAR DE 1.80 X 0.45 CANTIDAD 20 MANTEL SPANDEX CIRCULAR DE 1.50 CMS C;PROTOCOLO Y GESTIÓN DE EVENTOS INTERNOS;10/04/2026;MUEBLES Y ENSERES ;19.198.513,00
1000023476;GASTO DE REPRESENTACION;GASTOS DE REPRESENTACION;abril;COP; GASTO DE REPRESENTACION CONCLIACION TC;CONSULTORIA PRIVADA;14/04/2026;ALIMENTACION Y REF;34.417,00
1000023477;REFRIGERIOS TRADING COHORTE III;ALIMENTOS (DESAYU-REFRIG-ALMUERZO);abril;COP; COTIZACIÓN REFRESHMENT -(+57) 3004895998 refreshment20@gmail.com Costo: und $14.500 bebida natural, componente y fruta entera,;EDUCACIÓN CONTINUADA PROYECTOS;17/04/2026;ALIMENTACION Y REF;14.310.000,00
1000023510;refrigerios VAF;ALIMENTOS (DESAYU-REFRIG-ALMUERZO);abril;COP; solictud de refrigerios VAF marzo 2026;VICERRECTORÍA ADMINISTRATIVA Y FINANCIERA;10/04/2026;ASEO Y CAFETERIA ;523.375,00
1000023531;CASINO;ALIMENTOS (DESAYU-REFRIG-ALMUERZO);abril;COP; EVENTO EAN TRANSFORMA CASINO GRUPO PROMO;EDUCACIÓN CONTINUADA COMERCIAL;09/04/2026;ALIMENTACION Y REF;2.735.600,00
1000023550;CENA GRUPO PROMO;ALIMENTOS (DESAYU-REFRIG-ALMUERZO);abril;COP;" ""Vigencia de la cotización: 15 días COTIZACIÓN GRUPO PROMO CENA FEORACLE Plazo de pago: 30 dias, luego de radicada la factur";FORMACIÓN A LA MEDIDA;27/04/2026;ALIMENTACION Y REF;2.297.235,00
1000023520;SABANAS DESECHABLE AJUSTABLE PARA C;;abril;COP; SOLICITUD DE CASOS Actividad:  Compra de sabanas para servicio médico y fisioterapia Descripción:  Compra de sábanas destina;BIENESTAR UNIVERSITARIO;09/04/2026;ELEM. LABORATORIO ;737.800,00
1000023515;Inscripción IPMA 2026.;INSCRIPCION EVENTOS NACIONAL - INTERNACI;abril;COP; Creación caso:78142 Apoyo pago inscripción al evento IPMA 2026 para estudiantes inscritos en semilleros de investigación. Va;DIRECCIÓN DE INVESTIGACIONES;09/04/2026;LICENCIAS Y SUBSCR;750.000,00
1000023530;Renovación suscripción ARMARC;SUSCRIPCION MEDIOS DE INFORMACION;abril;COP; Renovación suscripción anual de la herramienta ARMARC EN LINEA (dos licencias), con periodo de suscripción: del 31 de marzo;BIBLIOTECA;10/04/2026;LICENCIAS Y SUBSCR;2.041.000,00
1000023507;21 UNIDADES OI 25001203;SEGUROS  POLIZAS;abril;COP; Compra de Pólizas de seguro para programas de Educación Continua. Cantidad: 172 Valor total  $602.000;EDUCACIÓN CONTINUADA PROYECTOS;21/04/2026;SEGUROS;602.000,00
1000023512;Poliza comfandi 4014253 CERTIFICADO  172;CUMPLIMIENTO;abril;COP; POLIZA CUMPLIMIENTO NO. 4014253 CERTIFICADO  17223730 COMFANDI;DIRECCIÓN DE EXTENSIÓN COMERCIAL;16/04/2026;SEGUROS;11.082.975,00
1000023478;MAESTRO DE CEREMONIA DISTINCIONES;SERVICIOS PARA EVENTOS;abril;COP; SERVICIO DE MAESTRO DE CEREMONIAS PARA DISTINCIONES ABRIL 17 2026 PROVEEDOR: MAURICIO GIRAL PINEDA;PROTOCOLO Y GESTIÓN DE EVENTOS INTERNOS;09/04/2026;SERVICIOS PROFESIO;350.000,00
1000023506;Detalle GDT - Evento;OBSEQUIOS;abril;COP; Compra detalle gerencia de personas y cultura - Evento 16 de abril Valor: $596.785;EVALUACIÓN Y DESARROLLO INTEGRAL;13/04/2026;SERVICIOS PROFESIO;596.785,00
1000023521;Boletería para la Feria Internacional de;INSCRIPCION EVENTOS NACIONAL - INTERNACI;abril;COP; Asociación de Editoriales Universitarias de Colombia ASEUC NIT 800110170 BP:1000012320 Compras Boletería para la Feria Intern;PUBLICACIONES CIENTIFICAS Y DOCENTES;10/04/2026;EVENTOS ;1.150.000,00
1000023532;REVISION DE CORTO ILUMINACION SOT 2;SERVICIO MANTO. CONSTRUCCIONES Y EDIFICA;abril;COP; SERVICIO DE REVISION DE CORTO EN ILUMINACION SOTANO 2, PROVEEDOR: SIETE+, VALOR: $392.020, CASO: 78169;GESTIÓN DE INFRAESTRUCTURA Y PLANTA FÍSICA;13/04/2026;SRV MTTO INFRAESTR;392.020,00
1000023533;REUBICACION CIRCUITOS AUDITORIO FUN;SERVICIO MANTO. CONSTRUCCIONES Y EDIFICA;abril;COP; SERVICIO DE REUBICACION CIRCUITO ELECTRICO AUDIOTRIO FUNDADORES, PROVEEDOR: SIETE+, VALOR: $829.026, CASO:78203;GESTIÓN DE INFRAESTRUCTURA Y PLANTA FÍSICA;15/04/2026;SRV MTTO INFRAESTR;829.026,00
1000023534;SERV SOPORTE TECNIVO CCTV VIDEO EXPERT L;MANTENIMIENTO MAQUINARIA Y EQUIPO;abril;COP; SERVICIO DE SOPERTE TECNICO SISTEMMA CCTV LEGACY VIDEO EXPERT, PROVEEDOR: AMERICAM ALARM, VALOR: $1.487.500, CASO:78212;GESTIÓN DE INFRAESTRUCTURA Y PLANTA FÍSICA;13/04/2026;SRV MTTO INFRAESTR;1.487.500,00
1000023535;CORRECTIVO FACHALETAS PISO 4 FUNDADORES;SERVICIO MANTO. CONSTRUCCIONES Y EDIFICA;abril;COP; SERVICIO DE MANTENIMIENTO CORRECTIVO FACHALETAS PISO 4 FUNDADORES, PROCESO DE COMPRAS CUADRO COMPARATIVO, CASO: 77836, PROVEEDO;GESTIÓN DE INFRAESTRUCTURA Y PLANTA FÍSICA;13/04/2026;SRV MTTO INFRAESTR;6.470.695,00
1000023522;Pago parqueadero Foro CELAC;PARQUEADERO2;abril;COP; Pago de $22.000 con TARJETA DE CRÉDITO DE INTERNACIONALIZACIÓN a CITY PARKING SAS por concepto de parqueadero para participar;GERENCIA DE INTERNACIONALIZACIÓN Y RELACIONES INSTITUCIONALES;10/04/2026;TRANSPORTE ;22.000,00
1000023554;TRANSPORTE;TRANSPORTE FLETES ACARREOS;abril;COP;;GESTIÓN DE INFRAESTRUCTURA Y PLANTA FÍSICA;09/04/2026;TRANSPORTE ;235.000,00
1000023551;STAND;ALQUILER STAND - CARPAS;abril;COP; BIZ FEST STAND;POSGRADO;16/04/2026;INSTITUCIONALES ;25.999.998,00
1000023560;TERMO NEGRO LOGO EAN;;abril;COP; Compra de Termos Blanco y Negro tipo Stanley y Termos color rosado, morado y azul - Logo Meli  Proveedor:BARACK Total de la SOL;TIENDA EAN;17/04/2026;TIENDA EAN;6.675.900,00
1000023546;Escarapelas evento 16 de abril;SERVICIOS AUROS;abril;COP; Escarapelas evento 16 de abril Valor: $760,410;EVALUACIÓN Y DESARROLLO INTEGRAL;23/04/2026;IMPRESOS ;760.410,00
1000023552;Refrigerios saludables relanzamiento Gym;ALIMENTOS (DESAYU-REFRIG-ALMUERZO);abril;COP; SOLICITUD DE CASOS  Actividad:  Refrigerios saludables para relanzamiento Gym  Descripción:  Adquisición de 100 refrigerios s;BIENESTAR UNIVERSITARIO;10/04/2026;ALIMENTACION Y REF;1.250.000,00
1000023544;Conciliación TC 1226 PAUTA GOOGLE ADS;AVISOS Y PROPAGANDA;abril;COP; Conciliación TC 1226 PAUTA GOOGLE ADAS, que estuvo en préstamo de EanX.;EAN X PROYECTOS;15/04/2026;LICENCIAS Y SUBSCR;553.112,00
1000023540;Servicios CROP 2025;HONORARIOS ASESORIA TECNICA;abril;COP; Ultimo mes de CROP, no se finalizo el pago en 2025 por el valor aprobado y se debe pagar su ultima factura;PUBLICIDAD;10/04/2026;SERVICIOS PROFESIO;11.900.000,00
1000023543;SUSCRIPCIÓN ELEVENLABS;TRAMITES LICENCIAS;abril;USD;;GESTIÓN DE COMUNICACIONES Y PUBLICIDAD;16/04/2026;SERVICIOS PROFESIO;242
1000023545;APOYO LOGISTICO;SERVICIOS PARA EVENTOS;abril;COP; SOLICITUD DE SERVICIO DE PERSONAL LOGISTICO Y BRIGADISTAS PARA ZCARATE. PROVEEDOR ADVANTAGE;GESTIÓN COMERCIAL EVENTOS EXTERNOS;13/04/2026;SERVICIOS PROFESIO;2.564.450,00
1000023553;HABLAME ENERO;PROMOCION DIVULGACION;abril;COP; HABLAME ENERO Y FEBRERO;SERVICIOS AL ESTUDIANTE;14/04/2026;SERVICIOS PROFESIO;2.405.093,00
1000023580;PROGRAMACION PARAME VARIADORES BOMBAS;MANTENIMIENTO MAQUINARIA Y EQUIPO;abril;COP; SERVICIO PROGRAMACION PARAMETROS VARIADORES DE VELOCIDAD BOMBAS AGUA POTABLE, PROVEEDOR: BOOMBEO, VALOR: $809.200, CASO:78335;GESTIÓN DE INFRAESTRUCTURA Y PLANTA FÍSICA;10/04/2026;SRV MTTO INFRAESTR;809.200,00
1000023556;CABIFY INNOVA-TRANSFEREN MARZO 2026;TAXIS BUSES;abril;COP; SERVICIO DE TRANSPORTE CABIFY DEL MES DE MARZO PARA PAGO EN ABRIL POR VALOR DE $1.043.406. LAS ÁREAS SON:INNOVACIONTRANSFERENC;GESTIÓN DE INFRAESTRUCTURA Y PLANTA FÍSICA;21/04/2026;TRANSPORTE ;1.043.406,00
1000023561;EASY TAXI PREGRADO MARZO 2026;TAXIS BUSES;abril;COP; SERVICIO DE TRANSPORTE EASY TAXI DEL MES DE MARZO PARA PAGO EN ABRIL POR VALOR DE $ 5.955.002. LAS ÁREAS SON: RECTORIA, DR-EAN;GESTIÓN DE INFRAESTRUCTURA Y PLANTA FÍSICA;21/04/2026;TRANSPORTE ;5.955.002,00
1000023555;Alimentos y refrigerios Taller CUBO;ALIMENTOS (DESAYU-REFRIG-ALMUERZO);abril;COP; Alimentación de Taller en el Cubo, Colsubsidio asume bolos, y alquiler del sitio. CECO: 10500112 Cuenta mayor: 5111550002 CASI;DISEÑO ORGANIZACIONAL Y GESTIÓN DEL CAMBIO;10/04/2026;INSTITUCIONALES ;1.509.991,00
1000023558;Brunch y Lunch Taller;MONTAJE PARA EVENTO;abril;COP; Taller de Equipo Colsubsidio Proveedor Evento 15 de abril VALOR TOTAL: $1.329.600 CECO: 1050112 BIENESTAR COLABORADORES;DISEÑO ORGANIZACIONAL Y GESTIÓN DEL CAMBIO;27/04/2026;INSTITUCIONALES ;1.329.599,00
1000023570;PAUTA LA REPUBLICA;PROMOCION DIVULGACION;abril;COP; PAUTA EL REPUBLICA Posicionar Ean Transforma como un espacio clave de actualización y crecimiento profesional en el ámbito de;GESTIÓN DE COMUNICACIONES Y PUBLICIDAD;15/04/2026;INSTITUCIONALES ;5.355.000,00
1000023547;6 CRISPETAS LUNES A SABADO JORNADA;ALIMENTOS (DESAYU-REFRIG-ALMUERZO);abril;COP; sOLICITUD ESTACIÓN MAQUINA DE MAIZ PARA LAS JORNADAS DE BIENVENIDA DE LOS ESTUDIANTES 2026. CON EL PROVEEDOR DE LA REGIONAL CA;DIRECCIÓN DE SERVICIOS DE APOYO ACADÉMICO;14/04/2026;ALIMENTACION Y REF;1.967.000,00
1000023548;Barra de sodas;ALIMENTOS (DESAYU-REFRIG-ALMUERZO);abril;COP; SERVICIO DE ALIMENTOS Y BEBIDAS  ALEJANDRA AZCARATE . PROVEEDOR GRUPO PROMO;GESTIÓN COMERCIAL EVENTOS EXTERNOS;13/04/2026;ALIMENTACION Y REF;184.680,00
1000023557;REFRIGERIOS CURSO SED;ALIMENTOS (DESAYU-REFRIG-ALMUERZO);abril;COP; formalmente informo la gestión del pedido correspondiente a la adquisición de 150 refrigerios destinados al Programa Plan de;FORMACIÓN A LA MEDIDA;13/04/2026;ALIMENTACION Y REF;720.000,00
1000023562;REFRIGERIO BRUNCH;ALIMENTOS (DESAYU-REFRIG-ALMUERZO);abril;COP; REFRIGERIO BRUNCH SOSTENIBILIDAD;CONSULTORIA PRIVADA;13/04/2026;ALIMENTACION Y REF;4.010.300,00
1000023571;ESTACION DE CAFE;ALIMENTOS (DESAYU-REFRIG-ALMUERZO);abril;COP; SOLICITUD DE SERVICIO DE ALIMENTACIÓN EVENTO GRABACION TLC PROVEEDOR GRUPO PROMO.;GESTIÓN COMERCIAL EVENTOS EXTERNOS;17/04/2026;ALIMENTACION Y REF;421.200,00
1000023581;Obsequios eventos FHCS;OBSEQUIOS;abril;COP; Compra bonos alkosto (3) Valor: 450.000;EVALUACIÓN Y DESARROLLO INTEGRAL;07/05/2026;BONOS ;450.000,00
1000023549;CERTIFICADO WILDCARD UEAN 2026;LICENCIAS Y SOFTWARE;abril;COP; CERTIFICADO WILDCARD UEAN 2026 Supervisor: Néstor Cantor Proveedor: Apex Valor de la compra: COP $5.502.542 IVA incluido Forma;SEGURIDAD INFORMÁTICA;21/04/2026;LICENCIAS Y SUBSCR;5.502.542,00
1300003143;Pago Tqte. a Monterrey x Diana Figueroa;PASAJES AEREOS;abril;COP; Compra de TIQUETE para DIANA PAOLA FIGUEROA HERNÁNDEZ, quien viajó a Monterrey-México para participar en el City of incMTY F;GERENCIA DE INTERNACIONALIZACIÓN Y RELACIONES INSTITUCIONALES;20/04/2026;VIAJES;9.762.832,00
1300003144;Pago Tqte. a Monterrey x Dario M. Reyes;PASAJES AEREOS;abril;COP; Compra de TIQUETE para DARIO MAURICIO REYES GIRALDO, quien viajó a Monterrey-México para participar en el City of incMTY Fest;GERENCIA DE INTERNACIONALIZACIÓN Y RELACIONES INSTITUCIONALES;20/04/2026;VIAJES;9.762.832,00
1300003167;Pago Tqte. a B/quilla x Haidy J. Moreno.;PASAJES AEREOS;abril;COP; Compra de TIQUETE para HAIDY JOHANNA MORENO CEBALLOS, quien viajó a Barranquilla - Colombia para participar como Investigadora;GERENCIA DE INTERNACIONALIZACIÓN Y RELACIONES INSTITUCIONALES;17/04/2026;VIAJES;646.986,00
1300003168;Pago alojam. B/quilla x Haidy J. Moreno;ALOJAMIENTO;abril;COP; Pago por RESERVA DE ALOJAMIENTO en el Hotel Plaza Ángel 74 para HAIDY JOHANNA MORENO CEBALLOS, quien viajó a Barranquilla - C;GERENCIA DE INTERNACIONALIZACIÓN Y RELACIONES INSTITUCIONALES;17/04/2026;VIAJES;425.947,00
1000023523;IMPUESTO DELINEACIÓN URBANA;;abril;COP; PROYECTO CALLE 72 IMPUESTO DE DELINEACIÓN URBANA VALOR $252.493.000-SECRETARI HACIENDA IF.E72.23.01/08 Gastos Legales Activo:;GESTIÓN DE INFRAESTRUCTURA Y PLANTA FÍSICA;10/04/2026;SERVICIOS PROFESIO;252.493.000,00
1000023559;STAGE HAND;SERVICIOS PARA EVENTOS;abril;COP;;GESTIÓN COMERCIAL EVENTOS EXTERNOS;13/04/2026;SERVICIOS PROFESIO;1.285.200,00
1000023573;BOLSA;PROMOCION DIVULGACION;abril;COP; BOLSAS material publicitario evento Human Power summit;GESTIÓN DE COMUNICACIONES Y PUBLICIDAD;23/04/2026;PUBLIC – MATER POP;249.900,00
1000023525;SUMINISTRO E INSTALACION TABLERO VIDRIO;SERVICIO MANTO. CONSTRUCCIONES Y EDIFICA;abril;COP; SUMINISTRO E INSTALACION DE TABLERO VIDRIO VICERRECTORIA, PROVEEDOR: SECURITY WINDOWS, VALOR: $636.650, CASO:78441;GESTIÓN DE INFRAESTRUCTURA Y PLANTA FÍSICA;15/04/2026;SRV MTTO INFRAESTR;636.650,00
1000023526;INSTALACION PIEZA MARMOL BAÑO LEGACY;SERVICIO MANTO. CONSTRUCCIONES Y EDIFICA;abril;COP; SERVICIO SUMINISTRO E INSTALACION PIEZA MARMOL BAÑO LEGACY, PROVEEDOR: RCA, VALOR: $630.135, CASO:78445;GESTIÓN DE INFRAESTRUCTURA Y PLANTA FÍSICA;15/04/2026;SRV MTTO INFRAESTR;630.135,00
1000023527;SERV CORRECTIVO FUGA BAÑO P1 LEGACY;SERVICIO MANTO. CONSTRUCCIONES Y EDIFICA;abril;COP; SERVICIO DE REPARACION DE FUGA BAÑO P1 LEGACY, PROVEEDOR: RCA, VALOR: $1.409.211, CASO:78450;GESTIÓN DE INFRAESTRUCTURA Y PLANTA FÍSICA;15/04/2026;SRV MTTO INFRAESTR;1.409.211,00
1000023528;SERV REUBICACION DE UPS CIR BICIS ELECTR;SERVICIO MANTO. CONSTRUCCIONES Y EDIFICA;abril;COP; SERVICIO DE REUBICACION UPS PARA INSTALACION EN CIRCUITO DE BICICLETAS ELECTRICAS, PROVEEDOR: SIETE, VALOR: $1.969.950, CASO:78;GESTIÓN DE INFRAESTRUCTURA Y PLANTA FÍSICA;15/04/2026;SRV MTTO INFRAESTR;1.969.949,00
1000023574;RECARGA PROMOTORES MARZO;PROMOCION DIVULGACION;abril;COP; RECARGA PROMOTORES MARZO BIGPASS;PREGRADO;27/04/2026;INSTITUCIONALES ;3.872.074,00
1000023529;CL 72 INSTALACIÓN RED DATOS;;abril;COP; CALLE 72 PROYECTO HUMANISE CONTATISTA: SIETE+ OBJETO:INSTALACIÓN DE UNA RED DATOS,ELECTRICA,REGULADA POR UPS  Y NORMAL EN LA A;GESTIÓN DE INFRAESTRUCTURA Y PLANTA FÍSICA;14/04/2026;IMPRESOS ;8.807.922,00
1000023565;AUROS DISEÑO ORG MARZO 2026;DIGITALIZACION EMPASTE;abril;COP; SERVICIOS AUROS MES DE MARZO PARA PAGO EN ABRIL, VALOR TOTAL $ 3.169.592. LAS ÁREAS QUE ADQUIRIERON SERVICIOS EN TIENDAS SON:;GESTIÓN DE INFRAESTRUCTURA Y PLANTA FÍSICA;17/04/2026;IMPRESOS ;3.169.590,00
1000023591;IMPRESOS CALLE 72 VALLA;IMPRESOS PUBLICACIONES;abril;COP; PROYECTO CALLE 72 CONTRATISTA KATODE SAS OBJETO: IMPRESION  DIGITAL  SOBRE BANNER  MATE BLACKOUT TINTAS UV VALOR $261.134 51119;GESTIÓN DE INFRAESTRUCTURA Y PLANTA FÍSICA;14/04/2026;IMPRESOS ;261.134,00
1000023524;ALMUERZOS TALLER ARS LAB;ALIMENTOS (DESAYU-REFRIG-ALMUERZO);abril;COP; PROVEEDOR: THE WINE STORE BP: 1000328456  EVENTO: almuerzo de trabajo Colectiva Nomasmetaforas- Inspira- Ars Lab VALOR TOTAL: 3;RECTORÍA;13/04/2026;ALIMENTACION Y REF;3.546.200,00
1000023583;Barra de sodas;ALIMENTOS (DESAYU-REFRIG-ALMUERZO);abril;COP; SOLICITUD DE SERVICIO DE BEBIDAS ENVENTO TERCERA TEMPORADA PETROVERSO PROVEEDOR GRUPO PROMO.;GESTIÓN COMERCIAL EVENTOS EXTERNOS;14/04/2026;ALIMENTACION Y REF;103.680,00
1000023567;LIBRETAS BOOTCAMP SABER PRO.;SERVICIOS AUROS;abril;COP; REF: COTIZACIÓN EAN_ 379b Libreta Escocia Libreta elegante escocia con resorte para sellar. Incluye 80 hojas. MARCA tampografi;DESARROLLO CURRICULAR, ASSESSMENT CENTER Y ASEGURAMIENTO DE LA CALIDAD ACADÉMICA;15/04/2026;PAPELERÍA ;899.772,00
1000023572;Soporte funcional SAP Procesos ERP;;abril;COP; Datos de la compra OTRO SI OPS 2330 DEL 2023 Supervisor: Luz H Pineda Proveedor: Consultoría Organizacional Valor de la compra;PROYECTOS TECNOLÓGICOS;27/07/2026;LICENCIAS Y SUBSCR;337.922.277,00
1300003169;Tiquete a Barcelona x Julian F. Segura;INGRESOS TERCEROS;abril;COP; Compra de TIQUETES a Barcelona-España, para JULIAN FELIPE SEGURA CONTRERAS y WILLIAM LÓPEZ CASTRILLÓN, quienes participan en;GERENCIA DE INTERNACIONALIZACIÓN Y RELACIONES INSTITUCIONALES;30/04/2026;VIAJES;12.323.620,00
1300003170;Tiquete a Miami x Haidy J. Moreno;INGRESOS TERCEROS;abril;COP;" Compra de TIQUETE a Miami-Estados Unidos, para HAIDY JOHANNA MORENO CEBALLOS, quien participará en la ""Misión Académica Inte";GERENCIA DE INTERNACIONALIZACIÓN Y RELACIONES INSTITUCIONALES;17/04/2026;VIAJES;1.430.951,00
1000023485;Formacion Proyecto 30X - Jaime Reyes;HONORARIOS ASESORIA TECNICA;abril;USD; Capacitacion Proyecto 30X - Jaime Andres Reyes Valor: 4.227 euros - $18.000.000;EVALUACIÓN Y DESARROLLO INTEGRAL;14/04/2026;SERVICIOS PROFESIO;4.800,00
1000023536;APOYO EVENTO;SERVICIOS PARA EVENTOS;abril;COP; SOLICITUD DE PERSONAL DE LOGISTICA PARA TERCERA TEMPORADA PETROVERSO.                 PROVEEDOR ADVANTAGE.;GESTIÓN COMERCIAL EVENTOS EXTERNOS;15/04/2026;SERVICIOS PROFESIO;5.928.580,00
1000023563;Residuos Peligrosos marzo;TRANSPORTE FLETES ACARREOS;abril;COP; Recolección y transporte de Residuos peligrosos generados en la(s) sede(s) laboratorios, campus El Nogal, Av. Chile para el me;GESTIÓN DE CALIDAD Y DE LOS PROCESOS;17/04/2026;SERVICIOS PROFESIO;348.076,00
1000023564;Convalidación financiera;ESTUDIO DE SEGURIDAD;abril;COP; ASEC;SELECCIÓN DEL TALENTO Y CALIDAD DE VIDA;13/04/2026;SERVICIOS PROFESIO;4.358.732,00
1000023575;SUSCRIPCIÓN ADSMURAI 2026;SUSCRIPCION MEDIOS DE INFORMACION;abril;COP; suscripción a la Adsmurai Marketing Platform (AMP) x 6 meses, cuyo alcance es completamente distinto, ya que se enfoca en: •;PUBLICIDAD;05/05/2026;SERVICIOS PROFESIO;26.418.000,00
1000023582;Examenes Médicos Ocupacionales;HONORARIOS SERVICIO MEDICO;abril;COP; Examenes Médicos Ocupacionales Colsubcidio;SISTEMA DE GESTIÓN DE LA SEGURIDAD Y SALUD EN EL TRABAJO;16/04/2026;SERVICIOS PROFESIO;3.592.900,00
1000023590;CONSTRUCTION MONTH 4;;abril;USD; HEATHERWICK ADITIONAL CONSTRUCTION-MONTH 4 $22.157 DOLARES AMERICANOS Activo: 130000002 10600801  CONSTRUCCIONES EN CURSO 16150;GESTIÓN DE INFRAESTRUCTURA Y PLANTA FÍSICA;14/04/2026;SERVICIOS PROFESIO;22.157,00
1000023603;CABLE DE THUNDERBOLT A HDMI 1.5M;;abril;COP; COMPRA DE CABLES ABRIL Supervisor: Henry Diaz Proveedor: Servitronic Valor de la compra: COP $392.700 IVA incluido Forma de pag;EXPERIENCIA DE USUARIO;16/04/2026;HARDWARE ;392.700,00
1000023568;Taller DM - Bogotá - Villapinzon;PASAJES TERRESTRES;abril;COP; Bogotá, 14 Abril 2026 Señores UNIVERSIDADEAN MAURICIOAVILASANCHEZ Cordial Saludo. Dando respuesta a su solicitud y agradecien;CONTRATACIÓN PÚBLICA;17/04/2026;TRANSPORTE ;780.000,00
1000023569;Taller DM - Bogotá - Cota;PASAJES TERRESTRES;abril;COP; Bogotá, 14 Abril 2026 Señores UNIVERSIDADEAN MAURICIOAVILASANCHEZ Cordial Saludo. Dando respuesta a su solicitud y agradecien;CONTRATACIÓN PÚBLICA;17/04/2026;TRANSPORTE ;480.000,00
1000023601;CAMISAS;PROMOCION DIVULGACION;abril;COP; Camisas formales en tela camisera con un logo frente izquierdo talla XXL dama;PREGRADO;15/04/2026;INSTITUCIONALES ;185.640,00
1000023586;ANTICIPO 100% PUERTO CARREÑO;INGRESOS TERCEROS;abril;COP; ANTICIPO PARA MARIA GABRIELA BOTERO MORENO DE 4.500.000 PARA GASTOS DE CONTRUCCION TANQUES PUERTO CARREÑO;RECTORÍA;21/04/2026;ELEM. FERRETERIA C;4.500.000,00
1000023538;ALIMENTACIÓN (REFRIGERIO Y ALMUERZO);ALIMENTOS (DESAYU-REFRIG-ALMUERZO);abril;COP; GRUPO PROMO TEL:3214949308 REFRIGERIOS: VALOR UN $18.0000 Y $16.000 VALOR TOTAL $1.615.680 Almuerzo estandar (plato fuerte post;FORMACIÓN A LA MEDIDA;14/04/2026;ALIMENTACION Y REF;4.342.220,00
1000023584;ESPEJOS CAMIONETA UCN871;MANTENIMIENTO AUTOMOTRIZ;abril;COP; Anticipo por valor de 1.180.000 a Henry garcia por Anticipo del 100% para el mantenimiento general (ASEGURAMIENTO TOTAL  AUTOP;RECTORÍA;15/04/2026;MATERIALES REPUEST;1.180.000,00
1000023537;BOTONES BOOTCAMP;SERVICIOS AUROS;abril;COP; SOLICITUD COMPRA BOTONES PARA EVENTO BBOOTCAMP SABER PRO 100 X BOTONES PESONALIZADOS VALOR TOTAL= $330.000;DESARROLLO CURRICULAR, ASSESSMENT CENTER Y ASEGURAMIENTO DE LA CALIDAD ACADÉMICA;14/04/2026;PAPELERÍA ;330.000,00
1000023585;Conciliacion TC 1474 PAUTA GOOGLE;AVISOS Y PROPAGANDA;abril;COP; Conciliación TC 1474 ITAÚ Pauta Google Ads;EAN X PROYECTOS;15/04/2026;LICENCIAS Y SUBSCR;900.000,00
1000023602;Inscripción XIII Encuentro Nacional Red;INSCRIPCION EVENTOS NACIONAL - INTERNACI;abril;COP; Creación de caso:78574. Aoyo para el pago de inscripción al XIII Encuentro Nacional Red IDDEAL Asistentes: •ANGIE XIMENA GU;DIRECCIÓN DE INVESTIGACIONES;15/04/2026;LICENCIAS Y SUBSCR;600.000,00
1000023600;ANTICIPO NUQUI ABRIL;INGRESOS TERCEROS;abril;COP; Anticipo del 100% para Andres Felipe Otalora para cubrir gastos de manutención pasajes y gastos de los trabajadores de mochile;RECTORÍA;21/04/2026;VIAJES;6.250.000,00
1300003145;MANUTENCIÓN ANDRES OTALORA;MANUTENCION;abril;COP; VIATICOS ANDRES OTALORA A NUQUI DEL 23 AL 26 DE ABRIL DE 2026. se realizara la ultima etapa del proyecto regenera nuqui, el eve;RECTORÍA;16/04/2026;VIAJES;555.000,00
1000023539;PROMOTOR EVENTO HUILA FERIA DE ESTUDIOS;PROMOCION DIVULGACION;abril;COP; PROMOTOR EVENTO NEIVA Suministro de personal promotor jornada de 8 horas.;REGIONES;14/04/2026;SERVICIOS PROFESIO;594.405,00
1000023610;Amplificadores Fender 212R Fallas de amp;MANTENIMIENTO MAQUINARIA Y EQUIPO;abril;COP; SOLICITUD DE CASOS Actividad: Mantenimiento cabinas de cabinas se sonido cultura Descripción: El mantenimiento de las cabinas;BIENESTAR UNIVERSITARIO;28/04/2026;SERVICIOS PROFESIO;1.590.000,00
1000023589;VERIFICACION CONEXIONES SANDBOX - FACT E;ASISTENCIA TECNICA;abril;COP; SOPORTE VERIFICACION DE CONEXIONES Supervisor: Diego Rivera Proveedor: Noova Valor de la compra: $2.939.300 IVA incluido Forma;SISTEMAS DE INFORMACIÓN;16/04/2026;SERVICIOS IT ;2.939.300,00
1000023598;MTTO PREV - CORREC SIST LUTRON 2026;SERVICIO MANTO. CONSTRUCCIONES Y EDIFICA;abril;COP; Producto o servicio requerido: Servicio de Mtto Preventivo sistema de Iluminación LUTRON Edificio Legacy.  Descripción de la;GESTIÓN DE INFRAESTRUCTURA Y PLANTA FÍSICA;17/04/2026;SRV MTTO INFRAESTR;8.085.717,00
1000023594; PROYECTOR LASER INHALAMBRICO POWER L;;abril;COP; SUMINISTRO DE TRES (3) VIDEO BEAM PARA REMPLAZO POR DAÑO EN AULAS L502 ,L903 Y N505 Valor unitario: $5.592.881 Valor total: $1;GESTIÓN DE INFRAESTRUCTURA Y PLANTA FÍSICA;17/04/2026;ACTIVOS Y/O EQUIPO;16.778.643,00
1300003124;TRANSPORTES;PASAJES TERRESTRES;abril;COP; VIATICOS EDGAR GONZALEZ EXPO EXTERIOR HUILA-NEIVA;NUEVOS MERCADOS;16/04/2026;TRANSPORTE ;540.000,00
1300003125;TRANSPORTES;PASAJES TERRESTRES;abril;COP; VIATICOS MARIA FERNANDA ROZO EXPO EXTERIOR HUILA-NEIVA;NUEVOS MERCADOS;16/04/2026;TRANSPORTE ;280.000,00
1300003126;TRANSPORTES;PASAJES TERRESTRES;abril;COP; VIATICOS EDGAR GONZALEZ EVENTO MEDELLIN BECAS POR COLOMBIA;NUEVOS MERCADOS;16/04/2026;TRANSPORTE ;575.000,00
1300003127;TRANSPORTES;PASAJES TERRESTRES;abril;COP; VIATICOS BRIGITTE EVENTO BECAS POR COLOMBIA MEDELLIN;NUEVOS MERCADOS;16/04/2026;TRANSPORTE ;0
1000023613;JUEGO QUIEN QUIERE SER MILLONARIO;PROMOCION DIVULGACION;abril;COP; ALQUILER JUEGO QIEN QUIERE SER MILLONALRIO FILBO Generación y adecuación de la experiencia • Ajustes para funcionamiento au;GESTIÓN DE COMUNICACIONES Y PUBLICIDAD;20/04/2026;INSTITUCIONALES ;2.000.000,00
1000023587;Sabores de resistencia;;abril;COP; Compra libros impresos para Biblioteca relacionado en Acta 002 2026 Proveedor Revistas Tecnicas Contacto Daniel Restrepo Montoy;BIBLIOTECA;20/04/2026;LIBROS ;596.640,00
1000023576;Pasabocas (4 por persona) 3 salados y 1;ALIMENTOS (DESAYU-REFRIG-ALMUERZO);abril;COP; SERVICIO DE ALIMENTOS Y BEBIDAS EVENTO IPMA. PROVEEDOR GRUPO RPOMO;GESTIÓN COMERCIAL EVENTOS EXTERNOS;20/04/2026;ALIMENTACION Y REF;30.484.390,00
1000023593;SERV. VIGILANCIA EVENTO EAN TRANSFORMA;VIGILANCIA;abril;COP; SERVICIO APOYO VIGILANCIA EVENTO EAN TRANSFORMA 11.04.2026;GESTIÓN DE INFRAESTRUCTURA Y PLANTA FÍSICA;17/04/2026;ASEO Y CAFETERIA ;93.540,00
1000023612;PASABOCAS DULCES Y SALADOS;ALIMENTOS (DESAYU-REFRIG-ALMUERZO);abril;COP; COCTEL PARA LA CEREMONIA DE DISTINCIONES ABRIL 17. PROVEEDOR GRUPO PROMO.;PROTOCOLO Y GESTIÓN DE EVENTOS INTERNOS;16/04/2026;ALIMENTACION Y REF;8.777.500,00
1000023614;Premios;PREMIOS - BONOS;abril;COP; * 6305080072 PREMIOS, RIFAS Y  1.295.256 ;VICERRECTORÍA DE INNOVACIÓN ACADÉMICA;15/04/2026;BONOS ;0
1000023595;Pago ISBN para pode públicar el Libro Mi;OTROS SERVICIOS;abril;COP; Proveedor Cámara Colombiana del Libro NIT 860.006.601 BP: 1000011607 Servicio:Pago ISBN para pode públicar el Libro Mi vida a;PUBLICACIONES CIENTIFICAS Y DOCENTES;16/04/2026;LICENCIAS Y SUBSCR;81.600,00
1000023615;Pago ISBN Libro Humanise: guía para un “;OTROS SERVICIOS;abril;COP; Proveedor Cámara Colombiana del Libro NIT 860.006.601 BP: 1000011607 Servicio: Pago ISBN para pode públicar el Libro Humanise;PUBLICACIONES CIENTIFICAS Y DOCENTES;17/04/2026;LICENCIAS Y SUBSCR;81.600,00
1300003147;LEGALIZACIÓN FECZ76643;PASAJES AEREOS;abril;COP; LEGALIZACIÓN FECZ76643;RECTORÍA;27/04/2026;VIAJES;1.095.004,00
1300003148;LEGALIZACIÓN FECZ76644;PASAJES AEREOS;abril;COP; LEGALIZACIÓN FECZ76644;RECTORÍA;27/04/2026;VIAJES;524.892,00
1300003149;LEGALIZACIÓN FECZ76645;PASAJES AEREOS;abril;COP; LEGALIZACIÓN FECZ76645;RECTORÍA;27/04/2026;VIAJES;1.191.992,00
1300003180;LEGALIZACION FECZ77074;PASAJES AEREOS;abril;COP; LEGALIZACION FECZ77074;RECTORÍA;27/04/2026;VIAJES;267.560,00
1000023592;CL 71 GERENCIA PROYECTO;;abril;COP; PROYECTO CALLE 71 CONTRATISTA: CIRCULAR LAB OBJETO: GERENCIA DE PROYECTO CALLE 71 VALOR$ 728.037.260 AÑO EJECUCIÓN 2026 CARGU;GESTIÓN DE INFRAESTRUCTURA Y PLANTA FÍSICA;13/05/2026;SERVICIOS PROFESIO;728.037.260,00
1000023596;INTERPRETE LEGUAJE DE SEÑAS;SERVICIOS PARA EVENTOS;abril;COP; SERVICIO DE INTERPRETE DE LENGUAJE DE SEÑAS PARA LA CEREMONIA DISTINCIONES 17 DE ABRIL 2026 PROVEEDOR ANGIE CAROLINA SANCHEZ P;PROTOCOLO Y GESTIÓN DE EVENTOS INTERNOS;21/04/2026;SERVICIOS PROFESIO;200.000,00
1000023597;INTERPRETE LEGUAJE DE SEÑAS;SERVICIOS PARA EVENTOS;abril;COP; SERVICIO DE INTERPRETE DE LENGUAJE DE SEÑAS PARA LA CEREMONIA DISTINCIONES 17 DE ABRIL 2026 PROVEEDOR DAVID CARDENAS MOLINA;PROTOCOLO Y GESTIÓN DE EVENTOS INTERNOS;21/04/2026;SERVICIOS PROFESIO;200.000,00
1000023611;Residuos Orgánicos mes de marzo;TRANSPORTE FLETES ACARREOS;abril;COP; Recolección y transporte de 2.725 kg de residuos orgánicos generados en la universidad durante el mes de marzo.;GESTIÓN DE CALIDAD Y DE LOS PROCESOS;22/04/2026;SERVICIOS PROFESIO;521.585,00
1000023620;APOYO EVENTO;SERVICIOS PARA EVENTOS;abril;COP; SOLICITUD DE SERVICIO DE PERSONAL LOGISTICO Y BRIGADISTAS PARA EVENTO IMPA. PROVEEDOR ADVANTAGE;GESTIÓN COMERCIAL EVENTOS EXTERNOS;17/04/2026;SERVICIOS PROFESIO;2.491.378,00
1300003146; CL 72 PASAJES AEREOS PASTO;;abril;COP; PROYECTO CALLE 72 TIQUETES AEREOS VIAJE AL PUEBLO INGA VALOR $ 5.766.292 VIAJE DEL 24 DE ABRIL AL 28 DE ABRIL CARGUE PRESUPUEST;GESTIÓN DE INFRAESTRUCTURA Y PLANTA FÍSICA;07/05/2026;SERVICIOS PROFESIO;5.766.264,00
1000023605;MOCHILAS;PROMOCION DIVULGACION;abril;COP; SOLICITUD DE SOUVENIR  PARA EL EVENTO IMPA. PROVEEDOR BARACK PUBLICIDAD S.A.S;GESTIÓN COMERCIAL EVENTOS EXTERNOS;16/04/2026;PUBLIC – MATER POP;6.683.040,00
1000023632;PASAPORTES CHOCOZON;INGRESOS TERCEROS;abril;COP; 300 PASAPORTES DE 92 PAGINAS PROVEEDOR: Marketing y publicidad Estrategica Valor total: 5.961.900 IVA INCLUIDO Guias chocozon C;RECTORÍA;21/04/2026;EVENTOS ;5.961.900,00
1000023640;BOG0001118232;;abril;COP; Proveedor: EYS Envíos S.A.S. BP: 1000340074 Desde la Gerencia de Investigación y Transferencia, en el mes de julio de 2025, s;UNIDAD DE DESARROLLO;21/04/2026;ACTIVOS Y/O EQUIPO;1.818.180,00
1000023608;Taller DM - Bogotá - Soacha;PASAJES TERRESTRES;abril;COP; Bogotá, 15 Abril 2026 Señores UNIVERSIDADEAN MAURICIOAVILASANCHEZ Cordial Saludo. Dando respuesta a su solicitud y agradecien;CONTRATACIÓN PÚBLICA;20/04/2026;TRANSPORTE ;350.000,00
1000023616;ACTIVACION STAND;ALQUILER STAND - CARPAS;abril;COP; ACTIVACION STAND FERIA DEL LIBRO;PREGRADO;16/04/2026;INSTITUCIONALES ;21.984.953,00
1000023618;TOGA Y BIRRETE;PROMOCION DIVULGACION;abril;COP; BOTARGA MELI TOGA Y BIRRETE;GESTIÓN DE COMUNICACIONES Y PUBLICIDAD;17/04/2026;INSTITUCIONALES ;2.689.400,00
1000023642;Stickes para oferta y canvas Bienestar U;PROMOCION DIVULGACION;abril;COP; SOLICITUD DE CASOS Actividad:   Stickers para la divulgación de oferta y Canvas Bienestar Descripción:  Compra de stickers in;BIENESTAR UNIVERSITARIO;21/04/2026;IMPRESOS ;546.091,00
1000023621;Desayunos evento HumanPowers;ALIMENTOS (DESAYU-REFRIG-ALMUERZO);abril;COP;;EVALUACIÓN Y DESARROLLO INTEGRAL;20/04/2026;ASEO Y CAFETERIA ;6.075.050,00
1000023641;SERV. VIGILANCIA GRABACION 10.04.2026;VIGILANCIA;abril;COP; SERVICIO VIGILANCIA APOYO GRABACIÓN TELESET 10 DE ABRIL;GESTIÓN DE INFRAESTRUCTURA Y PLANTA FÍSICA;21/04/2026;ASEO Y CAFETERIA ;600.583,00
1000023644;Quinck de pollo con champiñones y ensala;ALIMENTOS (DESAYU-REFRIG-ALMUERZO);abril;COP; REFRIGERIOS PARA LA JORNADA DE COPADEIN PROVEEDOR:GRUPO PROMO;PROTOCOLO Y GESTIÓN DE EVENTOS INTERNOS;17/04/2026;ALIMENTACION Y REF;1.113.790,00
1000023599;Proyecto agrosavia_Compra insumos;INGRESOS TERCEROS;abril;COP; Creación caso:78721. Compra proyecto externo Agrosavia. Recolección una tonelada de Estiércol, en un recipiente de 10 Kg, pa;DIRECCIÓN DE INVESTIGACIONES;16/04/2026;ELEM. LABORATORIO ;1.500.000,00
1000023643;REGULADOR MANOMETROS PURGA;;abril;COP; Elementos de laboratorio (soldadura y mecanizado) Proveedor: Innovalab BP: 1000012129;LABORATORIOS DE INGENIERÍA;22/04/2026;ELEM. LABORATORIO ;5.074.160,00
1000023577;Renovación BD LegisComex por un año;SUSCRIPCIONES BASES DE DATOS;abril;COP; Renovación anual a la suscripción Base de Datos Académica LegisComex por un año, Abril 11 2026 a Abril 10 2027 El valor es;BIBLIOTECA;23/04/2026;LICENCIAS Y SUBSCR;20.577.000,00
1000023579;TIQUETES MEDELLIN BECAS POR COLOMBIA;PASAJES AEREOS;abril;COP; TIQUETES EVENTO MEDELLIN BECAS POR COLOMBIA EDGAR GONZALEZ;NUEVOS MERCADOS;04/05/2026;VIAJES;571.626,00
1300003128;PASAJES AEREOS RIVERA 11 AL 14 DE MARZO;PASAJES AEREOS;abril;COP; NOMBRE DEL PROFESOR: JUAN CARLOS RIVERA RUEDA CC: 79864218 EVENTO: ASAMBLEA AFADECO FECHA IDA Y REGRESO:11 AL 14 DE MARZO DE 20;FACULTAD DE ADMINISTRACION;27/04/2026;VIAJES;793.342,00
1300003129;ALOJAMIENTO RIVERA 11 AL 14 MARZO;ALOJAMIENTO;abril;COP; NOMBRE DEL PROFESOR: JUAN CARLOS RIVERA RUEDA CC: 79864218 EVENTO: ASAMBLEA AFADECO FECHA IDA Y REGRESO:11 AL 14 DE MARZO DE 20;FACULTAD DE ADMINISTRACION;27/04/2026;VIAJES;554.697,00
1300003136;Aeropuerto Bogotá – Casa;PASAJES TERRESTRES;abril;COP; BRAYAN ALEXIS ARIAS MARTINEZ CC. 80031153  23 de abril al 24 de abril IDA REGRESO TOTAL Transporte aeropuerto Bogotá – Casa;CONSULTORIA PRIVADA;17/04/2026;VIAJES;690.000,00
1300003137;Aeropuerto Bogotá – Casa;PASAJES TERRESTRES;abril;COP; JESSICA RUTH PEÑA TORRES CC. 63555368  23 de abril al 24 de abril IDA REGRESO TOTAL Transporte aeropuerto Bogotá – Casa | $;CONSULTORIA PRIVADA;17/04/2026;VIAJES;690.000,00
1300003138;Tiquetes Comfandi Cali - AAGRRQY;PASAJES AEREOS;abril;COP; AAGRRQY - TIQUETES IDA Y VUELTA BOGOTÁ - CALI (Comfandi) BRAYAN ALEXIS ARIAS MARTINEZ CC. 80031153 JESSICA RUTH PEÑA TORRES C;CONSULTORIA PRIVADA;27/05/2026;VIAJES;2.050.336,00
1300003139;ALOJAMIENTO CALI ABR - BRAYAN ARIAS;ALOJAMIENTO;abril;COP; Hospedaje | Brayan Arias Hotel Chipichape CALI 1 noche CHECK IN: jueves, 23 abril 2026 ACOMODACIÓN CHECK OUT: viernes, 24 abri;CONSULTORIA PRIVADA;27/05/2026;VIAJES;305.168,00
1300003151;LEGALIZACIÓN FECZ77075;PASAJES AEREOS;abril;COP; LEGALIZACIÓN FECZ77075;RECTORÍA;27/04/2026;VIAJES;489.900,00
1300003152;LEGALIZACIÓN FECZ77337;PASAJES AEREOS;abril;COP; LEGALIZACIÓN FECZ77337;RECTORÍA;27/04/2026;VIAJES;218.770,00
1300003153;LEGALIZACION FECZ77504;PASAJES AEREOS;abril;COP; LEGALIZACION FECZ77504;RECTORÍA;27/04/2026;VIAJES;780.127,00
1300003154;Alojamiento Julián Segura en Lleida;INGRESOS TERCEROS;abril;COP;" Pago por RESERVA DE ALOJAMIENTO en el B<(>&<)>B HOTEL LLEIDA, para JULIAN FELIPE SEGURA CONTRERAS, quien participó en la ""Misi";GERENCIA DE INTERNACIONALIZACIÓN Y RELACIONES INSTITUCIONALES;29/04/2026;VIAJES;2.765.152,00
1300003155;Alojamiento William López en Lleida;INGRESOS TERCEROS;abril;COP;" Pago por RESERVA DE ALOJAMIENTO en el B<(>&<)>B HOTEL LLEIDA, para WILLIAM LÓPEZ CASTRILLÓN, quien participó en la ""Misión";GERENCIA DE INTERNACIONALIZACIÓN Y RELACIONES INSTITUCIONALES;29/04/2026;VIAJES;2.765.152,00
1300003171;LEGALIZACION FECZ77744;PASAJES AEREOS;abril;COP; LEGALIZACION FECZ77744;RECTORÍA;27/04/2026;VIAJES;650.132,00
1300003172;LEGALIZACION FECZ77761;PASAJES AEREOS;abril;COP; LEGALIZACION FECZ77761;RECTORÍA;27/04/2026;VIAJES;1.082.487,00
1300003173;LEGALIZACION FECZ77713;INGRESOS TERCEROS;abril;COP; LEGALIZACIÓN FECZ77713;RECTORÍA;27/04/2026;VIAJES;303.947,00
1300003174;LEGALIZACION FECZ77764;PASAJES AEREOS;abril;COP; LEGALIZACIÓN FECZ77764;RECTORÍA;27/04/2026;VIAJES;941.551,00
1300003175;LEGALIZACION FECZ77767;PASAJES AEREOS;abril;COP; LEGALIZACIÓN FECZ77767;RECTORÍA;27/04/2026;VIAJES;136.783,00
1300003176;LEGALIZACION FECZ77836;PASAJES AEREOS;abril;COP; LEGALIZACION FECZ77836;RECTORÍA;27/04/2026;VIAJES;3.109.887,00
1300003177;LEGALIZACIÓN FECZ77962;PASAJES AEREOS;abril;COP; LEGALIZACIÓN FECZ77962;RECTORÍA;27/04/2026;VIAJES;610.518,00
1300003181;LEGALIZACION FECZ76079;PASAJES AEREOS;abril;COP; LEGALIZACION FECZ76079;RECTORÍA;27/04/2026;VIAJES;1.326.714,00
1300003183;Alojamiento Lucy Guerreo en Cali;ALOJAMIENTO;abril;COP; Pago por RESERVA DE ALOJAMIENTO en el Hotel TRU BY HILTON CALI SUR para LUCY ESTELA GUERRERO LINDARTE, quien participó en la A;GERENCIA DE INTERNACIONALIZACIÓN Y RELACIONES INSTITUCIONALES;27/04/2026;VIAJES;654.772,00
1300003184;Alojamiento Diana Figueroa en Monterrey;ALOJAMIENTO;abril;COP; Pago por RESERVA DE ALOJAMIENTO en el Hotel ONE MONTERREY TECNOLOGICO para DIANA PAOLA FIGUEROA HERNÁNDEZ y DARIO MAURICIO REY;GERENCIA DE INTERNACIONALIZACIÓN Y RELACIONES INSTITUCIONALES;27/04/2026;VIAJES;3.848.559,00
1300003190;ALOJAMIENTO CALI ABR-JESSICA PEÑA;ALOJAMIENTO;abril;COP; Hospedaje | Jessica Peña Hotel Chipichape CALI 1 noche CHECK IN: jueves, 23 abril 2026 ACOMODACIÓN CHECK OUT: viernes, 24 abr;CONSULTORIA PRIVADA;27/05/2026;VIAJES;305.168,00
1300003200;PASAJES AEREOS RODRIGUEZ 06 AL 08 MARZO;PASAJES AEREOS;abril;COP; NOMBRE DEL PROFESOR: RODRIGUEZ BENAVIDES CARLOS EDUARDO CC: 80087985 UNIDAD DE ESTUDIO: POP ELEC III COSTOS Y PRESUP MBAS M2G1;FACULTAD DE ADMINISTRACION;27/04/2026;VIAJES;756.942,00
1300003201;PASAJES AEREOS RODRIGUEZ 15 MARZO;PASAJES AEREOS;abril;COP; NOMBRE DEL PROFESOR: RODRIGUEZ BENAVIDES CARLOS EDUARDO CC: 80087985 UNIDAD DE ESTUDIO: POP ELEC III COSTOS Y PRESUP MBAS M2G1;FACULTAD DE ADMINISTRACION;27/04/2026;VIAJES;744.380,00
1300003202;PASAJES AEREOS RODRIGUEZ 13 MARZO;PASAJES AEREOS;abril;COP; NOMBRE DEL PROFESOR: RODRIGUEZ BENAVIDES CARLOS EDUARDO CC: 80087985 UNIDAD DE ESTUDIO: POP ELEC III COSTOS Y PRESUP MBAS M2G1;FACULTAD DE ADMINISTRACION;27/04/2026;VIAJES;396.710,00
1000023604;Asistente en stage con conocimiento y ma;SERVICIOS PARA EVENTOS;abril;COP; SOLICITUD DE SERVICIO DE CAMAROGRAFOS PARA EVENTO IPMA.  PROVEEDOR CAMILO PINZON .;GESTIÓN COMERCIAL EVENTOS EXTERNOS;28/04/2026;SERVICIOS PROFESIO;1.050.000,00
1000023606;SERVICIO DE FOTOGRAFO PARA EVENTO;SERVICIOS PARA EVENTOS;abril;COP; SERVICIO DE FOTOGRAFIA IPMA. PROVEEDOR SERGIO ESTEBAN CORREA TAPIAS;GESTIÓN COMERCIAL EVENTOS EXTERNOS;21/04/2026;SERVICIOS PROFESIO;1.000.000,00
1000023619;CL 72 RESIDENTE SISOMA PROFESIONAL 2026;;abril;COP; PROYECTO CALLE 72 CONTRATISTA MAAT SOLUCIONES AMBIENTALES SAS OBJETO: SERVICIO DE GESTIÓN DE SEGURIDAD Y SALUD EN EL TRABAJO Y;GESTIÓN DE INFRAESTRUCTURA Y PLANTA FÍSICA;29/05/2026;SERVICIOS PROFESIO;525.689.640,00
1000023622;Alquiler de maquina crispetera;ALIMENTOS (DESAYU-REFRIG-ALMUERZO);abril;COP; Servicio de Alquiler de maquina crispetera con operadores para entregar hasta 1,000 crispetas. Jornada  de 9:30 AM A 12 PM;OFICINA DE PROYECTOS PMO;17/04/2026;SERVICIOS PROFESIO;1.428.000,00
1000023623;activación Renovación Acreditación Insti;PROMOCION DIVULGACION;abril;COP; Branding activación Renovación Acreditación Institucional;OFICINA DE PROYECTOS PMO;27/05/2026;SERVICIOS PROFESIO;9.810.624,00
1000023631;CL 72  GERENCIA PROYECTO 2026;;abril;COP; PROYECTO CALLE 72 CONTRATISTA CIRCULAR LAB OBJETO: GERENCIA DEL PROYECTO CALLE 72 VALOR $ 3.973.573.215 VIGENCIA 28 MESES CARGU;GESTIÓN DE INFRAESTRUCTURA Y PLANTA FÍSICA;13/05/2026;SERVICIOS PROFESIO;3.973.573.215,00
1000023650;Asistente en stage con conocimiento y ma;SERVICIOS PARA EVENTOS;abril;COP; SOLICITUD DE SERVICIO DE CAMAROGRAFOS PARA EVENTO EDELMAN.  PROVEEDOR CAMILO PINZON;GESTIÓN COMERCIAL EVENTOS EXTERNOS;17/04/2026;SERVICIOS PROFESIO;760.000,00
1000023633;MTTO. JARDINERA ZONA GALERIA;SERVICIO MANTO. CONSTRUCCIONES Y EDIFICA;abril;COP; MANTENIMINENTO JARDINERA ZONA GALERIA PISO 2 LEGACY, CAMBIO DE PLANTAS;GESTIÓN DE INFRAESTRUCTURA Y PLANTA FÍSICA;24/04/2026;SRV MTTO INFRAESTR;1.986.600,00
1000023635;SERV DISPOSICION DE ESCOMBRO Y VIDRIO FU;SERVICIO MANTO. CONSTRUCCIONES Y EDIFICA;abril;COP; SERVICIO DE DISPOSICION ESCOMBRO Y VIDRIO EFICIO FUNDADORES, PROVEEDOR: SAID, VALOR: $650.000, CASO: 78838;GESTIÓN DE INFRAESTRUCTURA Y PLANTA FÍSICA;20/04/2026;SRV MTTO INFRAESTR;650.000,00
1000023636;SERV SUMI E INST MEDIDORES DE AGUA;SERVICIO MANTO. CONSTRUCCIONES Y EDIFICA;abril;COP; SERVICIO SUMINISTRO E INSTALACION MEDIDORES DE AGUA CEFETERIAS FRUTICE, PROVEEDOR: ARBOMBAS, VALOR: $1.708.959, CASO:78855;GESTIÓN DE INFRAESTRUCTURA Y PLANTA FÍSICA;21/04/2026;SRV MTTO INFRAESTR;1.708.959,00
1000023624;PAYU;HONORARIOS;abril;COP; PayU Colombia S.A.S Cobro 1.200 transacciones;DIRECCIÓN DE RECURSOS FINANCIEROS;27/04/2026;OUTSOURCING ;8.778.569,00
1000023625;EDTECH MARZO 2026;HONORARIOS;abril;COP; EDTECH SOLUCIONES DE COLOMBIA SAS 20 solicitudes realizadas en el mes de Marzo 2026  c/u 42.490,20;DIRECCIÓN DE RECURSOS FINANCIEROS;27/04/2026;OUTSOURCING ;849.804,00
1000023645;Barra de sodas;ALIMENTOS (DESAYU-REFRIG-ALMUERZO);abril;COP; SERVICIO DE ALIMENTOS Y BEBIDAS  GRABACION DOS KE TRES. PROVEEDOR GRUPO PROMO;GESTIÓN COMERCIAL EVENTOS EXTERNOS;21/04/2026;ALIMENTACION Y REF;225.720,00
1000023647;ACEITE LM;ALIMENTOS (DESAYU-REFRIG-ALMUERZO);abril;COP;" ""MOTIVO: Compra de Aceite de Oliva ExtraVirgen - Evento LM FECHA: 24 de abril PROVEEDOR: COMERCIALIZADORA Y DISTRIBUIDORA  - BP";FACULTAD DE HUMANIDADES Y CIENCIAS SOCIALES;21/04/2026;ALIMENTACION Y REF;200.000,00
1000023646;SOFTWARE HISTORIAS CLINICAS;LICENCIAS Y SOFTWARE;abril;COP; MOTIVO: Renovación de Licencia de Historias Clinicas del CAP PROVEEDOR: LOGAN IT SOLUTIONS SAS - BP: 1000150912 VALOR: $24.173;FACULTAD DE HUMANIDADES Y CIENCIAS SOCIALES;29/04/2026;LICENCIAS Y SUBSCR;24.173.000,00
1000023634;HERRAMIENTAS Y ACCESORIOS;;abril;COP; COMPRA DE 1.000 PINES PARA GRADOS PROVEEDOR  PRISMARK;PROTOCOLO Y GESTIÓN DE EVENTOS INTERNOS;23/04/2026;GRADOS Y EVENTOS ;15.470.000,00
1000023648;EXAMENES LM;EXAMENES LENGUAS EXTRANJERAS;abril;COP;" ""MOTIVO: Compra de examenes de LM PROVEEDOR: INTEGRAL EDUCATION - BP: 1000353625 VALOR: $5.998.860""";FACULTAD DE HUMANIDADES Y CIENCIAS SOCIALES;29/04/2026;SERVICIOS PROFESIO;5.998.860,00
1000023662;Participación evento Cumbre Ibague;INSCRIPCION EVENTOS NACIONAL - INTERNACI;abril;COP; Con el objeto de participar como expositor y/o patrocinador en la Cumbre Glocal de Economía Circular - Nova Next Summit, organ;CONTRATACIÓN PÚBLICA;23/04/2026;EVENTOS ;7.140.000,00
1000023626;SERV. VIGILANCIA EVENTO IPMA;VIGILANCIA;abril;COP; SERVICIO VIGILANCIA APOYO EVENTO IPMA 15 AL 17 DE ABRIL;GESTIÓN DE INFRAESTRUCTURA Y PLANTA FÍSICA;22/04/2026;SRV MTTO INFRAESTR;556.289,00
1000023627;SERV. VIGILANCIA GRABACION 11.04.2026;VIGILANCIA;abril;COP; SERVICIO VIGILANCIA APOYO GRABACION 12.04.2026;GESTIÓN DE INFRAESTRUCTURA Y PLANTA FÍSICA;22/04/2026;SRV MTTO INFRAESTR;1.161.777,00
1000023639;INSTALACION SOPORTE LUCES AUDI FUNDADORE;SERVICIO MANTO. CONSTRUCCIONES Y EDIFICA;abril;COP; SERVICIO FABRICACION E INSTALACION DE SOPORTE LUCES PARA AUDITORIO FUNDADORES, PROVEEDOR: ICRAM, VALOR: $2.904.790, CASO: 78916;GESTIÓN DE INFRAESTRUCTURA Y PLANTA FÍSICA;21/04/2026;SRV MTTO INFRAESTR;2.904.790,00
1000023649;SERV MTTO CORREC PUERTA SALIDA VEHICULAR;SERVICIO MANTO. CONSTRUCCIONES Y EDIFICA;abril;COP; SERVICIO DE MTTO CORRECTIVO SENSOR PUERTA SALIDA VEHICULAR, PROVEEDOR: ICRAM, VALOR: $1.184.407, CASO:78895;GESTIÓN DE INFRAESTRUCTURA Y PLANTA FÍSICA;21/04/2026;SRV MTTO INFRAESTR;1.184.407,00
1000023670;SUMI E INST DE CANALIZACON JUNTA EDIFICI;SERVICIO MANTO. CONSTRUCCIONES Y EDIFICA;abril;COP; SERVICIO SUMINISTRO E INSTALACION DE CANALIZACION FILTRACION JUNTA EDIFICIOS SOTANO 1, PROVEEDOR: ICRAM, VALOR: $3.786.580, CAS;GESTIÓN DE INFRAESTRUCTURA Y PLANTA FÍSICA;21/04/2026;SRV MTTO INFRAESTR;3.786.580,00
1000023671;SERV MTTO CORREC PUERTAS CAF LA REGIONAL;SERVICIO MANTO. CONSTRUCCIONES Y EDIFICA;abril;COP; SERVICIO DE MTTO CORRECTIVO PUERTAS CEFETERIA LA REGIONAL, PROVEEDOR: SECURITY WINDOWS, VALOR: $773.500, CASO:78923;GESTIÓN DE INFRAESTRUCTURA Y PLANTA FÍSICA;21/04/2026;SRV MTTO INFRAESTR;773.500,00
1000023672;SERV MTTO CORRECTIVO SECADORES DE MANOS;SERVICIO MANTO. CONSTRUCCIONES Y EDIFICA;abril;COP; SERVICIO DE MTTO CORRECTIVO SECADORES DE MANOS CORONA, PROVEEDOR: ICRAM, VALOR: $866.600, CASO:78927;GESTIÓN DE INFRAESTRUCTURA Y PLANTA FÍSICA;21/04/2026;SRV MTTO INFRAESTR;866.600,00
1000023673;SERV CAMBIO DE LAMPARAS TABLERO AGU TRAT;MANTENIMIENTO MAQUINARIA Y EQUIPO;abril;COP; SERVICIO CAMBIO DE LAMPARAS PILOTOS TABLERO ELECTRICO AGUA TRATADA, PROVEEDOR: ARBOMBAS, VALOR: $95.200, CASO: 78931;GESTIÓN DE INFRAESTRUCTURA Y PLANTA FÍSICA;21/04/2026;SRV MTTO INFRAESTR;95.200,00
1000023674;SERV SUMI E INST SEÑAL EMERGEN ASC FUN;SERVICIO ACCESORIOS Y ELEMEN DECORATIVOS;abril;COP; SERVICIO SUMINISTRO E INSTALACION DE SEÑALIZACION CASO DE EMERGENCIA ASC FUNDADORES + 3 ACRILICOS PARA LAMPARAS, PROVEEDOR: KA;GESTIÓN DE INFRAESTRUCTURA Y PLANTA FÍSICA;21/04/2026;SRV MTTO INFRAESTR;665.210,00
1000023676;SERV SUMI E INST PISO CAFE P8 FUN;SERVICIO MANTO. CONSTRUCCIONES Y EDIFICA;abril;COP; SERVICIO SUMINISTRO E INSTALACION DE PISO CAFETERIA P8 FUNDADORES, PROVEEDOR: EXPOPISOS, VALOR:$2.082.500, CASO: 78937;GESTIÓN DE INFRAESTRUCTURA Y PLANTA FÍSICA;21/04/2026;SRV MTTO INFRAESTR;2.082.500,00
1000023677;SERV SUMI E INST LAMPARAS SPOT AUDI FUN;SERVICIO MANTO. CONSTRUCCIONES Y EDIFICA;abril;COP; SUMINISTRO E INSTALACION DE LAMPARAS SPOT CUADROS AUDITORIO FUNADORES, PROVEEDOR: HIGH LIGHTS, VALOR: $1.648.150, CASO:78938;GESTIÓN DE INFRAESTRUCTURA Y PLANTA FÍSICA;21/04/2026;SRV MTTO INFRAESTR;1.648.150,00
1000023637;TRANSPORTE MATERIAL;CORREO, PORTES Y TELEGRAMAS;abril;COP; TRANSPORTE MATERIAL FILBO DIA 2 DE ABRIL 2PM;POSGRADO;24/04/2026;TRANSPORTE ;380.000,00
1000023651;Actualización de software y baterías;;abril;COP; Actualización de Software y bateria de DEA VHF LTDA Mediciones Médicas;SISTEMA DE GESTIÓN DE LA SEGURIDAD Y SALUD EN EL TRABAJO;27/04/2026;DOTACIÓN Y ELEM. D;1.602.562,00
1000023690;STREBITO Small PrecisionScrewdriver Se;;abril;USD; Proveedor Amazón BP: 1000254772 Compras Materiales de Laboratorio y Herramientas: 1- Serial Bus Servo with Metal Gear, 360° R;UNIDAD DE DESARROLLO;28/04/2026;ELEM. FERRETERIA C;186,09
1000023638;ALIMENTACION;ALIMENTOS (DESAYU-REFRIG-ALMUERZO);abril;COP; ALIMENTACIO EQUIPO FILBO;POSGRADO;21/04/2026;ALIMENTACION Y REF;9.673.558,00
1000023652;620 REFRIGERIOS TRADING;ALIMENTOS (DESAYU-REFRIG-ALMUERZO);abril;COP; 620 REGRIFERIOS - DIPLOMADO TRADING E INVERSIONES PROM XIV CON EL PROVEEDOR LA FOCACCIA. EDUCACIÓN CONTINUA.  SALDO PENDIENTE;EDUCACIÓN CONTINUADA PROYECTOS;05/05/2026;ALIMENTACION Y REF;10.603.800,00
1000023675;ALIMENTACION;ALIMENTOS (DESAYU-REFRIG-ALMUERZO);abril;COP; ALIMENTACION EQUIPO FILBO;PUBLICACIONES CIENTIFICAS Y DOCENTES;21/04/2026;ALIMENTACION Y REF;9.673.558,00
1000023680;ESTACION DE CAFE;ALIMENTOS (DESAYU-REFRIG-ALMUERZO);abril;COP; SOLICITUD ADICIONALES DE SERVICIO DE ALIMENTACIÓN EVENTO CONEXIÓN 2026 CANAL UNO .PROVEEDOR GRUPO PROMO.;GESTIÓN COMERCIAL EVENTOS EXTERNOS;21/04/2026;ALIMENTACION Y REF;1.190.440,00
1000023681;BARRA DE SODA;ALIMENTOS (DESAYU-REFRIG-ALMUERZO);abril;COP; SOLICITUD DE SERVICIO DE ALIMENTACIÓN EVENTO TERCERA TEMPORADA PETROVERSO .PROVEEDOR GRUPO PROMO.;GESTIÓN COMERCIAL EVENTOS EXTERNOS;21/04/2026;ALIMENTACION Y REF;126.900,00
1000023683;Barra de sodas;ALIMENTOS (DESAYU-REFRIG-ALMUERZO);abril;COP; SERVICIO DE ALIMENTOS Y BEBIDAS EVENTO WOMAN EQUITY TECH NEUROSER. PROVEEDOR GRUPO PROMO;GESTIÓN COMERCIAL EVENTOS EXTERNOS;27/04/2026;ALIMENTACION Y REF;453.600,00
1000023679;Serial Bus Servo with MetalGear, 360°;;abril;USD; Proveedor Amazón BP: 1000254772 Compras: 1- BTF-LIGHTING WS2812B ECO RGB LED Strip,UL Listed,Individually Addressable,16.4FT 6;UNIDAD DE DESARROLLO;05/05/2026;ELEM. LABORATORIO ;149,99
1000023609;VALOR TOTAL CARGA;BONOS SODEXHO ;abril;COP;;FACULTAD DE INGENIERÍA;21/04/2026;BONOS ;9.749.270,00
1000023660;Conciliacion TC 1226 BC pauta TikTok;AVISOS Y PROPAGANDA;abril;COP; Automatización de campañas de EanX por medio de software de gestión de la red social TIKTOK;EAN X PROYECTOS;24/04/2026;LICENCIAS Y SUBSCR;134.470,00
1000023661;Conciliacion TC 1226 BC pauta FB;AVISOS Y PROPAGANDA;abril;USD; Automatización de campañas de EanX por medio de software de gestión de la red social FACEBOOK, TIKTOK PROMOTE, MANYCHAT y EL;EAN X PROYECTOS;24/04/2026;LICENCIAS Y SUBSCR;1.544,88
1300003185;LEGALIZACIÓN 28777025;PASAJES AEREOS;abril;COP; LEGALIZACIÓN 28777025;RECTORÍA;27/04/2026;VIAJES;120.000,00
1000023678;activación Renovación Acreditación Insti;PROMOCION DIVULGACION;abril;COP; Servicios de promoción y divulgación para la activación de la Renovación de Acreditación Institucional el miércoles 22 de;OFICINA DE PROYECTOS PMO;21/04/2026;SERVICIOS PROFESIO;750.000,00
1000023682;APOYO EVENTO;SERVICIOS PARA EVENTOS;abril;COP;;GESTIÓN COMERCIAL EVENTOS EXTERNOS;21/04/2026;SERVICIOS PROFESIO;3.265.360,00
1000023684;Operador de dispositivos multimedia.;SERVICIOS PARA EVENTOS;abril;COP; SOLICITUD DE SERVICIO DE CAMAROGRAFOS PARA EVENTO WOMAN EQUITY TECH NEUROSER.  PROVEEDOR CAMILO PINZON .;GESTIÓN COMERCIAL EVENTOS EXTERNOS;27/05/2026;SERVICIOS PROFESIO;1.010.000,00
1000023706;CAMBIO DE TARJETA SISTEMA CITOFONIA;MANTENIMIENTO MAQUINARIA Y EQUIPO;abril;COP; SERVICIO DE MTTO CORRECTIVO CAMBIO DE TARJETA CITOFONIA Y PULSADOR ASC FUNDADORES, PROVEEDOR: SCHINDLER, VALOR: $2.774.401, CAS;GESTIÓN DE INFRAESTRUCTURA Y PLANTA FÍSICA;23/04/2026;SRV MTTO INFRAESTR;2.774.399,00
1000023658;Trans-21y22Bog, Mosq, Caparr, Gua, Vianí;PASAJES TERRESTRES;abril;COP; COTIZACIÓN – Servicio de transporte Bogotá – Guaduas – Caparrapí  Detalle del servicio                      Tipo de ve;CONTRATACIÓN PÚBLICA;23/04/2026;TRANSPORTE ;1.900.000,00
1000023659;Act. Caract. Valoriz. Energ. – Tausa;PASAJES TERRESTRES;abril;COP;  Señores UNIVERSIDADEAN MAURICIOAVILA Cordial Saludo. Dando respuesta a su solicitud y agradeciendo su interés por nuestra em;CONTRATACIÓN PÚBLICA;23/04/2026;TRANSPORTE ;650.000,00
1000023703;TRANSPORTES;TAXIS BUSES;abril;COP; SOLICITUD TRANSPORTE Solicitud recorrido alacaldías 21 DE ABRIL;REGIONES;21/04/2026;TRANSPORTE ;600.000,00
1000023707;FINCOVAL GESTION COBRO MARZO 2026;HONORARIOS;abril;COP; FINCOVAL S.A.S. Gestión Cobro Marzo 2026;DIRECCIÓN DE RECURSOS FINANCIEROS;27/04/2026;OUTSOURCING ;1.479.370,00
1000023708;FINCOVAL COMISION MARZO 2026;HONORARIOS;abril;COP; FINCOVAL S.A.S. Comisión Gestion cobro Marzo 2026;DIRECCIÓN DE RECURSOS FINANCIEROS;27/04/2026;OUTSOURCING ;1.173.906,00
1000023710;Rec. Mosquera – Guaduas  - Villeta;PASAJES TERRESTRES;abril;COP; Bogotá, 17 Abril 2026 Señores UNIVERSIDADEAN MAURICIOAVILA Cordial Saludo. Dando respuesta a su solicitud y agradeciendo su i;CONTRATACIÓN PÚBLICA;23/04/2026;TRANSPORTE ;1.850.000,00
1000023711;TRANSPORTE MIEMBROS SALA GENERAL;PASAJES TERRESTRES;abril;COP; SEGUN CUENTA DE COBRO 72 SERVICIO DE TRANSPORTE MIEMBROS SALA GENERAL ABRIL DE 2026;SALA GENERAL;22/04/2026;TRANSPORTE ;3.940.000,00
1000023665;obsequios;PROMOCION DIVULGACION;abril;COP; Cafe del Huila - Regalos corporativos;CONSULTORIA PRIVADA;06/05/2026;INSTITUCIONALES ;2.800.000,00
1000023705;AGUA;COCTEL - ESTACION (CAFE, AROMATICA, AGUA;abril;COP; AGUA Y MENTAS EQUIPO EXPOSITOR FILBO;PREGRADO;22/04/2026;INSTITUCIONALES ;209.080,00
1000023628;Solicitud compra 34 refrigerios;ALIMENTOS (DESAYU-REFRIG-ALMUERZO);abril;COP; Solicitud compra de 34refrigerios evento bootcamp 22deabril responsable Maria Fernanda Rodriguez cel:3044777495 el proveedor so;DESARROLLO CURRICULAR, ASSESSMENT CENTER Y ASEGURAMIENTO DE LA CALIDAD ACADÉMICA;22/04/2026;ALIMENTACION Y REF;227.800,00
1000023663;Refrigerios IA DECAMERON;ALIMENTOS (DESAYU-REFRIG-ALMUERZO);abril;COP; formalmente informo la gestión del pedido correspondiente a la adquisición de 13 refrigerios destinados al Taller aplicado so;FORMACIÓN A LA MEDIDA;24/04/2026;ALIMENTACION Y REF;262.200,00
1000023700;REFRIGERIO;COCTEL - ESTACION (CAFE, AROMATICA, AGUA;abril;COP; refrigerio Avances en acercamientos con IDPAC para posible alianza;PREGRADO;23/04/2026;ALIMENTACION Y REF;359.960,00
1000023654;eufyMake UV Ink Cartridge (CMYKWG) for;;abril;USD; Proveedor: EUFY BP: 1000332990 Compra de Materiales de Laboratorio: 1- eufyMake UV Ink Cartridge (CMYKWG) for UV Printer E1 UV;UNIDAD DE DESARROLLO;12/05/2026;ELEM. LABORATORIO ;491,08
1000023685;60ml Syringe for Liquid,20Pack Large P;;abril;USD; Proveedor Amazón BP: 1000254772 Compras Materiales de Laboratorio 1- 60ml Syringe for Liquid,20 Pack Large Plastic Syringes wi;UNIDAD DE DESARROLLO;22/04/2026;ELEM. LABORATORIO ;114,43
1000023702;CILINDRO EN ACERO AL C DE40 LITROS;;abril;COP; Compra de: Cilindro  + Mezcla (Argón + Co2) (Cryomig) soldadura Proveedor: Potentis SAS BP: 1000334019;LABORATORIOS DE INGENIERÍA;24/04/2026;ELEM. LABORATORIO ;2.278.731,00
1000023653;Pago membresia ASOCOPI 2026;AFILIACIONES MEMBRESIAS INTERNACIONALES;abril;COP; Pago membresia ASOCOPI 2026. Valor solped: 1.650.000 COP;GERENCIA DE INTERNACIONALIZACIÓN Y RELACIONES INSTITUCIONALES;22/04/2026;LICENCIAS Y SUBSCR;1.650.000,00
1000023629;POLIZA;SEGUROS POLIZAS CUMPLIMIENTO;abril;COP;  Póliza de seriedad de la Oferta Licitación Pública Secretaria Distrital de Gobierno SDG. SDG-SAMC-02-2026;DIRECCIÓN DE EXTENSIÓN COMERCIAL;22/04/2026;SEGUROS;96.834,00
1000023701;44 UNIDADES IO 25001212;SEGUROS  POLIZAS;abril;COP; Compra de Pólizas de seguro para programas de Educación Continua. Nro. 18-68-1000001091 - Anexo 9 Cantidad: 137 Valor total $;EDUCACIÓN CONTINUADA PROYECTOS;23/04/2026;SEGUROS;479.500,00
1000023709;MANUTENCION VILLAVICENCIO;MANUTENCION;abril;COP; VIATICOS ANDRES OTALORA VILLAVICENCIO ACOMPAÑAMIENTO BECAS POR COLOMBIA;RECTORÍA;22/04/2026;VIAJES;285.000,00
1300003186;HOSPEDAJE;ALOJAMIENTO;abril;COP; HOSPEDAJE JUAN CARLOS LINARES BIZ FEST MEDELLIN ABRIL 2026;POSGRADO;11/05/2026;VIAJES;458.214,00
1300003187;HOSPEDAJE;ALOJAMIENTO;abril;COP; HOSPEDAJE MARIA FERNANDA ROZO NEIVA;NUEVOS MERCADOS;11/05/2026;VIAJES;371.054,00
1300003188;HSPEDAJE;ALOJAMIENTO;abril;COP; HOSPEDAJE EDGAR GONZALEZ NEIVA;NUEVOS MERCADOS;11/05/2026;VIAJES;371.053,00
1300003189;MANUTENCION MONTERIA;MANUTENCION;abril;COP; GASTOS DE VIAJE ANDRES OTALORA MONTERIA BECAS POR COLOMBIA;RECTORÍA;22/04/2026;VIAJES;285.000,00
1000023655;RCCP_2025.5_Analysis_content_generated_B;HONORARIOS GESTION DEL CONOCIMIENTO;abril;COP; TVAINS INTERNATIONAL S.A.S. BP: 1000266233 Cotización 33722 Servicio Profesional de Corrección de Estilo: 1- RCCP_2025.5  Ana;PUBLICACIONES CIENTIFICAS Y DOCENTES;23/04/2026;SERVICIOS PROFESIO;2.549.463,00
1000023656;Ontop Sign January;HONORARIOS;abril;USD; ONTOP - Membership fees;SELECCIÓN DEL TALENTO Y CALIDAD DE VIDA;24/04/2026;SERVICIOS PROFESIO;1.040,00
1000023657;Corazones Blancos;PROMOCION DIVULGACION;abril;COP; Compra de Corazonez Blanco ÁFAN GRÁFICO;DIRECCIÓN DE EXPERIENCIA ESTUDIANTIL;22/04/2026;SERVICIOS PROFESIO;5.117.000,00
1000023664;Factores que inciden en la innovación em;HONORARIOS GESTION DEL CONOCIMIENTO;abril;COP; Proveedor: JUAN CARLOS VELÁSQUEZ SÁNCHEZ RUT: 80227806 BP: 1000011348 Servicio Profesionas Corrección de estilo 82 páginas,;PUBLICACIONES CIENTIFICAS Y DOCENTES;22/04/2026;SERVICIOS PROFESIO;1.173.920,00
1000023666;Cursos de confección Bolsas tote bag;HONORARIOS GESTION DEL CONOCIMIENTO;abril;COP; Caso mesa de servicios:79120. Cursos de confección de bolsas tipo tote bag. Cada sesión tiene una duración de tres horas, co;UNIDAD DE DESARROLLO;24/04/2026;SERVICIOS PROFESIO;2.100.000,00
1000023667;Taller tulas;HONORARIOS GESTION DEL CONOCIMIENTO;abril;COP; Caso mesa de servicios:79085. Talleres de sublimación: 1.Taller de tulas 2.Taller de tote bags Proveedor: Jonathan Estiven Rin;UNIDAD DE DESARROLLO;22/04/2026;SERVICIOS PROFESIO;744.000,00
1000023704;Factura Godoy Cordba  - FEV181070;HONORARIOS ASESORIA JURIDICA;abril;COP;;SELECCIÓN DEL TALENTO Y CALIDAD DE VIDA;22/04/2026;SERVICIOS PROFESIO;7.588.963,00
1000023688;SUMI E INST TANQUE HIDROFLOU - POTABLE;MANTENIMIENTO MAQUINARIA Y EQUIPO;abril;COP; SUMINISTRO E INSTALACION DE TANQUE DIAFRAGMA HIDROFLOU PARA EQUIPOS DE PRESION AGUA POTABLE, PROVEEDOR: ARBOMBAS, VALOR: $3.861;GESTIÓN DE INFRAESTRUCTURA Y PLANTA FÍSICA;23/04/2026;SRV MTTO INFRAESTR;3.861.084,00
1000023712;EQUIPO DE ALMACENAMIETO NAS 150 TB;;abril;COP; EQUIPO DE ALMACENAMIENTO NAS 2026  Supervisor: Jair Vanegas  Proveedor: GLOBAL SISTEMAS.  Valor de la compra: COP $58.376.392;INFRAESTRUCTURA Y TELECOMUNICACIONES;15/05/2026;HARDWARE ;58.376.392,00
1000023732;Weller 70 Watt Digital;;abril;USD; Proveedor Amazón BP: 1000254772 Compras Activo de Menor Cuantia y Herramientas de Laboratorio 1- Weller 70 Watt Digital Solder;UNIDAD DE DESARROLLO;29/04/2026;ACTIVOS Y/O EQUIPO;180,78
1000023720;Taller Especial Cárcel de Chiquinquirá;PASAJES TERRESTRES;abril;COP; Bogotá, 22 Abril 2026 Señores UNIVERSIDADEAN MAURICIOAVILA Cordial Saludo. Dando respuesta a su solicitud y agradeciendo su i;CONTRATACIÓN PÚBLICA;23/04/2026;TRANSPORTE ;1.450.000,00
1000023721;Salida de campo;PASAJES TERRESTRES;abril;COP; Transporte, salida de campo metro de Bogotá.;FACULTAD DE INGENIERÍA;23/04/2026;TRANSPORTE ;700.000,00
1000023689;CHALECOS;OTROS SERVICIOS;abril;COP; Chaleco verde tipo periodista, sin tanto bolsillo con logo en el frente EAN;GESTIÓN DE MEDIOS;08/05/2026;INSTITUCIONALES ;541.450,00
1000023730;Libro Sostenibilidad para el Emprendimie;IMPRESOS PUBLICACIONES;abril;COP; Proveedor Innova Milenio Nit 901373027 BP: 1000315442 Servicios de Impresos y Publicaciones El libro Sostenibilidad para el Emp;PUBLICACIONES CIENTIFICAS Y DOCENTES;04/05/2026;IMPRESOS ;11.850.000,00
1000023731;ACCA - Applied Knowledge;;abril;EUR; Compra INV-94355 14/04/2026 697,68 TRM libras 4.092,14 TRM Euro 4.260,80;UNIDAD ACADÉMICA ADMINISTRATIVA;04/05/2026;LIBROS ;669,98
1000023713;Refrigerios. 28 de Abril;ALIMENTOS (DESAYU-REFRIG-ALMUERZO);abril;COP; Creación de caso:79126 Refrigerios para actividad con diferentes empresas, con el fin de fortalecer temas de investigación. F;DIRECCIÓN DE INVESTIGACIONES;23/04/2026;ALIMENTACION Y REF;240.000,00
1000023668;Renovación suscripción LEMB;SUSCRIPCION MEDIOS DE INFORMACION;abril;COP; Renovación suscripción anual de la herramienta LEMB Digital vía Web, con periodo de suscripción: del 23 de abril 2026 a 22;BIBLIOTECA;23/04/2026;LICENCIAS Y SUBSCR;1.154.300,00
1000023686;Revista Emprendedores 2026;SUSCRIPCION MEDIOS DE INFORMACION;abril;COP; Renovacion de suscripcion anual de revistas año 2026: 1. Emprendedores-2.Harvard Business Review 3. Dyna;BIBLIOTECA;24/04/2026;LICENCIAS Y SUBSCR;4.500.000,00
1000023740;PORTA DIPLOMAS ;;abril;COP; Se realiza pedido de 2800 porta diplomas para lo que resta de 2026 referente a grados.;REGISTRO ACADÉMICO;24/04/2026;PAPELERÍA ;20.458.480,00
1000023714;Tiquetes aéreos foro Diversidades;PASAJES AEREOS;abril;COP; Compra tiquetes aéreos foro Diversidades 7 de mayo;OFICINA DE PROYECTOS PMO;07/05/2026;VIAJES;517.500,00
1000023722;Viaticos Tatiana Castillo;PASAJES TERRESTRES;abril;COP; Viaticos Tatiana Castillo foro 7 de mayo en Santa Marta;OFICINA DE PROYECTOS PMO;23/04/2026;VIAJES;420.000,00
1000023687;Servicio de transporte;TAXIS BUSES;abril;COP; Servicio de transporte Par Académico;REGISTROS CALIFICADOS Y ACREDITACIÓN;23/04/2026;SERVICIOS PROFESIO;275.000,00
1000023736;SERV. MTTO Y JARDINERA EORI;HONORARIOS;abril;COP; SERVICIO DE MANTENIMIENTO Y JARDINERIA POR OCHO (8) MESES DE LA SEDE EAN ORINOQUIA  Valor $3.046.329 Valor Tota $ $ 27.416.961;EAN ORINOQUIA;24/04/2026;SRV MTTO INFRAESTR;24.370.632,00
1000023691;TRANSPORTES;PASAJES TERRESTRES;abril;COP; VIATICOS BIZ FEST A NOMBRE JUAN CARLOS LINARES MEDELLIN;POSGRADO;23/04/2026;TRANSPORTE ;575.000,00
1000023715;TRANSPORTES;TAXIS BUSES;abril;COP; TRANSPORTE FERIA ALCALDIA DE CHIA 24 DE ABRIL;REGIONES;23/04/2026;TRANSPORTE ;480.000,00
1000023733;Transporte voluntariado;TAXIS BUSES;abril;COP; SOLICITUD DE CASOS Actividad:  Transporte voluntariado salida de campo Descripción:  Transporte para 30 personas para la salid;BIENESTAR UNIVERSITARIO;23/04/2026;TRANSPORTE ;700.000,00
1000023734;Tllr.I/VDiseñ. Modas-Bog./Alc.Mpal.Tena;PASAJES TERRESTRES;abril;COP; Bogotá, 23 Abril 2026 Señores UNIVERSIDADEAN MAURICIOAVILA Cordial Saludo. Dando respuesta a su solicitud y agradeciendo su i;CONTRATACIÓN PÚBLICA;28/04/2026;TRANSPORTE ;650.000,00
1000023743;TRANSPORTE MATERIAL;MENSAJES DE TEXTO SMS;abril;COP; TRANSPORTE MATERIAL FILBO;PUBLICACIONES CIENTIFICAS Y DOCENTES;28/04/2026;TRANSPORTE ;380.000,00
1000023741;COLECCION EAN INSPIRA;PROMOCION DIVULGACION;abril;COP; Regalos corporativos CHOCOLATES;GESTIÓN DE COMUNICACIONES Y PUBLICIDAD;06/05/2026;INSTITUCIONALES ;7.840.000,00
1000023716;SUMNEW Fingerprint CabinetLock, Smart;;abril;USD; Proveedor Amazón BP: 1000254772 Compras Herramientas y Accesorios 1- SUMNEW Fingerprint Cabinet Lock, Smart Biometric, Fit for;UNIDAD DE DESARROLLO;27/04/2026;ELEM. FERRETERIA C;180,06
1000023735;Upgraded 3 in 1 Folding HandTruck, 500;;abril;USD; Proveedor Amazón BP: 1000254772 Compras Herramientas y Accesorios 1- Upgraded 3 in 1 Folding Hand Truck, 500lbs Capacity Heavy;UNIDAD DE DESARROLLO;05/05/2026;ELEM. FERRETERIA C;114,23
1000023737;Precision Screwdriver Set,SOONAN 150 i;;abril;USD; Proveedor Amazón BP: 1000254772 Compras Materiales de Laboratorio y Herramientas: 1- Precision Screwdriver Set, SOONAN 150 in;UNIDAD DE DESARROLLO;05/05/2026;ELEM. FERRETERIA C;180,09
1000023723;Cristaleria copa de vino;ALIMENTOS (DESAYU-REFRIG-ALMUERZO);abril;COP; SERVICIO ADICIONAL DE AMIMENTOS Y BEBIDAS EVENTO FESTIVAL GASTRONOMICO- EMBAJADAS  GRUPO PROMO;GESTIÓN COMERCIAL EVENTOS EXTERNOS;24/04/2026;ALIMENTACION Y REF;255.850,00
1000023692;COMPRA LICENCIA LUMA;LICENCIAS Y SOFTWARE;abril;USD; COMPRA LICENCIAS LUMA PROVEEDOR LUMA LABS, INC SUPERVISOR: HENRY DIAZ VALOR DE COMPRA: 708 USD FORMA DE PAGO: UNICO CON TARJETA;PROTOCOLO Y GESTIÓN DE EVENTOS INTERNOS;28/04/2026;LICENCIAS Y SUBSCR;708
1000023695;COMPRA LICENCIA RESOLUME;LICENCIAS Y SOFTWARE;abril;EUR; COMPRA LICENCIAS RESOLUME PROVEEDOR Resolume B.V. Supervisor: Herry Diaz valor de la comora:799 Euros Forma de Pago:Unico pago;PROTOCOLO Y GESTIÓN DE EVENTOS INTERNOS;28/04/2026;LICENCIAS Y SUBSCR;799
1000023724;COMPRA LICENCIA DANTE;LICENCIAS Y SOFTWARE;abril;COP; COMPRA LICENCIAS LUMA PROVEEDOR LUMA LABS, INC;PROTOCOLO Y GESTIÓN DE EVENTOS INTERNOS;28/04/2026;LICENCIAS Y SUBSCR;1.606.361,00
1000023697;Factura 1002001249;LICENCIAS Y SOFTWARE;abril;COP; Factura 1002001249;SERVICIOS AL ESTUDIANTE;29/04/2026;SERVICIOS PROFESIO;110.326,00
1000023717;Talleres el arte de servir;HONORARIOS ASESORIA TECNICA;abril;COP; TALLERES EL ARTE DE SERVIR VALOR: 30.940.000 IVA INCLUIDO;EVALUACIÓN Y DESARROLLO INTEGRAL;14/05/2026;SERVICIOS PROFESIO;30.940.000,00
1000023742;Capacitacion biblioteca;HONORARIOS ASESORIA TECNICA;abril;COP; Capacitacion equipo Biblioteca Valor:6.545.000;EVALUACIÓN Y DESARROLLO INTEGRAL;22/05/2026;SERVICIOS PROFESIO;6.545.000,00
1000023726;15 Gorras;INGRESOS TERCEROS;abril;COP; Merch Escuela de Verano Rumbo ECO.;GERENCIA DE INTERNACIONALIZACIÓN Y RELACIONES INSTITUCIONALES;24/04/2026;PUBLIC – MATER POP;1.192.380,00
1000023727;Anticipo Misión Rumbo Eco;INGRESOS TERCEROS;abril;COP; Anticipo Escuela de Verano Rumbo Eco-ICETEX por valor de $16.650.000;GERENCIA DE INTERNACIONALIZACIÓN Y RELACIONES INSTITUCIONALES;30/04/2026;TRANSPORTE ;16.650.000,00
1000023738;FACTURA SERVIENTREA Nro. 3 5104349;CORREO, PORTES Y TELEGRAMAS;abril;COP;;GESTIÓN DOCUMENTAL;27/05/2026;TRANSPORTE ;933.972,00
1000023745;TABLERO ACRILICO;;abril;COP; SOLICITUD DE CASOS Actividad:   Tablero acrilico de GYM Descripción:  Tablero acrílico para GYM, diseñado para apoyar la org;BIENESTAR UNIVERSITARIO;27/04/2026;DOTACIÓN Y ELEM. D;452.200,00
1000023747;13 INSIGNIAS ED CONTINUA 2025;;abril;COP; TERCERA COMPRA DE INSGINIAS - PROGRAMAS EDUCACIÓN CONTINUA - 2026  CANTIDAD: 1720;EDUCACIÓN CONTINUADA PROYECTOS;30/04/2026;IMPRESOS ;8.600.000,00
1000023725;45 REFRIGERIOS ABRIL - COMFANDI;ALIMENTOS (DESAYU-REFRIG-ALMUERZO);abril;COP; Tipo de evento: REFRIGERIOS CENTRO CULTURAL 24 DE ABRIL 2026 Consecutivo: LFC-00156345 Fecha de inicio del evento: 24/04/2026 F;CONSULTORIA PRIVADA;29/04/2026;ALIMENTACION Y REF;985.511,00
1000023753;REFRIGERIO ESTANDAR;ALIMENTOS (DESAYU-REFRIG-ALMUERZO);abril;COP; REFRIGERIOS PARA LA JORNADA DE GRABACIONES PROVEEDOR:GRUPO PROMO;PROTOCOLO Y GESTIÓN DE EVENTOS INTERNOS;28/04/2026;ALIMENTACION Y REF;136.080,00
1000023728;Inscripción FAB FOUNDATION;INSCRIPCION EVENTOS NACIONAL - INTERNACI;abril;USD; Caso mesa de servicios:79358. Inscripción evento FAB FOUNDATION a nombre de Andrés Felipe Guarnizo. Pago con TC. •Proveedor;DIRECCIÓN DE INVESTIGACIONES;27/04/2026;LICENCIAS Y SUBSCR;624
1000023696;Hablame 691;LICENCIAS Y SOFTWARE;abril;COP; Factura HACO-1002000691;SERVICIOS AL ESTUDIANTE;29/04/2026;SERVICIOS PROFESIO;799.734,00
1000023718;Renovación Poliza Colaboradores 2026;;abril;COP; Renovación de la Polizá de Vida Profesores de Cátedra 2026 BMI proveedor Valor final: $6.660.000. Activo: 360000073 Cuenta:1;DISEÑO ORGANIZACIONAL Y GESTIÓN DEL CAMBIO;06/05/2026;SERVICIOS PROFESIO;6.660.000,00
1000023719;Honorarios Julian Dupont;HONORARIOS SERV CULT DEPORT RELIGIOS;abril;COP; Honorarios Julian Dupont BP:1000352982. Seminario cosmotecnicas pluriversales.;RECTORÍA;24/04/2026;SERVICIOS PROFESIO;1.030.000,00
1000023744;Hablame 1002000691;LICENCIAS Y SOFTWARE;abril;COP; Factura Hablame HACO1002000691;SERVICIOS AL ESTUDIANTE;29/04/2026;SERVICIOS PROFESIO;1.605.354,00
1000023746;HACO-1002000955;LICENCIAS Y SOFTWARE;abril;COP; HACO-1002000955;SERVICIOS AL ESTUDIANTE;24/04/2026;SERVICIOS PROFESIO;0
1000023750;Renovación Poliza Profesores Cátedra 26;;abril;COP; Renovación poliza de seguros de vida Colaboradores de Planta BMI: VALOR FINAL ESTIMADO $20.516.600 ACTIVO:360000073 Cuenta:190;DISEÑO ORGANIZACIONAL Y GESTIÓN DEL CAMBIO;06/05/2026;SERVICIOS PROFESIO;20.516.600,00
1000023751;Refrigerio Taller;MONTAJE PARA EVENTO;abril;COP; Taller Creativo, en el Cubo Para el equipo TIc Realizado el 4 de marzo. ceco: 10500112 Cuenta mayor: EVENTOS CULTURALES;DISEÑO ORGANIZACIONAL Y GESTIÓN DEL CAMBIO;27/04/2026;SERVICIOS PROFESIO;3.585.754,00
1000023752;Payment Method Fees;HONORARIOS;abril;USD; ONTOP Payment Method Fees AND Membership;SELECCIÓN DEL TALENTO Y CALIDAD DE VIDA;29/04/2026;SERVICIOS PROFESIO;575,07
1000023760;APOYO EVENTO;SERVICIOS PARA EVENTOS;abril;COP; SOLICITUD DE SERVICIO DE PERSONAL LOGISTICO Y BRIGADISTAS PARA EVENTO NU BANK. PROVEEDOR ADVANTAGE;GESTIÓN COMERCIAL EVENTOS EXTERNOS;28/04/2026;SERVICIOS PROFESIO;678.300,00
1000023761;Operador de dispositivos multimedia.;SERVICIOS PARA EVENTOS;abril;COP; SOLICITUD DE SERVICIO DE CAMAROGRAFOS PARA EVENTO NU BANK  PROVEEDOR CAMILO PINZON .;GESTIÓN COMERCIAL EVENTOS EXTERNOS;28/04/2026;SERVICIOS PROFESIO;250.000,00
1000023698;ARREGLO PIJAMAS DE ASC LEGACY;SERVICIO MANTO. CONSTRUCCIONES Y EDIFICA;abril;COP; SERVICIO DE ARREGLO PIJAMAS ASCENSORES LEGACY, PROVEEDOR: MULTIDISEÑOS, VALOR: $606.900, CASO:79484;GESTIÓN DE INFRAESTRUCTURA Y PLANTA FÍSICA;29/04/2026;SRV MTTO INFRAESTR;606.900,00
1000023699;SERV CAMBIO BATERIAS PLANTA E C74;MANTENIMIENTO MAQUINARIA Y EQUIPO;abril;COP; SERVICIO SUMINISTRO Y CAMBIO DE BATERIAS Y CARGADOR DE BATERIAS PLANTA ELECTRICA CALLE 74, PROVEEDOR: POWER ELECTRIC, VALOR: $2;GESTIÓN DE INFRAESTRUCTURA Y PLANTA FÍSICA;28/04/2026;SRV MTTO INFRAESTR;2.007.768,00
1000023756;MALETAS;PROMOCION DIVULGACION;abril;COP; MALETAS 13 Maletas de viaje 5 Morrales de 5kg 5 Carry On de 12 kg O 10 Kg de acuerdo a elección (Rigidas) 13Maletas de 25 kg o;PREGRADO;30/04/2026;INSTITUCIONALES ;4.522.000,00
1000023773;PROMOTOR;PROMOCION DIVULGACION;abril;COP; PROMOTOR APOYO BIZ FEST MEDELLIN CALL TO ACTION;POSGRADO;27/04/2026;INSTITUCIONALES ;409.658,00
1000023763;CAMISETAS SALSA;;abril;COP; SOLICITUD DE CASOS Actividad: Camisetas Salsa cultura Descripción: Compra de salsa destinadas a la identificación y promoció;BIENESTAR UNIVERSITARIO;29/04/2026;DOTACIÓN Y ELEM. D;900.000,00
1000023771;Dremel VersaFlame Multi-Function Butan;;abril;USD; Proveedor Amazón BP: 1000254772 Compras de Herramientas y Accesorios 1- Dremel VersaFlame Multi- Function Butane Torch - Ideal;UNIDAD DE DESARROLLO;05/05/2026;ELEM. FERRETERIA C;93,98
1000023772;Soldering Iron Kit, 80W 110VFast Heat;;abril;USD; Proveedor Amazón BP: 1000254772 Compras Materiales de Laboratorio y Herramientas: 1- Soldering Iron Kit, 80W 110V Fast Heat up;UNIDAD DE DESARROLLO;29/04/2026;ELEM. FERRETERIA C;188,89
1000023729;REFRIGERIO COLEGIOS;COCTEL - ESTACION (CAFE, AROMATICA, AGUA;abril;COP; REFRIGERIOS VISITA COLEGIOS GIMNASIO EL LAGO Y EMILIO VALENZUELA MES DE MAYO REFRESHMENT;PREGRADO;29/04/2026;ALIMENTACION Y REF;1.075.000,00
1000023748;Estacion de café permanente,con galletas;ALIMENTOS (DESAYU-REFRIG-ALMUERZO);abril;COP; SERVICIO DE ALIMENTOS Y BEBIDAS EVENTO FUNDACION PLAN. PROVEEDOR GRUPO RPOMO;GESTIÓN COMERCIAL EVENTOS EXTERNOS;30/04/2026;ALIMENTACION Y REF;7.552.315,00
1000023755;Plato ropa vieja con platanos chip y ens;ALIMENTOS (DESAYU-REFRIG-ALMUERZO);abril;COP; servicio de alimentos y bebidas evento NU BANK. proveedor grupo promo;GESTIÓN COMERCIAL EVENTOS EXTERNOS;05/05/2026;ALIMENTACION Y REF;9.972.140,00
1000023776;Servicio/ Refrigerios 30 de abril;ALIMENTOS (DESAYU-REFRIG-ALMUERZO);abril;COP; Creación de caso: 79490 refrigerios para actividad con docentes de la Universidad, con el fin de aclarar dudas relacionadas co;DIRECCIÓN DE INVESTIGACIONES;28/04/2026;ALIMENTACION Y REF;323.000,00
1000023754; LICENCIAS CLAUDE TEAM Y API;;abril;USD; LICENCIAS CLAUDE TEAM Y API Proveedor: Anthropic Supervisor: Henry Diaz Valor de la compra: Activo USD $4.800 y Gasto USD $100;EXPERIENCIA DE USUARIO;28/04/2026;LICENCIAS Y SUBSCR;4.900,00
1000023770;POLIZA DE CUMPLIMIENTO;SEGUROS POLIZAS CUMPLIMIENTO;abril;COP; POLIZA Garantía de Seriedad de la Oferta FINDETER 1505004248601;DIRECCIÓN DE EXTENSIÓN COMERCIAL;27/04/2026;SEGUROS;83.300,00
1000023762;PASAJES AEREOS - JOAN GONZALEZ;PASAJES AEREOS;abril;COP; PASAJES AEREOS - JOAN GONZALEZ CONGRESO INTERNACIONAL DE CONTRATACIÓN ESTATAL;GESTIÓN JURÍDICA, LEGAL Y PROTECCIÓN DE DATOS PERSONALES;30/04/2026;VIAJES;1.234.014,00
1300003203;Legalización FECZ77595;PASAJES AEREOS;abril;COP; Legalización FECZ77595;RECTORÍA;28/04/2026;VIAJES;750.873,00
1300003211;Manutención Maria Monica Ruiz;MANUTENCION;abril;COP; Gastos de viaje Maria Monica Ruiz Escobar Neiva;DIRECCIÓN DE EXTENSIÓN COMERCIAL;04/05/2026;VIAJES;230.000,00
1300003212;Manutención John Rengifo;MANUTENCION;abril;COP; Gastos de viaje John Jairo Rengifo Vargas Neiva;DIRECCIÓN DE EXTENSIÓN COMERCIAL;04/05/2026;VIAJES;230.000,00
1000023774;Servicio de apoyo logístico y comercial;HONORARIOS GESTION DEL CONOCIMIENTO;abril;COP; Proveedor Katherine Amariz Silva C.C. 1003826170 BP: 1000324597 Servicios Profesionales: Servicio de apoyo logístico y comerci;PUBLICACIONES CIENTIFICAS Y DOCENTES;29/04/2026;SERVICIOS PROFESIO;1.530.000,00
1000023775;Prestación de servicio logístico en la F;HONORARIOS GESTION DEL CONOCIMIENTO;abril;COP; Proveedor Maria Victoria Mojica CC. 1.032.937.001 BP: 1000300334 Servicio Profesionales: Prestación de servicio logístico en;PUBLICACIONES CIENTIFICAS Y DOCENTES;29/04/2026;SERVICIOS PROFESIO;680.000,00
1000023777;Corrección de Estilo en Ingles;HONORARIOS GESTION DEL CONOCIMIENTO;abril;COP; TVAINS INTERNATIONAL S.A.S. BP: 1000266233 Cotización 33722 Servicio Profesional de Corrección de Estilo: 1- Corrección de E;PUBLICACIONES CIENTIFICAS Y DOCENTES;29/04/2026;SERVICIOS PROFESIO;1.695.596,00
1000023778;ALQUILER 130 EQUIPOS DE COMPUTO;ALQUILER EQUIPO COMPUTO COMUNICACION;abril;COP; ALQUILER 130 EQUIPOS DE COMPUTO Proveedor: Servitronic Supervisor: Henry Diaz Valor de la compra: $ Vigencia: 2 meses Forma de;EXPERIENCIA DE USUARIO;29/04/2026;SERVICIOS IT ;34.652.800,00
1000023810;MODULO ECOLÓGICO EN ACERO INOXIDABLE 35L;MANTENIMIENTO MUEBLES Y ENSERES;abril;COP; SUMINISTRO DE 27 MODULOS ECOLÓGICO EN ACERO INOXIDABLE PARA SEDE NOGAL. PROCESO DE COMPRAS CUADRO COMPARATIVO VALOR $32.711.91;GESTIÓN DE INFRAESTRUCTURA Y PLANTA FÍSICA;05/05/2026;SRV MTTO INFRAESTR;32.711.910,00
1000023811;SUMINISTRO INSTAL MEDIDORES ENERG CAFETE;;abril;COP; SUMINISTRO E INSTALACIÓN DE MEDIDORES ELECTRICOS PARA LAS CAFETERIAS DEL EDIFICIO LEGACY. PROCESO DE COMPRAS CUADRO COMPARATIV;GESTIÓN DE INFRAESTRUCTURA Y PLANTA FÍSICA;07/05/2026;SRV MTTO INFRAESTR;13.004.800,00
1000023766;TDM Bta–Chía;PASAJES TERRESTRES;abril;COP; Bogotá, 27 Abril 2026 Señores UNIVERSIDADEAN MAURICIOAVILA Cordial Saludo. Dando respuesta a su solicitud y agradeciendo su i;CONTRATACIÓN PÚBLICA;29/04/2026;TRANSPORTE ;650.000,00
1000023767;TDM Tocaima–Bta - I/V;PASAJES TERRESTRES;abril;COP; Bogotá, 27 Abril 2026 Señores UNIVERSIDADEAN MAURICIOAVILA Cordial Saludo. Dando respuesta a su solicitud y agradeciendo su i;CONTRATACIÓN PÚBLICA;29/04/2026;TRANSPORTE ;880.000,00
1000023800;TRANSPORTE;TRANSPORTE FLETES ACARREOS;abril;COP; SOLICITUD DE SERVICIO DE ALQUILER DE MANTELES PARA EVENTO FUNDACION PLAN. ABC TARIMAS <(>&<)> CARPAS SAS;GESTIÓN COMERCIAL EVENTOS EXTERNOS;30/04/2026;TRANSPORTE ;261.800,00
1000023781;ROMPETRÁFICOS. Dimensiones:;PROMOCION DIVULGACION;abril;COP; Estos lienzos apoyan las acciones institucionales de prevención del acoso, fortalecen la cultura del buen trato y contribuyen;BIENESTAR UNIVERSITARIO;30/04/2026;IMPRESOS ;845.775,00
1000023780;MATERIAL DIDACTICO DIGITAL;;abril;COP; 23 LICENCIAS DEL LIBRO VIRTUAL AL DENTE 1 - ITALIANO, CON EL PROVEEDOR ENGLISH LENGUAGE SERVICES SAS PARA LA COHORTE 2 PROMOCI;EDUCACIÓN CONTINUADA PROYECTOS;30/04/2026;ALIMENTACION Y REF;3.363.750,00
1000023764;HEYGEN 8 MESES;SUSCRIPCIONES;abril;USD; Heygen 8 meses 29 usd por mes Suscripción;GESTIÓN JURÍDICA, LEGAL Y PROTECCIÓN DE DATOS PERSONALES;08/05/2026;LICENCIAS Y SUBSCR;232
1000023801;PAGO SYNTESIA LIMITED;LICENCIAS Y SOFTWARE;abril;COP; Legalización pago SYNTESIA;EAN X PROYECTOS;30/04/2026;LICENCIAS Y SUBSCR;2.957.310,00
1000023769;​18-44-101109940-5 - Cumpl Anexo 5;SEGUROS  POLIZAS;abril;COP; SEGUROS DEL ESTADO SA POLIZAS MODIFICACIÓN No 2 PROYECTO CONSULTORIA ALCALDIA DE BARRAQUILLA;CONSULTORÍA ESPECIALIZADA;30/04/2026;SEGUROS;86.256,00
1000023790;PASAJES MIEMBRO SALA COMISION INDIA;PASAJES AEREOS;abril;COP; PAGO FACTURAN No.FECZ78248 COMISION INDIA MIEMBRO SALA GENERAL;SALA GENERAL;29/04/2026;VIAJES;962.510,00
1000023791;PASAJES MIEMBRO SALA COMISION LONDRES;PASAJES AEREOS;abril;COP; PAGO FACTURA No.FECZ78249 TIQUETE MIEMBRO SALA GENERAL COMISION LONDRES;SALA GENERAL;29/04/2026;VIAJES;418.361,00
1000023792;ASIST MEDICA INTERNACIONAL MIEMBRO SALA;ASISTENCIA MEDICA INTERNACIONAL;abril;COP; PAGO FACTURA No. FECZ76621 ASISTENCIA MEDICA INTERNACIONAL MIEMBRO SALA GENRAL COMISÓN INDIA.;SALA GENERAL;28/04/2026;VIAJES;0
1000023793;ALOJAMIENTO GERENTE GENERAL ARGENTINA;ALOJAMIENTO;abril;COP; PAGO FACTURA No. FECZ76086 GERENTE GENERAL COMISIÓN ARGENTINA;GERENCIA GENERAL;29/04/2026;VIAJES;701.562,00
1000023802;ASISTENCIA MEDICA INTERNACIONAL MIEMBRO;OTROS SERVICIOS;abril;COP; PAGO FACTURA No.FECZ76621 ASISTENCIA MEDICA INTERNACIONAL MIEMBRO SALA GENERAL.;SALA GENERAL;29/04/2026;VIAJES;798.436,00
1000023803;SUSCRIPCION EVENTO AI AGENT CONFERENCE;SUSCRIPCIONES;abril;COP; PAGO SUSCRIPCIÓN EVENTO AI AGENT CONFERENCE MIEMBROS SAL GENERAL NEW YORK DEL 4 AL 5 DE MAYO DE 2026;SALA GENERAL;29/04/2026;VIAJES;27.435.255,00
1300003178;MALETA ADICIONAL RODRIGUEZ 13 AL 15 MARZ;PASAJES AEREOS;abril;COP; PROFESOR: RODRIGUEZ BENAVIDES CARLOS EDUARDO C.C.80087985 MALETA ADICIONAL UNIDAD DE ESTUDIO: POP ELEC III COSTOS Y PRESUP MBAS;FACULTAD DE ADMINISTRACION;28/04/2026;VIAJES;58.500,00
1300003179;Legalización FECZ76448;PASAJES AEREOS;abril;COP; Legalizacion FECZ76448;RECTORÍA;28/04/2026;VIAJES;1.379.583,00
1300003213;VIATICOS MDE LAURA CELY;MANUTENCION;abril;COP;;EAN IMPACTA;29/04/2026;VIAJES;130.000,00
1300003214;Reserva AAGTTQR;PASAJES AEREOS;abril;COP; Zeppelin Tiquetes Reserva AAGTTQR Maria Monica Ruiz Neiva;DIRECCIÓN DE EXTENSIÓN COMERCIAL;28/05/2026;VIAJES;3.425.030,00
1300003215;Reservas AAGTTTZ;PASAJES AEREOS;abril;COP; Zeppelin Tiquetes Reserva AAGTTTZ Clarita Bustamente Cali - Neiva 10 de junio;DIRECCIÓN DE EXTENSIÓN COMERCIAL;19/05/2026;VIAJES;937.803,00
1300003216;Reserva AAGTTVP;PASAJES AEREOS;abril;COP; Zeppelin Tiquetes Reserva AAGTTVP Clarita Bustamente Cali - Neiva 11 de junio;DIRECCIÓN DE EXTENSIÓN COMERCIAL;19/05/2026;VIAJES;912.099,00
1000023757;Catalogación y clasificación de libros;HONORARIOS ASESORIA TECNICA;abril;COP; Servicio de catalogación y clasificación de material bibliográficos (libros y material didáctico) en el sistema de gestión;BIBLIOTECA;28/04/2026;SERVICIOS PROFESIO;4.200.000,00
1000023759;APOYO EVENTO;SERVICIOS PARA EVENTOS;abril;COP; SOLICITUD DE SERVICIO DE PERSONAL LOGISTICO Y BRIGADISTAS PARA EVENTO EDELMAN. PROVEEDOR ADVANTAGE;GESTIÓN COMERCIAL EVENTOS EXTERNOS;30/04/2026;SERVICIOS PROFESIO;678.300,00
1000023768;Luis Javier Serrano;HONORARIOS ASESORIA TECNICA;abril;USD; Profersores internacionales ONTOP;VICERRECTORÍA DE INNOVACIÓN ACADÉMICA;29/04/2026;SERVICIOS PROFESIO;5.380,40
1000023784;Boletería para la Feria Internacional de;INSCRIPCION EVENTOS NACIONAL - INTERNACI;abril;COP; Asociación de Editoriales Universitarias de Colombia ASEUC NIT 800110170 BP:1000012320 Compras Boletería para la Feria Intern;PUBLICACIONES CIENTIFICAS Y DOCENTES;30/04/2026;EVENTOS ;1.150.000,00
1000023814;MTTO. PARASOLES CUBIERTA;MANTENIMIENTO MUEBLES Y ENSERES;abril;COP; MANTENIMIENTO Y REPARACIÓN PARASOLES TERRAZA PISO 6;GESTIÓN DE INFRAESTRUCTURA Y PLANTA FÍSICA;30/04/2026;SRV MTTO INFRAESTR;2.709.478,00
1000023785;Repositorio Institucional Minerva – 2025;;abril;COP;" Contratación del servicio Cloud Computing del Repositorio Institucional ""Biblioteca Digital Minerva"" para el soporte y manteni";BIBLIOTECA;05/05/2026;SOFTWARE ;19.969.000,00
1000023817;CABLE DISPLAYPORT A DISPLAYPORT 1.8M V1.;;abril;COP; COMPRA ACCESORIOS ABRIL Supervisor: Henry Diaz Proveedor: Colwork Valor de la compra: $1.325.142 IVA incluido Forma de pago: 30;EXPERIENCIA DE USUARIO;04/05/2026;HARDWARE ;1.315.165,00
1000023813;Transporte KOICA 2026;TRANSPORTE PERSONAS;abril;COP; El servicio corresponde al transporte para el curso de español para extranjeros, dirigido a KOICA la Agencia de Cooperación I;FORMACIÓN A LA MEDIDA;05/05/2026;TRANSPORTE ;600.000,00
1000023820;TDM Bta–CT San Miguel;PASAJES TERRESTRES;abril;COP; Bogotá, 28 Abril 2026 Señores UNIVERSIDADEAN MAURICIOAVILA Cordial Saludo. Dando respuesta a su solicitud y agradeciendo su i;CONTRATACIÓN PÚBLICA;04/05/2026;TRANSPORTE ;650.000,00
1000023821;TDM Bta–CT San Miguel;PASAJES TERRESTRES;abril;COP; Bogotá, 29 Abril 2026 Señores UNIVERSIDADEAN MAURICIOAVILA Cordial Saludo. Dando respuesta a su solicitud y agradeciendo su i;CONTRATACIÓN PÚBLICA;04/05/2026;TRANSPORTE ;1.200.000,00
1000023822;Tllr.I/VDiseñ. Modas-Bog./Alc.Mpal.Tena;PASAJES TERRESTRES;abril;COP; Bogotá, 29 Abril 2026 Señores UNIVERSIDADEAN MAURICIOAVILA Cordial Saludo. Dando respuesta a su solicitud y agradeciendo su i;CONTRATACIÓN PÚBLICA;04/05/2026;TRANSPORTE ;1.200.000,00
1000023782;CAFÉ;ALIMENTOS (DESAYU-REFRIG-ALMUERZO);abril;COP; COMPRA DE CAFE Y BROWNIE PARA PERSONAL DE GRABACIÓN PROYECTO VIRTUAL 2.0 PROVEEDOR GRUPO PROMO.;PROTOCOLO Y GESTIÓN DE EVENTOS INTERNOS;05/05/2026;ALIMENTACION Y REF;81.000,00
1000023783;REFRIGERIOS COMPENSAR BIG DATA;ALIMENTOS (DESAYU-REFRIG-ALMUERZO);abril;COP; REFRESHMENT (+57) 3004895998 - refreshment20@gmail. com Costo UN: $18.000 empacado en botella de vidrio, caja de cartón, fruta;FORMACIÓN A LA MEDIDA;04/05/2026;ALIMENTACION Y REF;1.924.000,00
1000023812;Refrigerios KOICA 2026;ALIMENTOS (DESAYU-REFRIG-ALMUERZO);abril;COP; Formalmente informo la gestión del pedido correspondiente a la adquisición de 48 refrigerios destinados al curso Español par;FORMACIÓN A LA MEDIDA;04/05/2026;ALIMENTACION Y REF;772.080,00
1000023588;Licencia ATLAS.TI;LICENCIAS Y SOFTWARE;abril;COP; Caso mesa de servicios:78628. Compra licencia Atlas.TI para el desarrollo de procesos investigativos de los semilleros de la Un;DIRECCIÓN DE INVESTIGACIONES;29/04/2026;LICENCIAS Y SUBSCR;1.592.521,00
1000023693;COMPRA LICENCIA VMIX;LICENCIAS Y SOFTWARE;abril;USD; COMPRA DE LICENCIA VMIX PROVEEDOR StudioCoast Pty Ltd SUPERVISOR:HENRY DIAZ VALOR DE LA COMPRA:1.200.USD FORMA DE PAGO: UNICO P;PROTOCOLO Y GESTIÓN DE EVENTOS INTERNOS;05/05/2026;LICENCIAS Y SUBSCR;1.428,00
1000023694;COMPRA LICENCIA ZOOM;LICENCIAS Y SOFTWARE;abril;USD; COMPRA LICENCIAS ZOOM PROVEEDOR ZOOM VIDEO SUPERVISOR: HENRY DIAZ VALOR DE LA COMPRA: 169,90 USD FORMA DE PAGO: UNICO CON TARJE;PROTOCOLO Y GESTIÓN DE EVENTOS INTERNOS;05/05/2026;LICENCIAS Y SUBSCR;202,18
1300003217;Cambio itinerario reserva AAGTTTZ;PASAJES AEREOS;abril;COP; Zeppelin Tiquetes Cambio itinerario reserva AAGTTTZ Clarita Bustamante 10 de junio;DIRECCIÓN DE EXTENSIÓN COMERCIAL;26/05/2026;VIAJES;498.192,00
1300003218;Cambio itinerario reserva AAGTTVP;PASAJES AEREOS;abril;COP; Zeppelin Tiquetes Cambio itinerario reserva AAGTTVP Clarita Bustamante Neiva - Cali 11 de junio;DIRECCIÓN DE EXTENSIÓN COMERCIAL;26/05/2026;VIAJES;175.583,00
1300003219;Alojamiento Maria Monica Ruiz;ALOJAMIENTO;abril;COP; Zeppelin Alojamiento Hotel Metropolitano Neiva 28 y 28 de abril Maria Monica Ruiz y John Rengifo;DIRECCIÓN DE EXTENSIÓN COMERCIAL;22/05/2026;VIAJES;758.260,00
1000023779;Apoyo actividad editorial en la FILBO;HONORARIOS GESTION DEL CONOCIMIENTO;abril;COP; Proveedor Juan Ángel Ladino Cortes 1022422956 Correo: juanangelladino1996@gmail.com BP: 1000353475 Servicios Profesionales: Ap;PUBLICACIONES CIENTIFICAS Y DOCENTES;30/04/2026;SERVICIOS PROFESIO;1.020.000,00
1000023794;CALIBRACION BALANZA ADULTO;MANTENIMIENTO MAQUINARIA Y EQUIPO;abril;COP; SOLICITUD DE CASOS Actividad:  Calibración equipos médicos Descripción: Calibración de equipos biomédicos utilizados en el;BIENESTAR UNIVERSITARIO;30/04/2026;SERVICIOS PROFESIO;2.106.950,00
1000023795;MANILLAS BIME;PROMOCION DIVULGACION;abril;COP; MOTIVO: Compra de manillas para el evento BIME FECHA: 4 de mayo PROVEEDOR:AFAN GRAFICO SAS BP: 1000011423 VALOR: $189.600;FACULTAD DE HUMANIDADES Y CIENCIAS SOCIALES;29/04/2026;SERVICIOS PROFESIO;189.210,00
1000023815;Engagement fee;HONORARIOS EXTENSION;abril;EUR; Green Destinations Green Destinations Awards Program Proyecto de Consultoría Alcaldía de Barranquilla  Las tarifas aplicables;CONSULTORÍA ESPECIALIZADA;05/05/2026;SERVICIOS PROFESIO;5.000,00
1000023816;PAGO TALLER PIGMENTA;HONORARIOS SERV CULT DEPORT RELIGIOS;abril;COP; Desarrollo de taller Bromatólogos del territorio, realizado el día 28 de abril del año en curso. Dirigido a estudiantes de l;RECTORÍA;29/04/2026;SERVICIOS PROFESIO;800.000,00
1000023818; Ingenieria de Producción- Modalidad Vir;TRAMITES LICENCIAS;abril;COP; Pago del trámite de renovación del registro calificado del programa de Ingeniería de Producción (SNIES 102126), modalidad v;REGISTROS CALIFICADOS Y ACREDITACIÓN;08/05/2026;SERVICIOS PROFESIO;15.724.770,00
1000023787;BOLSA DE HORAS TELEFONIA SEAQ;HONORARIOS ASESORIA TECNICA;abril;COP; BOLSA DE SOPORTE DE 120 HORAS – TELEFONIA ASTERIK Supervisor: Nestor Cantor Proveedor: SEAQ Valor de la compra: COP $24.990.0;SEGURIDAD INFORMÁTICA;05/05/2026;SERVICIOS IT ;24.990.000,00
1000023492;Ser. Trans Ubate - 50 kg textil moli;TRANSPORTE FLETES ACARREOS;abril;COP; Bogotá, D.C. 26 de marzo de 2026 Señores UNIVERSIDAD EAN Convenio - Programa ReModa Ciudad PROPUESTA COMERCIAL SERVICIO DE TR;CONTRATACIÓN PÚBLICA;04/05/2026;TRANSPORTE ;380.800,00
1000023819;PROMOTOR CALI BIZ FEST;PROMOCION DIVULGACION;abril;COP; PROMOTOR BIZ FEST CALI;POSGRADO;05/05/2026;INSTITUCIONALES ;297.203,00
1000023830;PROMOTOR SANTA MARTA;PROMOCION DIVULGACION;abril;COP; PROMOTOR SANTA MARTA 7 MAYO;POSGRADO;05/05/2026;INSTITUCIONALES ;297.203,00
1000023796;REFRIGERIO;SERVICIO MESERO;abril;COP; REFRIGERIO VISITA COLEGIO GIMNASIO KAIPORE 21 DE MAYO PROVEEDOR GRUPO PROMO;PREGRADO;05/05/2026;ALIMENTACION Y REF;422.280,00
1000023804;Renovación BD Ebook Central 2026_2027;BASE DE DATOS;abril;COP; Renovación suscripción Bases de Datos Académica Ebook Central colección Academic Complete Periodo 08 de junio 2026 a 07 de;BIBLIOTECA;21/07/2026;LICENCIAS Y SUBSCR;45.509.200,00
1000023786;ALOJAMIENTO;ALOJAMIENTO;abril;COP; ALOJAMIENTO CONGRESO INTERNACIONAL DE CONTRATACIÓN ESTATAL;GESTIÓN JURÍDICA, LEGAL Y PROTECCIÓN DE DATOS PERSONALES;30/04/2026;VIAJES;738.342,00
1000022639;FLUVIP DIGITAL POSGRADOS;PROMOCION DIVULGACION;enero;COP; Plan digital posgrados Fluvip;PUBLICIDAD;07/01/2026;INSTITUCIONALES ;27.370.000,00
1000022638;Refrigerios y almuerzos;ALIMENTOS (DESAYU-REFRIG-ALMUERZO);enero;COP; Anticipo Taller Mineros El Bagre Antioquia 14 de enero;CONSULTORÍA ESPECIALIZADA;08/01/2026;ALIMENTACION Y REF;2.500.000,00
1300002922;CLago_Manutención;MANUTENCION;enero;COP; Gastos de viaje Cesar Lago 13 - 14 de enero El Bagre, Antioquia;CONSULTORÍA ESPECIALIZADA;05/01/2026;VIAJES;370.000,00
1300002923;SLopez_Manutención;MANUTENCION;enero;COP; Gastos de viaje Silvio Lopez 13 - 14 de enero El Bagre, Antioquia;CONSULTORÍA ESPECIALIZADA;05/01/2026;VIAJES;370.000,00
1300002924;JReyes_Manutención;MANUTENCION;enero;COP; Gastos de viaje Jaime Andres Reyez Paez 13 - 14 de enero El Bagre, Antioquia;CONSULTORÍA ESPECIALIZADA;05/01/2026;VIAJES;370.000,00
1300002925;BBaptiste_Manutencion;MANUTENCION;enero;COP; Gastos de viaje Brigitte Baptiste 13 - 14 de enero El Bagre, Antioquia;CONSULTORÍA ESPECIALIZADA;05/01/2026;VIAJES;370.000,00
1300002926;JPinzon_Manutención;MANUTENCION;enero;COP; Gastos de viaje Jenniffer Andrea Pinzon Lopez 13 - 14 de enero El Bagre, Antioquia;CONSULTORÍA ESPECIALIZADA;05/01/2026;VIAJES;500.000,00
1300002927;JPinzon_Manutención;MANUTENCION;enero;COP; Gastos de viaje Jenniffer Andrea Pinzon Lopez 15 de enero Barranquilla;CONSULTORÍA ESPECIALIZADA;05/01/2026;VIAJES;400.000,00
1300002928;JReyes_Manutención;MANUTENCION;enero;COP; Gastos de viaje Jaime Reyes 15 de enero Barranquilla;CONSULTORÍA ESPECIALIZADA;05/01/2026;VIAJES;270.000,00
1300002929;RCamacho_Manutención;MANUTENCION;enero;COP; Gastos de viaje Raul Camacho 15 - 16 de enero Barranquilla;CONSULTORÍA ESPECIALIZADA;05/01/2026;VIAJES;335.000,00
1000022609;AUD Y GARANTIA DE CAL EN SALUD IBE XXXVI;PARTICIPACION CONVENIOS;enero;COP; PAGO COMISIONES CORRESPONDIENTE A LA COHORTE XXXVI ESPECIALIZACIÓN AUDITORÍA Y GARANTÍA DE CALIDAD EN LA SALUD - IBAGUÉ  UN;REGIONES;02/02/2026;SERVICIOS PROFESIO;32.861.800,00
1000022660;AUD Y GAR DE CAL EN SALUD CAUCA XXXII;PARTICIPACION CONVENIOS;enero;COP; PAGO COMISIONES COHORTE XXXII ESPECIALIZACIÓN AUDITORÍA Y GARANTÍA DE CALIDAD EN LA SALUD - POPAYÁN.  UNIVERSIDAD DEL CAUCA;REGIONES;03/02/2026;SERVICIOS PROFESIO;56.934.615,00
1000022670;Agencia de Marketing;PROMOCION DIVULGACION;enero;USD; Esta propuesta tiene los siguientes objetivos a cumplir: Servir como agencia interna de EAN X para el manejo de su marketing en;DIRECCIÓN EAN X;27/02/2026;SERVICIOS PROFESIO;60.000,00
1000022616;VINILTEX BLANCO 1501 CANECA;;enero;COP; COTIZACION 2720 PINTURA ENERO 06 26;GESTIÓN DE INFRAESTRUCTURA Y PLANTA FÍSICA;08/01/2026;SRV MTTO INFRAESTR;3.117.992,00
1000022617;CERRADURA MUEBLE CROMADA 1560;;enero;COP; COTIZACION 2718 GENERAL ENERO 06 26;GESTIÓN DE INFRAESTRUCTURA Y PLANTA FÍSICA;08/01/2026;SRV MTTO INFRAESTR;1.332.600,00
1000022643;INSTA LAMPARAS S2 MOTOS;SERVICIO MANTO. CONSTRUCCIONES Y EDIFICA;enero;COP; SUMINISTRO E INSTALACIÓN DE LAMPARAS S2 AREA MOTOS;GESTIÓN DE INFRAESTRUCTURA Y PLANTA FÍSICA;09/01/2026;SRV MTTO INFRAESTR;1.335.771,00
1000022644;INSTA ELÉCTRICA Y PINTURA S1;SERVICIO MANTO. CONSTRUCCIONES Y EDIFICA;enero;COP; SUMINISTRO E INSTALACIÓN ESTRUCTURA ELECTRICA + PINTURA AREA BICIS ELECTRICAS;GESTIÓN DE INFRAESTRUCTURA Y PLANTA FÍSICA;09/01/2026;SRV MTTO INFRAESTR;3.954.888,00
1000022645;ADECU EXTRACCIÓN P1 LAB LEGACY;MANTENIMIENTO MAQUINARIA Y EQUIPO;enero;COP; ADECUACIÓN DUCTOS EXTRACCIÓN AREA LABORATORIOS P1 LEGACY;GESTIÓN DE INFRAESTRUCTURA Y PLANTA FÍSICA;09/01/2026;SRV MTTO INFRAESTR;1.138.830,00
1000022658;RENOVACION SIIGO 2026-2027;LICENCIAS Y SOFTWARE;enero;COP; SOFTWARE SIIGO Supervisor: Henry Diaz Proveedor: Siigo SAS Valor de la compra: COP $4.053.942 Exento de IVA Forma de pago: Pago;INFRAESTRUCTURA Y TELECOMUNICACIONES;08/01/2026;LICENCIAS Y SUBSCR;4.053.942,00
1000022661;Evento Ean Vitual Lanzamiento;PROMOCION DIVULGACION;enero;COP; LANZAMIENTO EAN VIRTUAL 18 DE FEBRERO;PUBLICIDAD;09/01/2026;INSTITUCIONALES ;28.469.798,00
1000022659;MTTO PREV TRIMESTRAL PTALL FUNDADOR 2026;MANTENIMIENTO MAQUINARIA Y EQUIPO;enero;COP; SERVICIO DE MANTENIMIENTO PREVENTIVO A LA PLANTA DE TRATAMIENTO AGUAS LLUVIAS DEL EDIFICIO FUNDADORRES TRIMESTRAL MES FEB MAY A;GESTIÓN DE INFRAESTRUCTURA Y PLANTA FÍSICA;15/01/2026;SRV MTTO INFRAESTR;2.023.000,00
1000022680;TUBO LED T5 PHILIPS LUZ BLANCA;;enero;COP; Luminarias T5 Edificio Fundadores;GESTIÓN DE INFRAESTRUCTURA Y PLANTA FÍSICA;09/01/2026;SRV MTTO INFRAESTR;1.047.200,00
1000022681;PULSADOR ASCEN PISO 6 FUND;MANTENIMIENTO MAQUINARIA Y EQUIPO;enero;COP; MTTO CORREC  BOTONERA ASCENSOR # 2  EDF FUNDADORES SCHINDLER;GESTIÓN DE INFRAESTRUCTURA Y PLANTA FÍSICA;15/01/2026;SRV MTTO INFRAESTR;278.316,00
1000022647;Servicio transporte Medellin 14 ene;PASAJES TERRESTRES;enero;COP; Rutranscol COTIZACION TF- 087945 Servicio transporte Medellin 14 de enero;CONSULTORÍA ESPECIALIZADA;09/01/2026;TRANSPORTE ;350.000,00
1000022662;POLIZAS CAR: 2065817- 2065822;CUMPLIMIENTO;enero;COP; Póliza CAR Convenio CAR-CONV-ASO-3120-2024 EAN POLIZAS: 2065817- 2065822;DIRECCIÓN DE EXTENSIÓN COMERCIAL;09/01/2026;SEGUROS;1.698.013,00
1000022649;PINTURA ÁREA DE MOTOS S2 FUND;SERVICIO MANTO. CONSTRUCCIONES Y EDIFICA;enero;COP; PINTURA Y DEMARCACIÓN DE PARQUEADEROS S2 ÁREA DE MOTOS PROCESO DE COMPRAS CUADRO COMPARATIVO CASO 72578 VALOR $ 8.512.323 PRO;GESTIÓN DE INFRAESTRUCTURA Y PLANTA FÍSICA;15/01/2026;SRV MTTO INFRAESTR;8.512.323,00
1000022648;Licencias Cap Cut planes anuales;BASE DE DATOS;enero;COP; 2 licencias de Capcut para el equipo de Comunicaciones. Se solicitan 2 planes anuales;PUBLICIDAD;14/01/2026;LICENCIAS Y SUBSCR;1.399.800,00
1000022671;PLATAFORMA AUTOMATIZACIÓN INSTAGRAM;LICENCIAS Y SOFTWARE;enero;USD; Automatización de campañas de EanX por medio de software de gestión de la red social Instagram.;EAN X PROYECTOS;30/01/2026;LICENCIAS Y SUBSCR;90
1000022672;Mantenimiento Equillibio Febrero;HONORARIOS ASESORIA TECNICA;enero;COP; Equipo de mantenimiento y monitoreo para dar servicio a la infraestructura instalada en Azure. Incluye: ➔ Monitoreo Core y Al;EAN X PROYECTOS;28/01/2026;SERVICIOS PROFESIO;4.400.000,00
1000022690;Mallinas ingresos eventos post y pregrad;PROMOCION DIVULGACION;enero;COP; Manillas y paletas de señaletica para Expo posgrados 15 de enero 2026 y Brunch pregrado 17 de enero;POSGRADO;14/01/2026;INSTITUCIONALES ;684.250,00
1000022673;Capacitacion Etica en la IA;HONORARIOS ASESORIA TECNICA;enero;COP; Capacitacion IA - Profesora Adriana Paola Martinez Valor: $1.137.059;EVALUACIÓN Y DESARROLLO INTEGRAL;14/01/2026;SERVICIOS PROFESIO;871.559,00
1000022663;AUTO TAXI POSGRADO 2025 DICIEMBRE IVA;TAXIS BUSES;enero;COP; SERVICIOS AUTOTAXI MES DE DICIEMBRE PARA PAGO EN ENERO 2026 POR VALOR DE $ 91.997 PARA EL ÁREA DE POSGRADO.;GESTIÓN DE INFRAESTRUCTURA Y PLANTA FÍSICA;15/01/2026;TRANSPORTE ;91.997,00
1000022664;CABIFY VAF DICIEMBRE 2025;TAXIS BUSES;enero;COP; SERVICIOS CABIFY MES DICIEMBRE PARA PAGO EN ENERO 2026 VALOR TOTAL DE $665.969 LAS ÁREAS SOLICITANTES SON: VAF, RECTORÍA Y PR;GESTIÓN DE INFRAESTRUCTURA Y PLANTA FÍSICA;15/01/2026;TRANSPORTE ;665.969,00
1000022683;EXCEPCIÓN PICO Y PLACA VEHICULO;TRAMITES LICENCIAS;enero;COP; PAGO EXCEPCIÓN PICO Y PLACA VEHICULO MIEMBRO SALA GENERAL PLACA HCL553, FECHA DE INICIO 14/01/2026, FECHA FIN 13/02/2026.;SALA GENERAL;14/01/2026;TRANSPORTE ;801.800,00
1000022682;HONORARIOS HEATERWICK S CONSTRUCTION M1;;enero;USD; TAX INVOICE  5469 HEATHERWICK ADDITIONAL CONSTRUCTION-MONTH 1 $22.157 DOLARES AMERICANOS Activo: 130000002 10600801  CONSTRUCCI;GESTIÓN DE INFRAESTRUCTURA Y PLANTA FÍSICA;19/01/2026;SERVICIOS PROFESIO;22.157,00
1000022665;MTTO PREV ASCENSORES MITSUBI LEGACY 2026;MANTENIMIENTO MAQUINARIA Y EQUIPO;enero;COP; MANTENIMIENTO PREVENTIVO DE ASCENSORES MITSUBISHI EDF LEGACY POR 12 MESES (MARZO-DIC 2025 Y ENE - FEB 2026 SE JUSTIFICA COMO Ú;GESTIÓN DE INFRAESTRUCTURA Y PLANTA FÍSICA;16/04/2026;SRV MTTO INFRAESTR;89.408.979,00
1000022684;MTTO PREV ASCENSO SCHINDLE FUNDADOR 2026;MANTENIMIENTO MAQUINARIA Y EQUIPO;enero;COP; Mantenimiento Preventivo por 12 Meses de 4 Ascensores Marca Schindler Edificio Fundadores Se justifica como unico proveedor, YA;GESTIÓN DE INFRAESTRUCTURA Y PLANTA FÍSICA;21/01/2026;SRV MTTO INFRAESTR;30.504.124,00
1000022675;Segmentación clicks Lenguas Modernas;PROMOCION DIVULGACION;enero;COP; Incluye segmentación dentro de toda la red de portales con banners tradicionales para direccionar a la URL que defina el clien;PUBLICIDAD;20/01/2026;INSTITUCIONALES ;7.140.000,00
1000022676;Segmentación clicks Ingenieria;PROMOCION DIVULGACION;enero;COP; ESTRATEGIA DE CLICK SEGMENTADOS Se entregan 2.500 clics Campaña activa mínimo 15 días -INGENIERIA;PUBLICIDAD;20/01/2026;INSTITUCIONALES ;7.140.000,00
1000022677;VALLA CALLE 80;PROMOCION DIVULGACION;enero;COP; VALLA CALLE 80 AV BOYACA MARKET MEDIOS;PUBLICIDAD;21/01/2026;INSTITUCIONALES ;19.040.000,00
1000022674;REFRIGERIOS EXPO POSGRADOS ENERO 15;ALIMENTOS (DESAYU-REFRIG-ALMUERZO);enero;COP; Alimentación expo posgrados y brunch pregrado 15 y 17 de enero 2026 Kabod;POSGRADO;21/01/2026;ALIMENTACION Y REF;699.960,00
1000022618;MANTTO CORRECTIVO AA BIBLIOTECA;MANTENIMIENTO MAQUINARIA Y EQUIPO;enero;COP; MANTENIMIENTO CORRECTIVO AIRE ACONDICIONADO BIBLIOTECA;GESTIÓN DE INFRAESTRUCTURA Y PLANTA FÍSICA;21/01/2026;SRV MTTO INFRAESTR;1.618.400,00
1000022619;CHAPAS BAÑOS DISCAPACITADOS EDF LEGACY;SERVICIO MANTO. CONSTRUCCIONES Y EDIFICA;enero;COP; CAMBIO DE CHAPAS BAÑOS DISCAPACITADOS EDIFICIO LEGACY.;GESTIÓN DE INFRAESTRUCTURA Y PLANTA FÍSICA;21/01/2026;SRV MTTO INFRAESTR;2.618.000,00
1000022691;SERVICIO TEC MTTO CASALIMPIA DIC 2025;SERVICIO MANTO. CONSTRUCCIONES Y EDIFICA;enero;COP; SERVICIO DE APOYO DE PERSONAL TECNICO DE MANTENIMIENTO DE CASALIMPIA PARA INTERVENCIÓN DE PINTURA Y ARREGLOS LOCATIVOS DE INFR;GESTIÓN DE INFRAESTRUCTURA Y PLANTA FÍSICA;21/01/2026;SRV MTTO INFRAESTR;10.937.648,00
1000022710;MTTO CORRECT VENTILA AULAS FUNDADORES;MANTENIMIENTO MAQUINARIA Y EQUIPO;enero;COP; MANTENIMIENTO CORRERCTIVO DE SISTEMA DE VENTILACIÓN AULAS EDF FUNDADORES.;GESTIÓN DE INFRAESTRUCTURA Y PLANTA FÍSICA;21/01/2026;SRV MTTO INFRAESTR;984.130,00
1000022679;EASY TAXI EDUCACIÓN CONT DICIEMBRE 2025;TAXIS BUSES;enero;COP; SERVICIO DE TRANSPORTE EASY TAXI DEL MES DE DICIEMBRE PARA PAGO EN ENERO 2026 POR VALOR DE $ 3.105.047. LAS ÁREAS SON: SERVICI;GESTIÓN DE INFRAESTRUCTURA Y PLANTA FÍSICA;21/01/2026;TRANSPORTE ;3.105.038,00
1000022702;ELECTRODO PARCHE DESECHABLE ADULTO – PAR;;enero;COP; Electrodos para desfribiladores Externos Automaticos Biocomercio;SISTEMA DE GESTIÓN DE LA SEGURIDAD Y SALUD EN EL TRABAJO;21/01/2026;DOTACIÓN Y ELEM. D;1.478.000,00
1000022692;Adecuacion barras de trabajo;MANTENIMIENTO MUEBLES Y ENSERES;enero;COP; RETIRO, RECORTE Y ADECUACIÓN DE BARRAS DE TRABAJO EN ÁREA DE GALERÍA - PROVEEDOR: K10 DESIGN - VALOR: $ 2'011.100;GESTIÓN DE INFRAESTRUCTURA Y PLANTA FÍSICA;21/01/2026;MUEBLES Y ENSERES ;2.011.100,00
1000021677;CASCARILLA DE ARROZ NATURAL BULTO DE 10K;;enero;COP; Caso Mesa de Ayuda Compras 66000 Proveedor Suministros G Y O SAS BP: 1000157765 Compra: CASCARILLA DE ARROZ NATURAL BULTO DE 10;DIRECCIÓN DE INVESTIGACIONES;16/01/2026;ELEM. LABORATORIO ;47.250,00
1000022678;Alquiler de escenarios deportivos Carmel;ALQUILER CANCHA DEPORTIVA;enero;COP; SOLICITUD DE CASOS  Actividad:  Alquiler de Escenarios deportivos Club El Carmel  Descripción:   Alquiler de cancha de fútbol;BIENESTAR UNIVERSITARIO;20/02/2026;ARRENDAMIEN Y ALQU;48.315.648,00
1000022666;RENOVACION LICENCIA POSTMAN 2026;LICENCIAS Y SOFTWARE;enero;USD; RENOVACIÓN LICENCIA POSTAM Supervisor: Diego Rivera Proveedor: Postman Forma de pago: Tarjeta de Crédito Vigencia: 24 Abr 202;SISTEMAS DE INFORMACIÓN;19/05/2026;LICENCIAS Y SUBSCR;1.140,00
1000022667;RENOVACION APPLE DEVELOPER 2026;LICENCIAS Y SOFTWARE;enero;USD; RENOVACION APPLE DEVELOPER Supervisor: Diego Rivera Proveedor: Apple Valor de la compra: USD 99 Exento de IVA Vigencia: 07 Abr;SISTEMAS DE INFORMACIÓN;21/01/2026;LICENCIAS Y SUBSCR;99
1000022668;RENOVACION ENCUESTAS TYPERFORM 2026;LICENCIAS Y SOFTWARE;enero;USD; RENOVACION ENCUESTAS TYPERFORM Supervisor: Diego Rivera Proveedor: TYPERFORM Valor de la compra: USD $890 Exento de IVA Forma d;SISTEMAS DE INFORMACIÓN;21/01/2026;LICENCIAS Y SUBSCR;890
1000022669;RENOVACION LICENCIAS JIRA 2026;LICENCIAS Y SOFTWARE;enero;USD; REONVACIÓN LICENCIAS JIRA Supervisor: Diego Rivera Proveedor: Atlassian Valor de la compra: USD $2.750 Exento de IVA Vigencia;SISTEMAS DE INFORMACIÓN;23/01/2026;LICENCIAS Y SUBSCR;2.750,00
1000022685;Pago artículo de investigación MDPI;INSCRIPCION EVENTOS NACIONAL - INTERNACI;enero;USD; Caso mesa de servicios: 73004. Pago con TC. Publicación artículo de investigación: Measuring the Social Innovation Impact of;DIRECCIÓN DE INVESTIGACIONES;19/01/2026;LICENCIAS Y SUBSCR;2.997,36
1000022700;LICENCIA AUTOCAD PLANTA FISICA 2026;LICENCIAS Y SOFTWARE;enero;USD; LICENCIA AUTOCAD – PLANTA FISICA Supervisor: Henry Diaz Proveedor: AUTODESK Valor de la compra: USD 1.950 Exento de IVA Vigen;EXPERIENCIA DE USUARIO;12/03/2026;LICENCIAS Y SUBSCR;2.320,50
1000022701;RENOVACION GSUITE FONDO IMPACTA 2026;LICENCIAS Y SOFTWARE;enero;USD; GSUITE FONDO IMPACTA Supervisor: Henry Diaz Proveedor: Google Valor de la compra: USD $1.331 Exento de IVA Vigencia de la compr;EXPERIENCIA DE USUARIO;29/01/2026;LICENCIAS Y SUBSCR;1.331,00
1000022722;MTTO PREVE ATRIO 2026;SERVICIO MANTO. CONSTRUCCIONES Y EDIFICA;enero;COP; SERVICIO DE MTTO PREV GRADA MOTORIZADA ATRIO 2 VECES AL AÑO ABRIL - OCTUBRE  2026;GESTIÓN DE INFRAESTRUCTURA Y PLANTA FÍSICA;21/01/2026;SRV MTTO INFRAESTR;575.317,00
1000022723;FACTURA SERVIENTREA Nro. 3 5081291;CORREO, PORTES Y TELEGRAMAS;enero;COP;;GESTIÓN DOCUMENTAL;03/02/2026;TRANSPORTE ;397.610,00
1000022724;Morrales Lenovo;PROMOCION DIVULGACION;enero;COP; Morrales Lenovo;CONSULTORIA PRIVADA;27/01/2026;DOTACIÓN Y ELEM. D;10.234.000,00
1000022721;VINILTEX BLANCO 1501 CANECA;;enero;COP; INSUMOS DE FERRETERIA COTIZACIÓN 2745 ENERO 15 DEL 2026;GESTIÓN DE INFRAESTRUCTURA Y PLANTA FÍSICA;21/01/2026;ELEM. FERRETERIA C;2.317.395,00
1000022725;REFRIGERIOS BRUNCH PREGRADO ENERO 17;ALIMENTOS (DESAYU-REFRIG-ALMUERZO);enero;COP; Refrigerios brunch pregrados 17 de enero 2026 La Focaccia;POSGRADO;09/03/2026;ALIMENTACION Y REF;3.019.800,00
1000022693;VALOR CARGA;BONOS SODEXHO ;enero;COP; En el marco del nuevo modelo de compensación variable, la profesora BOTERO KLING ISABEL identificada con C.C. 52965504, quien;FACULTAD DE ADMINISTRACION;30/01/2026;BONOS ;1.440.437,00
1000022704;RENOVACION DOCUSING ANDRES RAMIREZ 2026;LICENCIAS Y SOFTWARE;enero;USD; DocuSing – Dr Andrés Ramírez Supervisor: Néstor Cantor Proveedor: Docusing Valor de la compra: USD 3.422 Exento de IVA Vig;SEGURIDAD INFORMÁTICA;31/03/2026;LICENCIAS Y SUBSCR;3.594,00
1300002950;SLopez_Gastos de viaje;PASAJES AEREOS;enero;COP; Gastos de viaje Silvio Lopez;CONSULTORÍA ESPECIALIZADA;21/01/2026;VIAJES;80.000,00
1000022686;Logistica IA Bootcamp- pre y post;HONORARIOS ASESORIA TECNICA;enero;COP; Contratación logistica para grupos de IA Bootcamp aceleradores de matriculas pregrado y posgrado;PREGRADO;19/01/2026;SERVICIOS PROFESIO;0
1000022703;Juan Pablo Llinas - Bootcamp IA;HONORARIOS ASESORIA TECNICA;enero;COP; Servicios de honorarios al docente Juan Pablo Llinás para dictar un Bootcamp IA con el fin de acelerar las matriculas de pregr;PREGRADO;20/01/2026;SERVICIOS PROFESIO;0
1000022720;COMISIÓN EXTRA CUMPLIMIENTO;COMISIONES VENTA EXTERNA;enero;COP; PAGO COMISIÓN CORPADEIN EXTRA CUMPLIMIENTO COHORTE IV MAESTRÍA EN GOBIERNO 2025-2;GERENCIA DE PROYECCIÓN Y CRECIMIENTO;03/02/2026;SERVICIOS PROFESIO;13.026.800,00
1000022741;Plan digital Posgrados Interactive Media;PROMOCION DIVULGACION;enero;COP;;GESTIÓN DE COMUNICACIONES Y PUBLICIDAD;20/01/2026;PUBLIC – MATER POP;0
1000022730;Elementos actividades jornada de bienven;SERVICIOS PARA EVENTOS;enero;COP; Elementos varios para el desarrollo de jornada de Bienvenida- SANTAELLA;PROTOCOLO Y GESTIÓN DE EVENTOS INTERNOS;20/01/2026;EVENTOS ;0
1000022688;SERVICIO DE CERRAJERIA EDF LEGACY ENE 20;SERVICIO MANTO. CONSTRUCCIONES Y EDIFICA;enero;COP; SERVICIO DE CERRAJERIA EDF LEGACY ENE 2026.;GESTIÓN DE INFRAESTRUCTURA Y PLANTA FÍSICA;22/01/2026;SRV MTTO INFRAESTR;1.099.560,00
1000022726;MTTO PREV EXTRACTORES CALLE 74 - 2026;MANTENIMIENTO MAQUINARIA Y EQUIPO;enero;COP; SERVICIO DE MTTO PREVENTIVO EQUIPOS DE EXTRACCIÓN LABORATORIOS CALLE 74 (4 RUTINAS FEB-MAYO-AGOS NOV 2026.;GESTIÓN DE INFRAESTRUCTURA Y PLANTA FÍSICA;22/01/2026;SRV MTTO INFRAESTR;3.552.864,00
1000022727;MTTO LOCKERS GIMNASIO ENERO 2026;MANTENIMIENTO MUEBLES Y ENSERES;enero;COP; MANTENIMIENTO LOCKERS GIMNASIO ENERO 2026.;GESTIÓN DE INFRAESTRUCTURA Y PLANTA FÍSICA;22/01/2026;SRV MTTO INFRAESTR;380.800,00
1000022731;Cargador para Dell 65W;;enero;COP; COMPRA CARGADORES DELL Proveedor: Boom accesorios Supervisor: Henry Diaz Valor de la compra: COP $1.247.715 IVA incluido Forma;EXPERIENCIA DE USUARIO;02/02/2026;HARDWARE ;1.247.715,00
1000022694;Traslado equipos de laboratorio;TRANSPORTE FLETES ACARREOS;enero;COP; Embalaje, traslado, instalación y calibración de equipos de laboratorio en edificio Legacy - Justificación como único prove;GESTIÓN DE INFRAESTRUCTURA Y PLANTA FÍSICA;21/01/2026;TRANSPORTE ;17.986.017,00
1000022729;Sketch teatral jornada de bienvenida;EVENTOS ESPECIALES;enero;COP; Sketch teatral jornada de bienvenida Honorarios cuatro (4) actores profesionales Ensayo general con acompañamiento de direcci;PROTOCOLO Y GESTIÓN DE EVENTOS INTERNOS;21/01/2026;INSTITUCIONALES ;6.200.000,00
1000022687;SERVICIOS AUROS ADMON ENE- DIC 2026 IVA;DIGITALIZACION EMPASTE;enero;COP; SERVICIO DE FOTOCOPIADO E IMPRESIÓN AUROS SAS POR VALOR DE $34.547.604 SERVICIOS ADMINISTRATIVOS AUROS COPIAS S.A.S 2026. PROC;GESTIÓN DE INFRAESTRUCTURA Y PLANTA FÍSICA;21/01/2026;IMPRESOS ;34.547.604,00
1000022740;Materiales Alineación estratégica profes;SERVICIOS AUROS;enero;COP; Escarapela Ecorrigida impresa, en papel ecológico certificado + cintasin estampar azul rey, marcadores KAPULUS;PROTOCOLO Y GESTIÓN DE EVENTOS INTERNOS;04/02/2026;IMPRESOS ;5.164.600,00
1000022695;desayuno de alineacion VAF;ALIMENTOS (DESAYU-REFRIG-ALMUERZO);enero;COP; desayuno de alineacion VAF final de año;VICERRECTORÍA ADMINISTRATIVA Y FINANCIERA;20/01/2026;ASEO Y CAFETERIA ;892.500,00
1000022728;Alimentación jornada bienvenida;SERVICIO MESERO;enero;COP; ALIMENTACIÓN JORNADAS DE BIENVENIDA ENERO 2026 GRUPO PROMO;PROTOCOLO Y GESTIÓN DE EVENTOS INTERNOS;20/01/2026;ALIMENTACION Y REF;34.954.000,00
1300002951;Gastos de viaje;PASAJES TERRESTRES;enero;COP; Gastos de viaje Jaime Reyes;CONSULTORÍA ESPECIALIZADA;21/01/2026;VIAJES;180.000,00
1000022689;Pasabocas Alineación Estrategica profes;SERVICIO MESERO;enero;COP; Pasabocas Alineación estratégica de profesores Kabod;PROTOCOLO Y GESTIÓN DE EVENTOS INTERNOS;21/01/2026;SERVICIOS PROFESIO;5.120.000,00
1000022705;Aplicación Visa V Beatriz Barreal;TRAMITES LICENCIAS;enero;COP; Legalización TC Pago aplicación visa v - Beatriz Barreal Pago realizado el 2 de enero de 2026;CONSULTORÍA ESPECIALIZADA;22/01/2026;SERVICIOS PROFESIO;421.992,00
1000022706;Aplicación Visa V Beatriz Barreal;TRAMITES LICENCIAS;enero;COP; Legalización TC Pago aplicación visa v - Beatriz Barreal Pago realizado el 16 de enero de 2026;CONSULTORÍA ESPECIALIZADA;22/01/2026;SERVICIOS PROFESIO;421.992,00
1000022707;Acompañamiento audiovisual Jornadas de B;ACTIV CULTURALES CIVICAS Y DEPORTIVAS;enero;COP; SOLICITUD DE CASOS Actividad: Acompañamiento audiovisual Jornadas de Bienvenida Descripción:  Servicio de acampamiento audiov;BIENESTAR UNIVERSITARIO;27/01/2026;SERVICIOS PROFESIO;2.000.000,00
1000022711;Chocolates 600;SERVICIO MESERO;enero;COP; CARACTERISTICAS Peso: 6 gramos/ und. Medida chocolate: 4 x 3 x 0,5 cm Origen • 37% cacao Empaque - Papel foil (aluminio) - Et;PROTOCOLO Y GESTIÓN DE EVENTOS INTERNOS;20/01/2026;SERVICIOS PROFESIO;733.086,00
1000022696;MTTO CORRECT CUBIERTA AV CHILE;SERVICIO MANTO. CONSTRUCCIONES Y EDIFICA;enero;COP; MANTENIMINETO CORRECTIVO CUBIERTA - GOTERAS AV CHILE;GESTIÓN DE INFRAESTRUCTURA Y PLANTA FÍSICA;22/01/2026;SRV MTTO INFRAESTR;2.356.705,00
1000022708;SER. MTTO APIARIO CANOPY;SERVICIO MANTO. CONSTRUCCIONES Y EDIFICA;enero;COP; SERVICIO DE MANTENIMIENTO COLMENAS APIARIO CANOPY URBANO POR EL TERMINO DE 12 MESES  Valor $6.461.132 Proveedor: BEE FOOD S.A.S;GESTIÓN DE INFRAESTRUCTURA Y PLANTA FÍSICA;22/01/2026;SRV MTTO INFRAESTR;6.461.129,00
1000022709;SER. MTTO EAN ORINOQUIA;HONORARIOS;enero;COP; SERVICIO DE MANTENIMIENTO Y JARDINERIA INFRAESTRUCTURA FISICA SEDE EAN ORINOQUIA POR EL TERMINO DE DOS (2) MESES  Valor $5.538.;GESTIÓN DE INFRAESTRUCTURA Y PLANTA FÍSICA;22/01/2026;SRV MTTO INFRAESTR;5.538.780,00
1000022732;Cartucho plotter;;enero;COP; MANTENIMIENTO PLOTTER PLANTA FÍSICA - PROVEEDOR: BOOM ACCESORIOS - VALOR: $933.555;GESTIÓN DE INFRAESTRUCTURA Y PLANTA FÍSICA;22/01/2026;SRV MTTO INFRAESTR;933.555,00
1000022742;REVISIÓN DEL DISEÑO ESTRUCTURAL CL 71;;enero;COP; PROYECTO: CASAS DE CONSERVACIÓN CALLE 71 CONTRATISTA : INGDER OBJETO: PROPUESTA PARA LA REVISIÓN  DEL DISEÑO ESTRUCTURAL  PA;GESTIÓN DE INFRAESTRUCTURA Y PLANTA FÍSICA;22/01/2026;SERVICIOS PROFESIO;4.165.000,00
1000022750;MTTO PREVE 4 PUERTAS AUTO 2026;MANTENIMIENTO MAQUINARIA Y EQUIPO;enero;COP; MTTO PREVENTIVO PUERTAS AUTOMATICAS INGRESO - SALIDA VEHICULAR + RECEPCIÓN C 79  2026.;GESTIÓN DE INFRAESTRUCTURA Y PLANTA FÍSICA;26/01/2026;SRV MTTO INFRAESTR;5.216.960,00
1000022734;Publireportaje El Tiempo;PROMOCION DIVULGACION;enero;COP; Ampliación Publireportaje El Tiempo;PUBLICIDAD;28/01/2026;INSTITUCIONALES ;15.374.800,00
1000022736;Participación Experience Summit;PROMOCION DIVULGACION;enero;COP; Participación en evento Customer Experience Summit 2026 Patrocinio paquete 3;PUBLICIDAD;29/01/2026;INSTITUCIONALES ;17.850.000,00
1000022737;Mistral gastos rep;GASTOS DE REPRESENTACION;enero;COP; GASTOS REPRESENTACIÓN 16 DE ENERO;GERENCIA DE PROYECCIÓN Y CRECIMIENTO;27/01/2026;ALIMENTACION Y REF;84.239,00
1000022738;Mistral gastos rep;GASTOS DE REPRESENTACION;enero;COP; Gastos de representación 22 de enero;GERENCIA DE PROYECCIÓN Y CRECIMIENTO;27/01/2026;ALIMENTACION Y REF;23.100,00
1000022735;TARJETAS BIG PASS;PROMOCION DIVULGACION;enero;COP; Tajetas big pass;CONSULTORIA PRIVADA;26/02/2026;BONOS ;22.843.852,00
1000022733;RENOVACION LICENCIAS ZAPIER 2026;;enero;USD; LICENCIAS ZAPIER Supervisor: Diego Rivera Proveedor: Zapier INC Valor de la compra: USD $4.788 Exento de IVA Vigencia de la com;SISTEMAS DE INFORMACIÓN;22/01/2026;LICENCIAS Y SUBSCR;4.788,00
1300002895;SLopez_Manutención;MANUTENCION;enero;COP; Gastos de viaje Silvio Andres Lopes Barrantes Quibdo 3 al 5 de febrero;CONSULTORÍA ESPECIALIZADA;26/01/2026;VIAJES;460.000,00
1300002896;SBulla_Manutencion;MANUTENCION;enero;COP; Gastos de viaje Sandra Milena Bulla Ortega Quibdo 3 al 5 de febrero;CONSULTORÍA ESPECIALIZADA;26/01/2026;VIAJES;460.000,00
1300002897;GVargas_Manutencion;MANUTENCION;enero;COP; Gastos de viaje Gustavo Adolfo Vargas Urrego Quibdo 3 al 5 de febrero;CONSULTORÍA ESPECIALIZADA;26/01/2026;VIAJES;460.000,00
1300002898;GHillon_Manutencion;MANUTENCION;enero;COP; Gastos de viaje German David Hillon Vega Quibdo 3 al 5 de febrero;CONSULTORÍA ESPECIALIZADA;26/01/2026;VIAJES;460.000,00
1300002899;DLosada_Manutencion;MANUTENCION;enero;COP; Gastos de viaje Danny Mauricio Losada Franco Quibdo 3 al 4 de febrero;CONSULTORÍA ESPECIALIZADA;26/01/2026;VIAJES;410.000,00
1300002960;JReyes_Manutención;MANUTENCION;enero;COP; Gastos de viaje Jaime Andres Reyes Paez Barranquilla 2 al 3 de febrero;CONSULTORÍA ESPECIALIZADA;26/01/2026;VIAJES;460.000,00
1300002961;MRuiz_Manutención;MANUTENCION;enero;COP; Gastos de viaje Maria Monica Ruiz Escobar Barranquilla 2 al 4 de febrero;CONSULTORÍA ESPECIALIZADA;26/01/2026;VIAJES;460.000,00
1300002962;BBaptiste_Manutención;MANUTENCION;enero;COP; Gastos de viaje Brigitte Baptiste Barranquilla 3 de febrero;CONSULTORÍA ESPECIALIZADA;26/01/2026;VIAJES;400.000,00
1000022739;MTTO AIRE PRECISIÓN CANATAL 2026 TRIMEST;MANTENIMIENTO MAQUINARIA Y EQUIPO;enero;COP; SERVICIO MTTO PREVENTIVO EQUIPOS DE AIRE ACONDICIONADO DE PRECISIÓN DEL DATA-CENTER EDF FUNDADORES TRIMESTRAL 7X24 4 ACTIVIDAD;GESTIÓN DE INFRAESTRUCTURA Y PLANTA FÍSICA;28/01/2026;SRV MTTO INFRAESTR;4.443.364,00
1000022761;MTTO PREV CALENTADORES LEGACY 2026;MANTENIMIENTO MAQUINARIA Y EQUIPO;enero;COP; MTTO PREVENTIVO DE CALENTADORES DE AGUA PARA LAS DUCHAS 5 EQUIPOS MAYO Y NOVIEMBRE 2026;GESTIÓN DE INFRAESTRUCTURA Y PLANTA FÍSICA;26/01/2026;SRV MTTO INFRAESTR;1.200.001,00
1000022762;GESTION RESIDUOS GRASOS+MTTO ZHANA GTRAP;MANTENIMIENTO MAQUINARIA Y EQUIPO;enero;COP; SERVICIO DE GESTION INTEGRAL DE RESIDUOS GRASOS DEL EQUIPO ZHANA G-TRAP DE LA CAFETERIA REGIONAL- MTTO BIMENSUAL ENE-FEB -ABRIL;GESTIÓN DE INFRAESTRUCTURA Y PLANTA FÍSICA;28/01/2026;SRV MTTO INFRAESTR;1.125.621,00
1000022751;Actualización RUP;TRAMITES LICENCIAS;enero;COP; ACTUALIZACIÓN DEL RUP;DIRECCIÓN DE EXTENSIÓN COMERCIAL;03/02/2026;INSTITUCIONALES ;444.000,00
1000022760;CAMISETAS TIPO POLO;;enero;COP; Marketing y creatividad COTIZACIÓN EAN_ 348 Camietas tipoo polo;CONSULTORÍA ESPECIALIZADA;23/01/2026;DOTACIÓN Y ELEM. D;255.431,00
1000022698;DIGITALIZACIÓN E IMPR. DE PLANO MEDIO;DIGITALIZACION EMPASTE;enero;COP; SERVICIOS AUROS PARA EL AÑO 2026 POR VALOR $ 2.116.397 PROYECTO HUMANSE.;GESTIÓN DE INFRAESTRUCTURA Y PLANTA FÍSICA;22/05/2026;IMPRESOS ;2.116.396,00
1300002933;DBuritica_Manutención;MANUTENCION;enero;COP; Gastos de viaje Daniel Francisco Buritica Cordoba Barranquilla 3 de febrero;CONSULTORÍA ESPECIALIZADA;26/01/2026;VIAJES;350.000,00
1300002934;Alojamiento Raul Camacho;ALOJAMIENTO;enero;COP; Hotel Holiday Inn Express Barranquilla Evento 15 y 16 de enero;CONSULTORÍA ESPECIALIZADA;17/02/2026;VIAJES;6.936.212,00
1300002942;ALOJAMIENTO VIAJE;ALOJAMIENTO;enero;COP; CONTRATISTA: SANDRA MERCHAN REINTEGRO DE GASTOS PARA VIAJE DE SOCIALIZACIÓN DEL PROYECTO HUMANISE, ESPECÍFICAMENTE RELACIONAD;GESTIÓN DE INFRAESTRUCTURA Y PLANTA FÍSICA;23/01/2026;VIAJES;14.025.000,00
1000022743;Serv Profesionales - Taller Think Wrong:;HONORARIOS EXTENSION;enero;COP; Servicios profesionales Ukua Technologies SAS (Solve Next) Metodología Think Wrong para la Alcaldía de Barranquilla 3 de febr;CONSULTORÍA ESPECIALIZADA;28/01/2026;SERVICIOS PROFESIO;11.900.000,00
1000022763;CONSTRUCTION MONTH 2;;enero;USD; TAX INVOICE  5479 HEATHERWICK ADITIONAL CONSTRUCTION-MONTH 2 $22.157 DOLARES AMERICANOS Activo: 130000002 10600801  CONSTRUCCIO;GESTIÓN DE INFRAESTRUCTURA Y PLANTA FÍSICA;23/01/2026;SERVICIOS PROFESIO;22.157,00
1000022744;Modulos QR para aplicación;LICENCIAS Y SOFTWARE;enero;EUR; SOLICITUD DE CASOS Actividad: Modulo QR para aplicación Descripción: Módulo adicional para la automatización y validación;BIENESTAR UNIVERSITARIO;11/02/2026;SOFTWARE ;400
1000022712;SERVICIO TRANSPORTE MIEMBROS SALA GENERA;PASAJES TERRESTRES;enero;COP; SEGUN CUENTA DE COBRO NO.68 SERVICIO DE TRANSPORTE MIEMBROS SALA GENERAL ENERO DE 2026.;SALA GENERAL;27/01/2026;TRANSPORTE ;8.668.000,00
1000022713;RECOBRAR COLOMBIA;HONORARIOS;enero;COP; RECOBRAR COLOMBIA SAS Cobro Diciembre 2025 Alvaro Castro;DIRECCIÓN DE RECURSOS FINANCIEROS;27/01/2026;OUTSOURCING ;49.980,00
1000022714;FINCOVAL GESTION COBRO DICIEMBRE 2025;HONORARIOS;enero;COP; FINCOVAL S.A.S. Gestión Cobro Diciembre 2025;DIRECCIÓN DE RECURSOS FINANCIEROS;27/01/2026;OUTSOURCING ;1.324.626,00
1000022715;FINCOVAL COMISION DICIEMBRE 2025;HONORARIOS;enero;COP; FINCOVAL S.A.S. Comisión Gestion cobro Diciembre 2025;DIRECCIÓN DE RECURSOS FINANCIEROS;27/01/2026;OUTSOURCING ;634.620,00
1000022717;EDTECH DICIEMBRE 2025;HONORARIOS;enero;COP; EDTECH SOLUCIONES DE COLOMBIA SAS 250 solicitudes realizadas en el mes de Diciembre 2025  c/u 40.428,36;DIRECCIÓN DE RECURSOS FINANCIEROS;27/01/2026;OUTSOURCING ;10.107.090,00
1000022747;Petos institucionales, elaborados en tel;;enero;COP; SOLICITUD DE CASOS  Actividad:  Petos deportivos  Descripción:  Compra de Petos deportivos para las diferentes disciplinas de;BIENESTAR UNIVERSITARIO;06/02/2026;DOTACIÓN Y ELEM. D;1.290.000,00
1000022745;SEÑALES. Dimensiones: 43,18 cm x 27,94 c;PROMOCION DIVULGACION;enero;COP; SOLICITUD DE CASOS  Actividad:  Letrero para Ball pit,letrero para timbre complemento de cabina de emociones  Descripción:  Le;BIENESTAR UNIVERSITARIO;27/01/2026;IMPRESOS ;520.989,00
1000022746;Refrigerios inicial programa gestor BU y;ALIMENTOS (DESAYU-REFRIG-ALMUERZO);enero;COP; SOLICITUD DE CASOS  Actividad:  Refrigerios inicial programa gestor BU y docentes BU  Descripción:  Refrigerios para los  estu;BIENESTAR UNIVERSITARIO;27/01/2026;ALIMENTACION Y REF;720.000,00
1000022754;1.944 REFRIGERIOS DIPLOMADO TRADING;ALIMENTOS (DESAYU-REFRIG-ALMUERZO);enero;COP; Refrigerios DIPLOMADO TRADING E INVERSIONES CON CERTIFICACIÓN BMC Cohorte I y II Refrigerios para 54 personas Proveedor - Refr;EDUCACIÓN CONTINUADA PROYECTOS;20/05/2026;ALIMENTACION Y REF;25.560.000,00
1000022716;LICENCIAS ASPEN 2026;LICENCIAS Y SOFTWARE;enero;USD; LICENCIAS ASPEN Supervisor: Henry Diaz Proveedor: Aspentech Valor de la compra: USD $3.000 Exento de IVA Vigencia: Un año a pa;EXPERIENCIA DE USUARIO;02/02/2026;LICENCIAS Y SUBSCR;3.000,00
1000022718;SUSCRIPCION LACNIC 2026;LICENCIAS Y SOFTWARE;enero;USD; SUSCRIPCION  LACNIC 2026 Supervisor: Henry Diaz Proveedor: Lacnic Valor de la compra: USD $316,50 Exento de IVA Vigencia: 28 Fe;EXPERIENCIA DE USUARIO;02/02/2026;LICENCIAS Y SUBSCR;316,5
1000022770;LICENCIAS ARCHITEC 2026;LICENCIAS Y SOFTWARE;enero;COP; RENOVACION LICENCIAS ARCHITEC 2026 Supervisor: Henry Diaz Proveedor: Arquesoft Valor de la compra: COP $7.621.950 IVA incluido;EXPERIENCIA DE USUARIO;02/02/2026;LICENCIAS Y SUBSCR;7.621.950,00
1000022753;Membresia ASEUC -2026;AFILIACIONES MEMBRESIAS NACIONALES;enero;COP; Caso mesa de servicios:73507. Cuota de sostenimiento anual ASEUC vigencia 2026. Proveedor: Asociación de Editoriales Universit;PUBLICACIONES CIENTIFICAS Y DOCENTES;27/01/2026;SERVICIOS PROFESIO;7.970.000,00
1000022749;EVENTS SPRING 2026 BOG Y CALI;PROMOCION DIVULGACION;enero;USD; Events Spring 2026 Latam QS Discover Masters - Bogota -Table - Spring 2026 Network and connect with early-stage master’s cand;PUBLICIDAD;28/01/2026;EVENTOS ;3.275,00
1000022781;AMBULANCIA Y APOYO EVENTO SALUD CLUSTER;OTROS SERVICIOS;enero;COP; Ambulancia, auxiliar salud, Coordinador y Apoyo evento- EVENTO SALUD CLUSTER FARMACEUTICA;REGIONES;30/01/2026;EVENTOS ;2.117.010,00
1000022748;Apoyo manutencion beca pila;MANUTENCION;enero;COP; Apoyo financiero para becario PILA 2026-1, por un total de 9.592.000 pesos, pagando cuatro cuotas mensuales de 2.398.000 corres;GERENCIA DE INTERNACIONALIZACIÓN Y RELACIONES INSTITUCIONALES;04/02/2026;INTERNACIONALES ;9.592.000,00
1000022780;CANJE RCN UEAN I-26;PROMOCION DIVULGACION;enero;COP; Orden de Compra: 4700092145. AUXILIO CONVENIO EDUCATIVO. ESTUDIANTE BENFICIARIOS CRISTIHAN DAVID MESA SARMIENTO, SANDRA MILENA;PUBLICIDAD;29/01/2026;INSTITUCIONALES ;33.367.199,00
1000022782;Biz Fest 2026  Med- Bog- Cali;PROMOCION DIVULGACION;enero;COP; Biz Fest 2026 - Festival de emprendimiento y liderazgo para jóvenes Medellín- Cali - Bogotá;PUBLICIDAD;09/06/2026;INSTITUCIONALES ;75.000.000,00
1000022772;CAMISETAS Y BUZOS REGIONES;PROMOCION DIVULGACION;enero;COP; Camisetas y Buzos para el equipo de regiones y aliados;REGIONES;29/01/2026;DOTACIÓN Y ELEM. D;2.451.400,00
1000022773;CAMSIETAS PROMOTORES;PROMOCION DIVULGACION;enero;COP; Camisetas polo promotores;CONSULTORIA PRIVADA;29/01/2026;DOTACIÓN Y ELEM. D;1.785.000,00
1000022792;CEMENTO GRIS KILO;;enero;COP; SUMINISTROS DE FERRETERIA COT 2723 GENERAL ENERO 2426;GESTIÓN DE INFRAESTRUCTURA Y PLANTA FÍSICA;29/01/2026;ELEM. FERRETERIA C;894.200,00
1000022755;Pago fotocopias a AUROS;IMPRESOS PUBLICACIONES;enero;COP; Pago de $16.800 con Tarjeta de Crédito de Internacionalización a AUROS por concepto de fotocopias sacadas para la realizació;GERENCIA DE INTERNACIONALIZACIÓN Y RELACIONES INSTITUCIONALES;28/01/2026;IMPRESOS ;16.799,00
1000022758;del proceso de acreditación instituciona;PROMOCION DIVULGACION;enero;COP; promoción y divulgación del proceso de acreditación institucional de alta calidad;OFICINA DE PROYECTOS PMO;28/01/2026;IMPRESOS ;3.927.000,00
1000022791;Vinilos para rompe traficos;ACTIV CULTURALES CIVICAS Y DEPORTIVAS;enero;COP; SOLICITUD DE CASOS Actividad: Vinilos para rompe tráficos Bienestar Descripción: Compra de vinilos para cambio de informació;BIENESTAR UNIVERSITARIO;06/02/2026;IMPRESOS ;395.413,00
1000022790;novena vaf;ALIMENTOS (DESAYU-REFRIG-ALMUERZO);enero;COP; Refrigerios adicionales para la novena de la VAF con el rpoveedor frutice;VICERRECTORÍA ADMINISTRATIVA Y FINANCIERA;27/01/2026;ALIMENTACION Y REF;542.900,00
1000022783;1 BONO ALKOSTO KTRONIX.;PREMIOS - BONOS;enero;COP; COTIZACIÓN DE VENTA No: 0009076141 Descripción: Bonos Alkosto/GIFTCARD Val. Unitario: $ 100.000 Cant: 10 Val. Final: $ 1.000.;MEDIACIONES DIDÁCTICAS;06/02/2026;BONOS ;1.000.000,00
1000022756;Póliza 18-44-1011006 95 CONV 1240-2024;SEGUROS POLIZAS CUMPLIMIENTO;enero;COP; Solicitud ampliación garantía | Convenio 1240-2024 EAN Póliza 18-44-101100695 SEGUROS DEL ESTADO;DIRECCIÓN DE EXTENSIÓN COMERCIAL;28/01/2026;SEGUROS;486.091,00
1000022757;POLIZAS ATENEA 2079099 ANEXO 1 - 2079098;SEGUROS POLIZAS CUMPLIMIENTO;enero;COP; CONCILIACIÓN TC - POLIZAS ATENEA 2079099 ANEXO 1 - 2079098 ANEXO 1;PREGRADO;29/01/2026;SEGUROS;1.997.490,00
1000022764;ESTOLAS PARA GRADOS PRIVADOS 30 DE ENERO;GRADOS;enero;COP; COMPRA DE 275 ESTOLAS PARA GRADOS PRIVADOS EL 30 DE ENERO DE 2026,ASI: Pregrado: 61 Especialización: 39 Maestría: 170 Doctora;PROTOCOLO Y GESTIÓN DE EVENTOS INTERNOS;28/01/2026;GRADOS Y EVENTOS ;12.129.521,00
1000022765;MAESTRO DE CEREMONIAS;GRADOS;enero;COP; SERVICIO DE MAESTRO DE CEREMONIAS GRADOS PRIVADOS ENERO 30 DE 2026 (2 SESIONES);PROTOCOLO Y GESTIÓN DE EVENTOS INTERNOS;28/01/2026;GRADOS Y EVENTOS ;680.000,00
1000022766;AMBULANCIA DE CEREMONIA GRADOS PRIVADOS;SERVICIOS PARA EVENTOS;enero;COP; SOLICITUD DE BRIGADISTA Y AMBULANCIA PARA GRADOS PRIVADOS ENERO 2026. PROVEEDOR ADVANTAGE.;PROTOCOLO Y GESTIÓN DE EVENTOS INTERNOS;28/01/2026;GRADOS Y EVENTOS ;1.066.240,00
1300002935;Alojamiento Johanna Solano en Roma;INGRESOS TERCEROS;enero;COP; Pago por RESERVA DE ALOJAMIENTO para JOHANNA KARINA SOLANO MEZA, en el Bettoja Hotel Atlantico en Roma, del 27 de enero al 01 d;GERENCIA DE INTERNACIONALIZACIÓN Y RELACIONES INSTITUCIONALES;29/01/2026;VIAJES;3.006.715,00
1300002936;Tqte. Johanna Solano a Roma;INGRESOS TERCEROS;enero;COP; Compra de TIQUETE para JOHANNA KARINA SOLANO MEZA, quien viajó a Roma-Italia, del 26 de enero al 02 de febrero de 2026, para p;GERENCIA DE INTERNACIONALIZACIÓN Y RELACIONES INSTITUCIONALES;29/01/2026;VIAJES;4.355.504,00
1300002943;TRANSPORTE TERRESTRE;PASAJES TERRESTRES;enero;COP; VIÁTICOS PILAR PATIÑO - GRADOS MAESTRÍA EN GESTIÓN DE LA EDUCACIÓN VIRTUAL  BP - 1000192634;REGIONES;05/02/2026;VIAJES;450.000,00
1000022699;Residuos orgánicos diciembre 2025;TRANSPORTE FLETES ACARREOS;enero;COP; Residuos orgánicos diciembre 2025;GESTIÓN DE CALIDAD Y DE LOS PROCESOS;29/01/2026;SERVICIOS PROFESIO;96.500,00
1000022788;Pago grabaciones Girasoles;INGRESOS TERCEROS;enero;COP; contratacion de la empresa: Gema Audivisuales NIT: 901.908.813 Srvicios independientes para la realización de: grabación y ed;RECTORÍA;30/01/2026;PUBLIC – MATER POP;6.188.000,00
1000022794;CABLE HDMI X 3MTS (HDMI 1.4);LICENCIAS Y SOFTWARE;enero;COP; Adquisición materiales para el estudio de EanX.;DIRECCIÓN EAN X;29/01/2026;HARDWARE ;235.263,00
1000022777;CANJE RCN RADIO;PROMOCION DIVULGACION;enero;COP; CANJE RCN RADIO 52835668-MONTOYA CALDERON CAROLINA PSICOLOGÍA 2022-1  $         4.176.000 1023242625 BENAVIDES HERNANDEZ JUAN;PUBLICIDAD;29/01/2026;INSTITUCIONALES ;0
1000022785;MANILLAS EVENTOS;PROMOCION DIVULGACION;enero;COP; MANILLAS EVENTOS 1. Aguamarina: Ean empresas: 2000 2. Morada: Proveedores: 1200 3. Azul: Asistente a Evento Fundadores: 1000 4.;PREGRADO;30/01/2026;INSTITUCIONALES ;3.917.361,00
1000022800;Pauta 115 años El Tiempo;PROMOCION DIVULGACION;enero;COP; 115 AÑOS EL TIEMPO • El arte de aviso página ET se requiere miércoles 28 ene antes de 3pm • Te ponemos en contacto con l;PUBLICIDAD;30/01/2026;INSTITUCIONALES ;33.320.000,00
1000022801;PARTICIPACIÓN EXPOMALOCAS;PROMOCION DIVULGACION;enero;COP; PARTICIPACIÓN EN EXPOMALCAS DESDE EL STAND DE EL TIEMPO EN EXPOMALOCAS PODRÁ PARTICIPAR CON UN VOCERO -  LOGO PRESENTE EN LA;PUBLICIDAD;30/01/2026;INSTITUCIONALES ;9.520.000,00
1000022767;VINILTEX ALTA ASEPSIA BLANCO CANECA;;enero;COP; SUMINISTROS DE FERRETERIA COT 2780 LABORATORIO ENERO 24/2026.;GESTIÓN DE INFRAESTRUCTURA Y PLANTA FÍSICA;28/01/2026;ELEM. FERRETERIA C;747.707,00
1000022768;LAMPARA LED HERMETICA 2 X 18 SYLVANIA;;enero;COP; SUMINISTROS DE FERRETERIA LUMINARIAS PARQUEADEROS ENE 2026.;GESTIÓN DE INFRAESTRUCTURA Y PLANTA FÍSICA;28/01/2026;ELEM. FERRETERIA C;1.164.534,00
1000022787;ANTICIPO 100% PUERTO CARREÑO;INGRESOS TERCEROS;enero;COP; ANTICIPO PARA MARIA GABRIELA BOTERO MORENO DE 4.500.000 PARA GASTOS DE CONTRUCCION TANQUES PUERTO CARREÑO;RECTORÍA;05/02/2026;ELEM. FERRETERIA C;4.500.000,00
1000022786;LIBRO DRA CECILIA CRISSIEN;IMPRESOS PUBLICACIONES;enero;COP; SEGUN COTIZACION 0041283 BIOGRAFIA DRA CECILIA CRISSIEN DE PERICO LINEA 20 ADICIÓN LIBRO DRA CECILIA CRISSIEN DE PERICO $12.39;SALA GENERAL;24/06/2026;IMPRESOS ;46.335.000,00
1000022769;Estación de Café - Comite Red TI;ALIMENTOS (DESAYU-REFRIG-ALMUERZO);enero;COP; Creación de Caso [73694] Estación de café para el Comité de la Red TI, que tendrá lugar el próximo 29 de enero en la Univ;PUBLICACIONES CIENTIFICAS Y DOCENTES;28/01/2026;ALIMENTACION Y REF;340.000,00
1000022795;COCTEL DE CIERRE;ALIMENTOS (DESAYU-REFRIG-ALMUERZO);enero;COP; COCTEL DE CIERRE - DIPLOMADO LIDERAZGO FEMENINO PROM I CON EL PROVEEDOR REFRESHMENT. EDUCACIÓN CONTINUA.;EDUCACIÓN CONTINUADA PROYECTOS;11/02/2026;ALIMENTACION Y REF;1.500.000,00
1000022776;BONOS ALKOSTO ACELERADORES C1;PROMOCION DIVULGACION;enero;COP; Aceleradores C1 2026 BONOS ALKOSTO;CENTRO DE CONTACTO;05/02/2026;BONOS ;4.500.000,00
1000022784;BONOS ALKOSTO ACELERADORES C1;PROMOCION DIVULGACION;enero;COP; BONOS ALKOSTO Aceleradores C1 2026;GERENCIA DE PROYECCIÓN Y CRECIMIENTO;28/01/2026;BONOS ;0
1000022759;ACRIP SALARIOS;SUSCRIPCIONES  EVENTOS;enero;COP; ACRIP SALARIOS: ENCUESTA DE SALARIOS PARA ANÁLISIS DE ESTRUCTURA SALARIALES;SELECCIÓN DEL TALENTO Y CALIDAD DE VIDA;29/01/2026;LICENCIAS Y SUBSCR;1.785.000,00
1300002937;MANUTENCION;INGRESOS TERCEROS;enero;COP; Viaticos Christian David Jimenes Peralta cc. 1023912790 Viaje Bogota Puerto Carreño - grabaciones documental;RECTORÍA;04/02/2026;VIAJES;440.000,00
1000022774;Factura Godoy Cordoba FEV178416;SERVICOS PROFESIONALES DE ASESORAMIENTO;enero;COP; Servicio profesionales  Godoy Cordoba  FEV178416 Enero 2026;SELECCIÓN DEL TALENTO Y CALIDAD DE VIDA;29/01/2026;SERVICIOS PROFESIO;7.588.963,00
1000022775;Factura Lopez & Asociados  SAS AA-63328;SERVICOS PROFESIONALES DE ASESORAMIENTO;enero;COP; Servicios profesionales de   LOPEZ <(>&<)> ASOCIADOS SAS, por el valor de 5.081.895. (Iva incluido)factura numero AA-63328;SELECCIÓN DEL TALENTO Y CALIDAD DE VIDA;28/01/2026;SERVICIOS PROFESIO;5.081.895,00
1000022793;ACTAS DE VECINDAD;;enero;COP; PROYECTO HUMANISE. CONTRATISTA: TARGET INFORMATION SAS OBJETO: SERVICIOS PROFESIONALES DE ACTAS DE VECINDAD VALOR $ 56.576.170;GESTIÓN DE INFRAESTRUCTURA Y PLANTA FÍSICA;09/02/2026;SERVICIOS PROFESIO;56.576.170,00
1000022811;VIDRIO CORREDERA DUCHAS LEGACY;SERVICIO MANTO. CONSTRUCCIONES Y EDIFICA;enero;COP; CAMBIO DE VIDRIO CORREDERA AREA DUCHAS HOMBRES GIMNASIO PISO 4.;GESTIÓN DE INFRAESTRUCTURA Y PLANTA FÍSICA;29/01/2026;SRV MTTO INFRAESTR;1.609.927,00
1000022789;LEADS CURSOS Y CARRERAS;PROMOCION DIVULGACION;enero;USD; LEAD TRADICIONAL - Leads generados de acuerdo con la inversión Los leads se entregan en tiempo real y están sujetos a criteri;PUBLICIDAD;10/02/2026;INSTITUCIONALES ;3.300,00
1000022805;GRAN FORO COLOMBIA SEMANA;PROMOCION DIVULGACION;enero;COP; GRAN FORO COLOMBIA 2026- Participación como aliado;PUBLICIDAD;02/02/2026;INSTITUCIONALES ;11.900.000,00
1000022820;CLICS SEGMENTADOS MBA;PROMOCION DIVULGACION;enero;COP; Incluye segmentación dentro de toda la red de portales con banners tradicionales para direccionar a la URL que defina el clien;PUBLICIDAD;30/01/2026;INSTITUCIONALES ;3.570.000,00
1000022812;PAQUETE DE PILAS ENERGIZER X 48 UNIDADES;;enero;COP; SUMINISTRO DE 2 PAQUETES DE PILAS X 48 UND PARA LOS DISPENSADORES DE JABON BAÑOS.;GESTIÓN DE INFRAESTRUCTURA Y PLANTA FÍSICA;04/02/2026;ELEM. FERRETERIA C;352.240,00
1000022803;BARRA DE SODAS;ALIMENTOS (DESAYU-REFRIG-ALMUERZO);enero;COP; SOLICITUD DE SERVICIO DE ALIMENTACIÓN GRABACIÓN CARACOL .PROVEEDOR GRUPO PROMO.;GESTIÓN COMERCIAL EVENTOS EXTERNOS;30/01/2026;ALIMENTACION Y REF;84.240,00
1000022804;POLIZA CAR ANEXO 3;SEGUROS  POLIZAS;enero;COP; PÓLIZA 2065822-3  Convenio CAR-CONV-ASO-3120-2024 EAN;DIRECCIÓN DE EXTENSIÓN COMERCIAL;04/02/2026;SEGUROS;119.286,00
1000022802;DEMOLICIÓN FASE CASAS 71;;enero;COP; PROYECTO CALLE 71 CASAS DE RESTITUCIÓN OBJETO: DEMOLICIÓN FASE II CALLE 71 VIGENCIA 3 MESES + 1 MES PARA LIQUIDACIÓN BAJO AC;GESTIÓN DE INFRAESTRUCTURA Y PLANTA FÍSICA;18/08/2026;SERVICIOS PROFESIO;407.862.450,00
1000022810;Convalidación financiera;ESTUDIO DE SEGURIDAD;enero;COP; ASEC - Asesorías y Servicios Especiales Confiables;SELECCIÓN DEL TALENTO Y CALIDAD DE VIDA;29/01/2026;SERVICIOS PROFESIO;6.203.232,00
1000022813;Catalogación y clasificación de libros;HONORARIOS ASESORIA TECNICA;enero;COP; Catalogación y clasificación de 100 registros bibliográficos de libros y material didáctico en ALMA utilizan los estándare;BIBLIOTECA;30/01/2026;SERVICIOS PROFESIO;2.000.000,00
1000022806;Balon de Futbol- Esferico tener circ;;enero;COP; SOLICITUD DE CASOS  Actividad:  Elementos deportivos  Descripción:   Compra de elementos deportivos: balones de fútbol, de fu;BIENESTAR UNIVERSITARIO;05/02/2026;DOTACIÓN Y ELEM. D;11.498.494,00
1000022797;BRIGADISTA DE CEREMONIA GRADOS PRIVADOS;SERVICIOS PARA EVENTOS;enero;COP; SOLICITUD DE BRIGADISTA Y AMBULANCIA PARA GRADOS PRIVADOS ENERO 20263. PROVEEDOR ADVANTAGE.;PROTOCOLO Y GESTIÓN DE EVENTOS INTERNOS;30/01/2026;GRADOS Y EVENTOS ;399.840,00
1400015241;Pago CEE Beatriz Barreal;HONORARIOS EXTENSION;enero;USD; CONTRATO EDUCATIVO ESPECIAL Nº ________________ ENTRE LA UNIVERSIDAD EAN Y DOCENTE INTERNACIONAL Entre los suscritos, de una p;CONSULTORÍA ESPECIALIZADA;19/02/2026;VIAJES;500
1000022799;Joven Investigador Proyecto Externo;INGRESOS TERCEROS;enero;COP; Caso mesa de servicios:73867. JULIAN DAVID BELTRAN ARDILA. CC. 1.034.657.749. N° de BP: 1000229803. Vinculación como Joven In;DIRECCIÓN DE INVESTIGACIONES;05/02/2026;SERVICIOS PROFESIO;1.700.000,00
1000022830;HABLAME SAE;PROMOCION DIVULGACION;enero;COP; Hablame HACO 1002000507 SAE;SERVICIOS AL ESTUDIANTE;03/02/2026;SERVICIOS PROFESIO;3.974.148,00
1000022831;Admisiones;PROMOCION DIVULGACION;enero;COP; Hablame Admisiones 1002000507;SERVICIOS AL ESTUDIANTE;03/02/2026;SERVICIOS PROFESIO;3.974.148,00
1000022809;VINILOS ASCENSORES COTERMINALES;PROMOCION DIVULGACION;febrero;COP; EXTERIOR ASCENSORES. Dimensión: 110 cm x 210 cm. Impresión digital laminado mate sobre vinilo adhesivo. Incluye retiro y limp;GESTIÓN DE COMUNICACIONES Y PUBLICIDAD;05/02/2026;IMPRESOS ;669.643,00
1000022807;REFRIGERIOS CAPACITACIÓN CAVES;ALIMENTOS (DESAYU-REFRIG-ALMUERZO);febrero;COP; REFIRGERIO CAPACITACIÓN ALIADO DE CORRETAJE 22 PERSONAS- CAVES;REGIONES;03/02/2026;ALIMENTACION Y REF;320.000,00
1000022814;DESAYUNO LIDERES EMPRESAS PUBLICAS;ALIMENTOS (DESAYU-REFRIG-ALMUERZO);febrero;COP; Desayuno de líderes de entidades públicas a través de nuestro convenio con Función Pública 4 de febrero;POSGRADO;03/02/2026;ALIMENTACION Y REF;950.000,00
1000022815;Sistema 8;INGRESOS TERCEROS;febrero;COP; N° caso mesa de servicios:74087. Compra de Bioreactor - Proyecto de investigación externo Agrosavia. Proveedor: BUEN MANEJO D;DIRECCIÓN DE INVESTIGACIONES;05/02/2026;ELEM. LABORATORIO ;11.220.000,00
1000022203;Desarrollo de software_Starti;;febrero;COP; Solicitud compra  desarrollo de software de inteligencia artificial: AVE EAN Virtual.. 1.con el proveedor www.startti.ai contac;VICERRECTORÍA DE INNOVACIÓN ACADÉMICA;02/02/2026;LICENCIAS Y SUBSCR;91.000.000,00
1000022823;Pago membresía CCYK 2026;AFILIACIONES MEMBRESIAS INTERNACIONALES;febrero;COP; Pago membresía 2026 CCKY- Valor solped: 12.978.400 COP;GERENCIA DE INTERNACIONALIZACIÓN Y RELACIONES INSTITUCIONALES;12/02/2026;LICENCIAS Y SUBSCR;12.978.400,00
1000022832;LICENCIA SOFTWARE ANTIPLAGIO TURNITING A;;febrero;USD; SOFTWARE ANTIPLAGIO TURNITING Supervisor: Diego Rivera Proveedor: Turninting Valor Total de la compra: USD $29.478 Exento de IV;SISTEMAS DE INFORMACIÓN;13/03/2026;LICENCIAS Y SUBSCR;29.478,00
1000022808;TIQUETE CALI - BOG - CALI;PASAJES AEREOS;febrero;COP; MOTIVO: GRADOS - DESARROLLO DE ACTIVIDADES DE DIVULGACIÓN Y PROMOCIÓN DE LOS POSGRADOS EN EDUCACIÓN Y SU MMODELO VIRTUAL. FE;FACULTAD DE HUMANIDADES Y CIENCIAS SOCIALES;05/02/2026;VIAJES;559.044,00
1300002944;SLopez_Pasajes terrestres;PASAJES TERRESTRES;febrero;COP; Gastos de viaje Silvio Andres Lopez Barrantes;CONSULTORÍA ESPECIALIZADA;05/02/2026;VIAJES;120.000,00
1300002945;GHillon_Pasajes terrestres;PASAJES TERRESTRES;febrero;COP; Gastos de viaje German David Hillon Vega;CONSULTORÍA ESPECIALIZADA;05/02/2026;VIAJES;120.000,00
1300002946;LMunera_Pasajes terrestres;PASAJES TERRESTRES;febrero;COP; Gastos de viaje Liz Marian Munera Vasquez;CONSULTORÍA ESPECIALIZADA;05/02/2026;VIAJES;120.000,00
1300002947;HGuayara_Pasajes terrestres;PASAJES TERRESTRES;febrero;COP; Gastos de viaje Helena Giovahanna Guayara Gutierrez;CONSULTORÍA ESPECIALIZADA;05/02/2026;VIAJES;120.000,00
1300002948;GToro_Pasajes terrestres;PASAJES TERRESTRES;febrero;COP; Gastos de viaje Giselle Helena Toro Garay;CONSULTORÍA ESPECIALIZADA;05/02/2026;VIAJES;120.000,00
1300002953;AAGEHQM;PASAJES AEREOS;febrero;COP; Zeppelin AAGEHQM Sandra Milena Bulla Ortega Bogotá - Quibdo 3 - 5 febrero;CONSULTORÍA ESPECIALIZADA;12/02/2026;VIAJES;679.789,00
1300002954;AAGEHQW;PASAJES AEREOS;febrero;COP; Zeppelin AAGEHQW Gustavo Adolfo Vargas Urrego Quibdo - Bogotá 3 - 5 febrero;CONSULTORÍA ESPECIALIZADA;12/02/2026;VIAJES;306.703,00
1300002955;AAGEHRL;PASAJES AEREOS;febrero;COP; Zeppelin AAGEHRL German David Hillon Vega Bogotá - Quibdo 3 - 5 febrero;CONSULTORÍA ESPECIALIZADA;12/02/2026;VIAJES;679.789,00
1300002956;AAGEHUE;PASAJES AEREOS;febrero;COP; Zeppelin AAGEHUE Gustavo Adolfo Vargas Urrego Bogotá - Quibdo 3 - 5 febrero;CONSULTORÍA ESPECIALIZADA;12/02/2026;VIAJES;373.086,00
1300002957;AAGEHVD;PASAJES AEREOS;febrero;COP; Zeppelin AAGEHVD Danny Mauricio Losada Franco Medellín - Quibdo 3 - 5 febrero;CONSULTORÍA ESPECIALIZADA;12/02/2026;VIAJES;467.146,00
1300002964;AAGEHPX;PASAJES AEREOS;febrero;COP; Zeppelin AAGEHPX Silvio Andres Lopez Barrantes Bogotá - Quibdo 3 - 5 de febrero;CONSULTORÍA ESPECIALIZADA;12/02/2026;VIAJES;679.792,00
1300002965;AAGEHVT;PASAJES AEREOS;febrero;COP; Zeppelin AAGEHVT Sandra Milena Bulla Ortega Bogotá - Medellin 16 de febrero;CONSULTORÍA ESPECIALIZADA;12/02/2026;VIAJES;230.376,00
1300002966;AAGEHWG;PASAJES AEREOS;febrero;COP; Zeppelin AAGEHWG Gustavo Adolfo Vargas Urrego Bogotá - Medellin 16 de febrero;CONSULTORÍA ESPECIALIZADA;12/02/2026;VIAJES;230.376,00
1300002967;AAGEHWX;PASAJES AEREOS;febrero;COP; Zeppelin AAGEHWX German David Hillon Vega Bogotá - Medellin 16 de febrero;CONSULTORÍA ESPECIALIZADA;12/02/2026;VIAJES;230.376,00
1300002968;AAGEHZA;PASAJES AEREOS;febrero;COP; Zeppelin AAGEHZA Silvio Andres Lopez Barrantes Bogotá - Medellin 16 de febrero;CONSULTORÍA ESPECIALIZADA;12/02/2026;VIAJES;819.836,00
1300002969;AAGEHZX;PASAJES AEREOS;febrero;COP; Zeppelin AAGEHZX Sandra Milena Bulla Apartado - Bogotá 20 de febrero;CONSULTORÍA ESPECIALIZADA;18/02/2026;VIAJES;343.936,00
1300002970;AAGEIBI;PASAJES AEREOS;febrero;COP; Zeppelin AAGEIBI Gustavo Adolfo Vargas Urrego Apartado - Bogotá 20 de febrero;CONSULTORÍA ESPECIALIZADA;12/02/2026;VIAJES;378.446,00
1300002971;AAGEIBU;PASAJES AEREOS;febrero;COP; Zeppelin AAGEIBU German David Hillon Vega Apartado - Bogotá 20 de febrero;CONSULTORÍA ESPECIALIZADA;12/02/2026;VIAJES;378.446,00
1300002972;AAGEIHK;PASAJES AEREOS;febrero;COP; Zeppelin AAGEIHK Danny Mauricio Losada Franco Apartado - Medellin 20 de febrero;CONSULTORÍA ESPECIALIZADA;12/02/2026;VIAJES;318.946,00
1300002973;AAGFCRH;PASAJES AEREOS;febrero;COP; Zeppelin AAGFCRH Brigitte Baptiste Bogotá - Barranquilla 3 de febrero;CONSULTORÍA ESPECIALIZADA;12/02/2026;VIAJES;714.816,00
1300002974;AAGFDGA;PASAJES AEREOS;febrero;COP; Zeppelin AAGFDGA Maria Monica Ruiz Escobar Bogotá - Barranquilla 3 de febrero;CONSULTORÍA ESPECIALIZADA;12/02/2026;VIAJES;739.806,00
1300002975;AAGFDKG;PASAJES AEREOS;febrero;COP; Zeppelin AAGFDKG Jaime Andres Reyes Paez Bogotá - Barranquilla 2 - 3 de febrero;CONSULTORÍA ESPECIALIZADA;12/02/2026;VIAJES;739.806,00
1300002976;AAGFEPB;PASAJES AEREOS;febrero;COP; Zeppelin AAGFEPB Daniel Fernando Buritica Cordoba Bogotá - Barranquilla 3 - 4 de febrero;CONSULTORÍA ESPECIALIZADA;12/02/2026;VIAJES;744.566,00
1000022779;PINES DE RECONOCIMIENTO;ACTIV CULTURALES CIVICAS Y DEPORTIVAS;febrero;COP; MOTIVO: EVENTO JUBILADOS 2025 FECHA: 23 DE ENERO 2026 PROVEEDORES: PRISMARK, LA FOCACCIA - NICOLAS LEAÑO;FACULTAD DE HUMANIDADES Y CIENCIAS SOCIALES;05/02/2026;SERVICIOS PROFESIO;50.337,00
1000022816;REAN_97.20_On_Path_Investment_Under_Vs3_;HONORARIOS GESTION DEL CONOCIMIENTO;febrero;COP; N.° de caso – Mesa de Servicios:74088 Servicio: Corrección de estilo idiomático (inglés) de dos artículos. Proveedor: TV;PUBLICACIONES CIENTIFICAS Y DOCENTES;04/02/2026;SERVICIOS PROFESIO;2.644.507,00
1000022821;SERVICIOS EMPRESARIALES (INTRAMURAL);HONORARIOS SERVICIO MEDICO;febrero;COP; Examenes Medicos ocupacionales Colsubsidio;SISTEMA DE GESTIÓN DE LA SEGURIDAD Y SALUD EN EL TRABAJO;03/02/2026;SERVICIOS PROFESIO;6.207.400,00
1000022822; CHEQUEO EJECUTIVO MUJER;HONORARIOS SERVICIO MEDICO;febrero;COP; Examenes médicos ocupacionales Colsubsidio;SISTEMA DE GESTIÓN DE LA SEGURIDAD Y SALUD EN EL TRABAJO;03/02/2026;SERVICIOS PROFESIO;2.894.400,00
1000022850;BOTARGA MELI;PROMOCION DIVULGACION;febrero;COP; BOTARGA MELI INCLUYE 1 MUÑECO GIGANTE DE PELUCHE (PERSONALIZADO) CABEZA, CUERPO, BRAZOS, MANOS, PIERNAS, PIES, TULA DE TRANSPO;GESTIÓN DE COMUNICACIONES Y PUBLICIDAD;13/04/2026;DOTACIÓN Y ELEM. D;10.664.780,00
1000022834;FROSTED VIDRIOS LABORATORIOS Y GALERIA;SERVICIO ACCESORIOS Y ELEMEN DECORATIVOS;febrero;COP; SUMINISTRO E INSTALACIÓN DE FROSTED Y FRANJAS DE SEGURIDAD LABORATORIOS - OFICINAS GALERÍA - PROVEEDOR: KATODE:  VALOR: 1'780;GESTIÓN DE INFRAESTRUCTURA Y PLANTA FÍSICA;10/02/2026;MUEBLES Y ENSERES ;1.780.930,00
1000022840;Alimentacion evento FHCS;ALIMENTOS (DESAYU-REFRIG-ALMUERZO);febrero;COP; Apoyo evento FHCS Valor: $1.263.400;EVALUACIÓN Y DESARROLLO INTEGRAL;05/02/2026;ALIMENTACION Y REF;1.263.400,00
1000022843;RENOVACIÓN LICENCIAS FLEXSIM 2026;LICENCIAS Y SOFTWARE;febrero;COP; RENOVACIÓN LICENCIAS FLEXSIM 2026 Supervisor: Henry Diaz Proveedor: Factible Valor de la compra: COP $9.807.000 Exento de IVA;EXPERIENCIA DE USUARIO;12/08/2026;LICENCIAS Y SUBSCR;9.807.000,00
1000022833;TIQUETE BOG - CALI - BOG;PASAJES AEREOS;febrero;COP; MOTIVO: ASAMBLEA GENERAL ORDINARIO ACOFAHCS - CALI FECHA:  26 Y 27 DE FEBRERO 2026 PROVEEDOR: ZEPPELIN VALOR: 245.756 PASAJERO:;FACULTAD DE HUMANIDADES Y CIENCIAS SOCIALES;05/02/2026;VIAJES;503.129,00
1300002916;TRANSPORTE TERRESTRE;PASAJES TERRESTRES;febrero;COP; VIÁTICOS TRANSPORTE Y ALIMENTACIÓN - VIAJE COMERCIAL - EVENTO QS DISCOVER MASTERS <(>&<)> MBA - CALI- TABLE - SPRING   FABIAN;REGIONES;05/02/2026;VIAJES;425.000,00
1300002938;TRANSPORTE TERRESTRE;PASAJES TERRESTRES;febrero;COP; VIÁTICOS TRANSPORTE Y ALIMENTACIÓN - REUNIONES COMERCIALES - IBAGUÉ  EDGAR ARTURO GONZALEZ MONGUI  - CC. 1018420260 - BP 100;REGIONES;05/02/2026;VIAJES;705.000,00
1300002939;TRANSPORTE TERRESTRE;PASAJES TERRESTRES;febrero;COP; VIÁTICOS TRANSPORTE Y ALIMENTACIÓN - VIAJE COMERCIAL IBAGUÉ   FABIAN GERARDO DIAZ GARZON - CC. 80.871.890 - BP 1000011399  F;REGIONES;05/02/2026;VIAJES;380.000,00
1300002958;Hotel Mia Quibdo;ALOJAMIENTO;febrero;COP; Mia Hotel Choco Propuesta. DEA-1768931424931;CONSULTORÍA ESPECIALIZADA;13/02/2026;VIAJES;6.096.800,00
1300002959;Hotel Holiday Inn Barranquilla;ALOJAMIENTO;febrero;COP; ZEPPELIN ALOJAMIENTO MZP426 - Hotel Holiday Inn Barranquilla 3 de febrero;CONSULTORÍA ESPECIALIZADA;17/02/2026;VIAJES;4.201.533,00
1300002980;TRANSPORTE TERRESTRE;PASAJES TERRESTRES;febrero;COP; VIÁTICOS TRANSPORTE Y ALIMENTACIÓN - VIAJE COMERCIAL IBAGUÉ  MARIA DEL PILAR PATIÑO HERRERA - CC. 1012389723 - BP 100019263;REGIONES;05/02/2026;VIAJES;380.000,00
1000022835;BOGOTA- FORMACIÓN EN TRABAJOSEGURO EN AL;TRAMITES LICENCIAS;febrero;COP; Cursos para el trabajo en alturas COLTAR: COLOMBIANA DE TAREAS DE ALTO RIESGO;SISTEMA DE GESTIÓN DE LA SEGURIDAD Y SALUD EN EL TRABAJO;06/02/2026;SERVICIOS PROFESIO;817.530,00
1000022841;CONFERENCIA MEDIA VIDA;HONORARIOS CONFERENCISTAS;febrero;COP; MOTIVO: CONFERENCIA VIVENDO SIN LIMITES FECHA: VIERNES 6 DE FEB PROVEEDOR: FERATRAGO MANAGER VALOR: 2.500.000;FACULTAD DE HUMANIDADES Y CIENCIAS SOCIALES;05/02/2026;SERVICIOS PROFESIO;2.500.000,00
1000022842;CANJE 1ER SEMESTRE RCN TV;PROMOCION DIVULGACION;febrero;COP; CANJE 1ER SEMESTRE RCN TV;PUBLICIDAD;04/02/2026;SERVICIOS PROFESIO;60.949.484,00
1000022851;BONOS PAGO VOCEROS SEMANA E Y GRADOS;PROMOCION DIVULGACION;febrero;COP; PAGO VOCEROS debe semana E de algunos voceros y grados de noviembre. Y se juntaría jornada de Bienvenidas de Enero.;DIRECCIÓN DE EVENTOS Y PROYECTOS CULTURALES;13/02/2026;SERVICIOS PROFESIO;3.683.627,00
1000022819;ALQUILER 130 EQUIPOS DE COMPUTO;ALQUILER EQUIPO COMPUTO COMUNICACION;febrero;COP; ALQUILER 130 EQUIPOS DE COMPUTO Proveedor: Servitronic Supervisor: Henry Diaz Valor de la compra: $34.652.800 Vigencia: 2 meses;EXPERIENCIA DE USUARIO;04/02/2026;SERVICIOS IT ;34.652.800,00
1000022837;Costos de aporte anual para programas de;ACTIV CULTURALES CIVICAS Y DEPORTIVAS;febrero;COP; SOLICITUD DE CASOS  Actividad:  Aporte anual ASCUN - Red Bienestar – Nodo Bogotá 2026  Descripción:  Costos de aporte anual;BIENESTAR UNIVERSITARIO;05/02/2026;EVENTOS ;4.204.920,00
1000022845;FACTURA SERVIENTREA Nro. 3 5081291;CORREO, PORTES Y TELEGRAMAS;febrero;COP;;GESTIÓN DOCUMENTAL;26/02/2026;TRANSPORTE ;502.013,00
1000022853;Guaduas - 04022026 CAR;PASAJES TERRESTRES;febrero;COP; Bogotá, 02 Febrero 2026 Señores UNIVERSIDADEAN Cordial Saludo. Dando respuesta a su solicitud y agradeciendo su interés por;CONTRATACIÓN PÚBLICA;13/02/2026;TRANSPORTE ;1.850.000,00
1000022817;EVENTOS QS;PROMOCION DIVULGACION;febrero;USD; QS Discover Masters - Bogota - Table - Spring 2026 QS Discover Masters <(>&<)> MBA - Cali - Table - Spring 2026 QS EVENTOS;GESTIÓN DE COMUNICACIONES Y PUBLICIDAD;04/02/2026;INSTITUCIONALES ;0
1000022836;Aliimentacion evento corporacion;ALIMENTOS (DESAYU-REFRIG-ALMUERZO);febrero;COP; Alimentacio evento corporacion sindrome de down Valor: $216.000;EVALUACIÓN Y DESARROLLO INTEGRAL;05/02/2026;ALIMENTACION Y REF;216.000,00
1000022818;Membresía_Similarity check Anual 2025;SUSCRIPCION MEDIOS DE INFORMACION;febrero;USD; Suscripción Membresia por un año de Crossref_Similarity Check / Similitud manuscritos con proveedor internacional Pago con ta;BIBLIOTECA;05/02/2026;LICENCIAS Y SUBSCR;261
1000022860;ACTIVACION ALMACENAMIENTO 2 MESES;LICENCIAS Y SOFTWARE;febrero;COP; ACTIVACION ALMACENAMIENTO POR 2 MESES Proveedor: Bextechnology Supervisor: Henry Diaz Valor de la compra: USD $7.092,36  – CO;SISTEMAS DE INFORMACIÓN;04/02/2026;LICENCIAS Y SUBSCR;31.561.002,00
1000022846;Poliza Colpensiones;CUMPLIMIENTO;febrero;COP; Póliza colpensiones 1505004134301;DIRECCIÓN DE EXTENSIÓN COMERCIAL;04/02/2026;SEGUROS;117.367,00
1000022870;MAESTRO DE CEREMONIAS;GRADOS;febrero;COP; SERVICIO DE MAESTRO DE CEREMONIAS GRADOS PRIVADOS SEPTIEMBRE 26 DE 2025 (3 SESIONES) anula orden 4000020829;PROTOCOLO Y GESTIÓN DE EVENTOS INTERNOS;06/02/2026;GRADOS Y EVENTOS ;960.000,00
1000022844;TIQUETE BOG - CARTAGENA - BOG;PASAJES AEREOS;febrero;COP; MOTIVO: Asamblea Ordinaria de Miembros de ASCOFAPSI 2026 - Cartagena FECHA:  11 al 14 de Marzo 2026 PROVEEDOR: ZEPPELIN VALOR:;FACULTAD DE HUMANIDADES Y CIENCIAS SOCIALES;05/02/2026;VIAJES;708.971,00
1000022824;BATERIA VRLA NERION CICLO PROFUNDO;MANTENIMIENTO MAQUINARIA Y EQUIPO;febrero;COP; SEGUN COTIZACIÓN 4321 BATERIA VRLA NETION CICLO PROFUNDO,SCOOTER ELECTRICA PARA ASIGNADA AL TRATAMIENTO DEL SEÑOR NELSON VARG;SALA GENERAL;27/02/2026;SERVICIOS PROFESIO;380.562,00
1000022825;CONFERENCIA MEDIA VIDA;HONORARIOS CONFERENCISTAS;febrero;COP; SERVICIO CONFERENCIA MEDIA VIDA;PROTOCOLO Y GESTIÓN DE EVENTOS INTERNOS;05/02/2026;SERVICIOS PROFESIO;5.000.000,00
1000022826;3 ESTUDIANTES CAVES;COMISIONES VENTA EXTERNA;febrero;COP; Pago Comisiones aliado corretaje - CAVES 3 MATRÍCULAS:  Martha Isabel Moreno Sanchez 1073159936 Zaray Imbachi Luján 102532624;GERENCIA DE PROYECCIÓN Y CRECIMIENTO;11/02/2026;SERVICIOS PROFESIO;2.471.842,00
1000022838;Capacitacion Luis Rene Bautista;HONORARIOS ASESORIA TECNICA;febrero;COP; Capacitacion Director Modelo Ean Virtual Valor:$2.606.100;EVALUACIÓN Y DESARROLLO INTEGRAL;05/02/2026;SERVICIOS PROFESIO;2.606.100,00
1000022839;Corrección de estilo revistas EAN;HONORARIOS GESTION DEL CONOCIMIENTO;febrero;COP; N.° de caso – Mesa de Servicios:74258. Servicio: Corrección de estilo de 476 páginas para la revista: Escuela de Administr;PUBLICACIONES CIENTIFICAS Y DOCENTES;11/02/2026;SERVICIOS PROFESIO;5.805.325,00
1000022881;BOLSA DE HORAS DE VIDEOLLAMADA 2026;HONORARIOS ASESORIA TECNICA;febrero;COP; RENOVACION MELITURNO 2026 Supervisor Funcional: Sandra Casas - Gerente Exp de Usuario Supervisor Técnico: Diego Rivera - Coord;SISTEMAS DE INFORMACIÓN;05/02/2026;SERVICIOS IT ;0
1000022882;BOLSA DE HORAS DE VIDEOLLAMADA 2026;HONORARIOS ASESORIA TECNICA;febrero;COP; RENOVACION MELITURNO 2026 Supervisor Funcional: Sandra Casas - Gerente Exp de Usuario Supervisor Técnico: Diego Rivera - Coord;SERVICIOESTUDIANTE SISTEMAS IN;29/04/2026;SERVICIOS IT ;195.250.587,00
1000022864;EXPO POSGRADOS BOG, LIMA, MED, BGA;ALQUILER STAND - CARPAS;febrero;USD; • Bogotá / Hotel Grand Hyatt: Marzo 7 y 8 • Medellín / Centro de Eventos El Tesoro: Marzo 10 • Bucaramanga / Hotel Dann;GESTIÓN DE COMUNICACIONES Y PUBLICIDAD;20/02/2026;EVENTOS ;4.550,00
1000022871;MTTO PREV EXTRA FABLAB 2026 BIMENSUAL;MANTENIMIENTO MAQUINARIA Y EQUIPO;febrero;COP; MTTO PREVENTIVO A EQUIPOS DE SUMINISTRO, VENTILACIÓN Y COLEACTORES DEL LABORATORIO FABLAB (8 EQUIPOS MAR-MAY-SEP-NOV). PROCESO;GESTIÓN DE INFRAESTRUCTURA Y PLANTA FÍSICA;02/03/2026;SRV MTTO INFRAESTR;6.202.280,00
1000022872;CERTIFICACIÓN ASCENSORES FUND-LEGACY 26;HONORARIOS ASESORIA TECNICA;febrero;COP; CERTIFICACCIÓN BAJO NORMA TECNICA NTC 5926-1 DE ASCENSORES Y PUERTAS AUTOMATICAS DE LOS EDIFICIOS LEGACY Y FUNDADORES VALOR: $;GESTIÓN DE INFRAESTRUCTURA Y PLANTA FÍSICA;12/02/2026;SRV MTTO INFRAESTR;3.819.900,00
1000022873;IMPERMEABILIZACION DUCTOS P6;SERVICIO MANTO. CONSTRUCCIONES Y EDIFICA;febrero;COP; SERVICIO DE IMPERMEABILIZACION DUCTOS DE CHIMENEA TERRAZA P6, VALOR: $1.588.979, PROVEEDOR: H2O.;GESTIÓN DE INFRAESTRUCTURA Y PLANTA FÍSICA;12/02/2026;SRV MTTO INFRAESTR;1.588.979,00
1000022874;INTEGRACION MOL - INCEN C74 SIS EVACUACI;MANTENIMIENTO MAQUINARIA Y EQUIPO;febrero;COP; SERVICIO DE INTEGRACION DE MOLINETES Y PANEL DE INCENDIO CALLE 74 SISTEMA DE EVACUACION, PROVEEDOR: AMERICAN ALARM, VALOR:  $ 1;GESTIÓN DE INFRAESTRUCTURA Y PLANTA FÍSICA;12/02/2026;SRV MTTO INFRAESTR;1.978.494,00
1000022875;SERV LAVADO FACHADA COS NORTE - LEGACY;SERVICIO MANTO. CONSTRUCCIONES Y EDIFICA;febrero;COP; SERVICIO DE LAVADO DE FACHADA COSTADO NORTE EDIFICIO LEGACY PROCESO DE COMPRAS CUADRO COMPARATIVO, CASO: 73913, PROVEEDOR: SECU;GESTIÓN DE INFRAESTRUCTURA Y PLANTA FÍSICA;12/02/2026;SRV MTTO INFRAESTR;7.455.350,00
1000022890;Mantenimiento camara SONY A7III;LICENCIAS Y SOFTWARE;febrero;COP; Mantenimiento de las cámaras del estudio de EANX.;DIRECCIÓN EAN X;10/02/2026;HARDWARE ;329.998,00
1000022849;ALQUILER RUEDA DE NEGOCIOS 10 FEBRERO;ALQUILER EQUIPOS Y HERRAMIENTAS;febrero;COP; Alquiler de 10 maniquíes (5 de caballero y 5 de dama) en color blanco, incluyendo servicio de transporte, entrega y recogida p;CONTRATACIÓN PÚBLICA;16/02/2026;ARRENDAMIEN Y ALQU;1.166.200,00
1000022848;Inscripción Congreso BALAS - 2026;INSCRIPCION EVENTOS NACIONAL - INTERNACI;febrero;USD; Caso mesa de servicios:74265. Pago con TC. Inscripción al Congreso BALAS 2026, a nombre del docente ANTONIO RODRÍGUEZ PEÑA.;DIRECCIÓN DE INVESTIGACIONES;10/02/2026;LICENCIAS Y SUBSCR;515
1000022866;Pago AppSorteos;TRAMITES LICENCIAS;febrero;USD; Plataforma web tipo Software as a Service (SaaS), accesible desde cualquier navegador. El plan Starter (USD $9/mes) permite eje;OFICINA DE PROYECTOS PMO;06/02/2026;LICENCIAS Y SUBSCR;18
1000022854;ANTICIPO 100% TRANSPORTE CARREÑO;INGRESOS TERCEROS;febrero;COP; ANTICIPO 100% PARA MARIA GABRIELA BOTERO MORENO PARA CUBRIR GASTOS DE TRANSPORTE TERRESTRE Y MANUTECION DE LA SEMANA DEL 9 AL 1;RECTORÍA;10/02/2026;VIAJES;4.500.000,00
1300002917;ALOJAMIENTO 2 DÍAS PUERTO CARREÑO;ALOJAMIENTO;febrero;COP; SOLICITUD VIÁTICOS DE VIAJE NELSON EDUARDO BONILLA A PUERTO CARREÑO DEL 12/02/2026 AL 14/02/2026 VALOR DE HOSPEDAJE, ALIMENTA;GESTIÓN DE INFRAESTRUCTURA Y PLANTA FÍSICA;05/02/2026;VIAJES;1.262.187,00
1300002949;MANUTENCION ALEJANDRO;INGRESOS TERCEROS;febrero;COP; VIATICOS PARA ALEJANDRO BORRERO CC. 16712008 VIATICOS DE BOGOTA A PUERTO CARREÑO DEL 10 AL 14 DE FEBRERO  VISITA CRONOGRAMA DE;RECTORÍA;11/02/2026;VIAJES;450.000,00
1000022827;CAMAROGRAFO;SERVICIOS PARA EVENTOS;febrero;COP; SOLICITUD DE SERVICIO DE CAMAROGRAFOS PARA EVENTO FORO I+D FUND INNOVACIÓN PARA EL DLLO. PROVEEDOR CAMILO PINZON. ANULA ORDEN;GESTIÓN COMERCIAL EVENTOS EXTERNOS;11/02/2026;SERVICIOS PROFESIO;9.550.000,00
1000022829; Contratación del servicio fisioterapia;HONORARIOS ASESORIA TECNICA;febrero;COP; SOLICITUD DE CASOS Actividad: Consultas de fisioterapia Descripción:  Contratación del servicio fisioterapia para el primer p;BIENESTAR UNIVERSITARIO;09/02/2026;SERVICIOS PROFESIO;5.760.000,00
1000022861;CAMISETA VOLUNTARIADO;;febrero;COP; SOLICITUD DE CASOS Actividad: Camisetas Voluntariado Descripción: Compra de camisetas para el equipo de voluntarios de la Univ;BIENESTAR UNIVERSITARIO;13/02/2026;SERVICIOS PROFESIO;2.618.000,00
1000022862;Otro SI N2 LUIS SOLARTE;HONORARIOS ASESORIA TECNICA;febrero;USD; OTROSÍ No. 2 LUIS SOLARTE. Objeto de la Compra: Contenido digital – Performance/orgánico Justificación: Contratar un espec;GESTIÓN DE COMUNICACIONES Y PUBLICIDAD;27/02/2026;SERVICIOS PROFESIO;60.000,00
1000022863;Audiovisual GEMA;PROMOCION DIVULGACION;febrero;COP; GEMA AUDIOVISUAL - SERVICIOS DE FOTOGRAFIA Y VIDEOS;GESTIÓN DE COMUNICACIONES Y PUBLICIDAD;16/02/2026;SERVICIOS PROFESIO;31.951.500,00
1000022865;Canpaña posgrados Fluvip;PROMOCION DIVULGACION;febrero;COP; Contenidos: 4 Influencers: 4 4 Reel en Instagram Seguidores: 1.237.557 Vitas: 273.037 Engagement: 5.313 Alcance: 218.430 CPV: $;POSGRADO;16/02/2026;SERVICIOS PROFESIO;34.930.000,00
1000022880;Contratación del servicio psicologia dep;HONORARIOS ASESORIA TECNICA;febrero;COP; SOLICITUD DE CASOS Actividad: Consultas Psicología Deportiva Descripción:  Contratación del servicio psicologia deportiva  p;BIENESTAR UNIVERSITARIO;16/02/2026;SERVICIOS PROFESIO;960.000,00
1000022891;AMPLIACION CONTRATO PEOYECTO HUMANISE;;febrero;COP; SEGUN PROPUESTA AMPLIACIÓN CONTRATO GERENCIA DEL PROYECTO EAN HUMANISE,  por valor mensual de $35.000.000 antes de IVA, Plazo:;SALA GENERAL;18/02/2026;SERVICIOS PROFESIO;124.950.000,00
1000022901;LIMPIEZA POZO EYECTOR LLUVIAS LEGA-FUNDA;SERVICIO MANTO. CONSTRUCCIONES Y EDIFICA;febrero;COP; SERVICIO DE LIMPIEZA Y SUCCIÓN DE LODOS EN POZOS EYECTORES DE AGUAS LLUVIAS Y RESIDUALES DE EDIFICIO LEGACY Y FUNDADORES JUNIO;GESTIÓN DE INFRAESTRUCTURA Y PLANTA FÍSICA;13/02/2026;SRV MTTO INFRAESTR;2.697.492,00
1000022886;CABIFY EXT Y CONS ENERO 2026;TAXIS BUSES;febrero;COP; SERVICIOS CABIFY MES ENERO PAGO EN FEBRERO 2026 VALOR TOTAL DE $710.988 LAS AREAS SOLICITANTES SON: GESTIÓN EXTEN Y CONS / SEM;GESTIÓN DE INFRAESTRUCTURA Y PLANTA FÍSICA;10/02/2026;TRANSPORTE ;710.988,00
1000022869;CARTUCHO ORINAL SECO;;febrero;COP; SUMINISTRO DE CARTUCHOS ORINALES PARA TALLER DE MANTENIMENTO, PROVEEDOR: FEYOD, VALOR: $3.846.229, CASO:74394;GESTIÓN DE INFRAESTRUCTURA Y PLANTA FÍSICA;13/02/2026;ELEM. FERRETERIA C;3.846.229,00
1000022856;ESTACION DE CAFE;ALIMENTOS (DESAYU-REFRIG-ALMUERZO);febrero;COP; SOLICITUD DE SERVICIO DE ALIMENTACIÓN EVENTO TNC.PROVEEDOR GRUPO PROMO.;GESTIÓN COMERCIAL EVENTOS EXTERNOS;10/02/2026;ALIMENTACION Y REF;2.798.975,00
1000022857;ESTACION DE CAFE;ALIMENTOS (DESAYU-REFRIG-ALMUERZO);febrero;COP; SOLICITUD DE SERVICIO DE ALIMENTACIÓN EVENTO CAMACOL.PROVEEDOR GRUPO PROMO;GESTIÓN COMERCIAL EVENTOS EXTERNOS;10/02/2026;ALIMENTACION Y REF;9.928.505,00
1000022868; REVISION TECNOMECANICA;MANTENIMIENTO AUTOMOTRIZ;febrero;COP; Amablemente solicito su colaboración con el trámite por intermedio de anticipo por valor ($ 1.246.321), para el alistamiento;RECTORÍA;09/02/2026;MATERIALES REPUEST;1.246.321,00
1000022900;Bonos Alkosto;PREMIOS - BONOS;febrero;COP; Caso mesa de servicios:74218. Compra Bonos Alkosto para actividades de la Dirección de Investigaciones (Semilleros). Valor:$1.;DIRECCIÓN DE INVESTIGACIONES;04/03/2026;BONOS ;1.500.000,00
1000022883;RENOVACION CORREOS MASIVOS 2026;LICENCIAS Y SOFTWARE;febrero;COP; LICENCIA DE CORRREOS MASIVOS Supervisor: Henry Diaz Proveedor: Correos masivos Colombia Valor total de la compra: COP $3.332.00;EXPERIENCIA DE USUARIO;11/02/2026;LICENCIAS Y SUBSCR;3.332.000,00
1000022884;Alquiler salón;ARRENDA CONSTRUCCIONES EDIFICACIONES;febrero;COP; Anticipo Sol Beatriz Goez CC 43102900 Hotel Confort Break - Mutata Antioquia;CONSULTORÍA ESPECIALIZADA;16/02/2026;VIAJES;1.160.000,00
1000022885;Alquiler salón;ARRENDA CONSTRUCCIONES EDIFICACIONES;febrero;COP; Anticipo Angela Maria Gaviria Gaviria CC 21744509 Hotel Casa Vieja - Frontino;CONSULTORÍA ESPECIALIZADA;16/02/2026;VIAJES;880.000,00
1300002981;SLopez_Manutencion;MANUTENCION;febrero;COP; Gastos de viaje Silvio Andres Lopez Barrantes Mutatá (Antioquia) 18 - 20 de febrero;CONSULTORÍA ESPECIALIZADA;09/02/2026;VIAJES;420.000,00
1300002982;GHillon_Manutencion;MANUTENCION;febrero;COP; Gastos de viaje German David Hillón Vega Mutatá (Antioquia) 16 - 20 de febrero;CONSULTORÍA ESPECIALIZADA;09/02/2026;VIAJES;660.000,00
1300002983;SBulla_Manutencion;MANUTENCION;febrero;COP; Gastos de viaje Sandra Milena Bulla Ortega Frontino y Mutatá (Antioquia) 16 - 20 de febrero;CONSULTORÍA ESPECIALIZADA;09/02/2026;VIAJES;660.000,00
1300002984;GVargas_Manutenciono;MANUTENCION;febrero;COP; Gastos de viaje Gustavo Adolfo Vargas Urrego Frontino y Mutatá (Antioquia) 16 - 20 de febrero;CONSULTORÍA ESPECIALIZADA;09/02/2026;VIAJES;660.000,00
1300002985;DLosada_Manutencion;MANUTENCION;febrero;COP; Gastos de viaje Danny Mauricio Losada Franco Frontino y Mutatá (Antioquia) 16 - 20 de febrero;CONSULTORÍA ESPECIALIZADA;09/02/2026;VIAJES;570.000,00
1000022855;Inscripcion ACRIP 2026;INSCRIPCION EVENTOS NACIONAL - INTERNACI;febrero;COP; Inscripcion ACRIP 2026 Valor: 4.376.500;EVALUACIÓN Y DESARROLLO INTEGRAL;20/02/2026;SERVICIOS PROFESIO;4.386.500,00
1000022858;STAGE HAND;SERVICIOS PARA EVENTOS;febrero;COP; SOLICITUD DE SERVICIO DE PERSONAL AUDIOVISUAL PARA EVENTO CAMACOL. PROVEEDOR NEXTPRO.;GESTIÓN COMERCIAL EVENTOS EXTERNOS;13/02/2026;SERVICIOS PROFESIO;428.400,00
1000022859;APOYO LOGISTICO;SERVICIOS PARA EVENTOS;febrero;COP; SOLICITUD DE SERVICIO DE PERSONAL LOGISTICO Y BRIGADISTAS PARA CAMACOL. PROVEEDOR ADVANTAGE;GESTIÓN COMERCIAL EVENTOS EXTERNOS;12/02/2026;SERVICIOS PROFESIO;2.595.391,00
1000022867;Capacitacion Sergio Orjuela - CComercio;HONORARIOS ASESORIA TECNICA;febrero;COP; Capacitacion Curso Compliance en habeas data: rol del oficial en protección de datos Colaborador: Sergio Andres Orjuela Valor:;EVALUACIÓN Y DESARROLLO INTEGRAL;10/02/2026;SERVICIOS PROFESIO;733.580,00
1000022892;ESTUDIO FACTIBILIDAD;;febrero;COP; ESTUDIO DE FACTIBILIDAD  PARA ACOMETIDA PROVISIONAL  DE OBRA CALLE 72 CONTRATISTA: INTELRED SERVICES VALOR $ 1.805.175 VIGENCIA;GESTIÓN DE INFRAESTRUCTURA Y PLANTA FÍSICA;06/02/2026;SERVICIOS PROFESIO;1.805.175,00
1000022876;LIMPIEZA TRAMPA GRASA REGIONAL JUN 2026;SERVICIO MANTO. CONSTRUCCIONES Y EDIFICA;febrero;COP; SERVICIO DE LIMPIEZA Y SUCCIÓN DE LODOS EN TRAMPA DE GRASA DE CAFETERIA LA REGIONAL. JUNIO 2026. PROVEEDOR HIDROREDES, VALOR:;GESTIÓN DE INFRAESTRUCTURA Y PLANTA FÍSICA;13/02/2026;SRV MTTO INFRAESTR;1.053.745,00
1000022877;PRUEBA PITOMETRICA RCI 2026;MANTENIMIENTO MAQUINARIA Y EQUIPO;febrero;COP; PRUEBA PITOMÉTRICA DE RENDIMIENTO ANUAL (A TRAVÉS DEL CABEZAL DE PRUEBAS) PARA EL EQUIPO PRINCIPAL CONTRA INCENDIOS DE LA UNI;GESTIÓN DE INFRAESTRUCTURA Y PLANTA FÍSICA;13/02/2026;SRV MTTO INFRAESTR;2.499.000,00
1000022879;SERV DE CERRAJERIA EDIF LEGA (BAL - JURI;SERVICIO MANTO. CONSTRUCCIONES Y EDIFICA;febrero;COP; SERVICIO DE CERRAJERIA EN EDIFICIO LEGACY, PROVEEDOR: LLAVES Y CERRADURAS, VALOR: $1.368.500, CASO:74427;GESTIÓN DE INFRAESTRUCTURA Y PLANTA FÍSICA;13/02/2026;SRV MTTO INFRAESTR;1.368.500,00
1000022920;ADECUACIÓN VIDRIOS MODULOS VAF;SERVICIO MANTO. CONSTRUCCIONES Y EDIFICA;febrero;COP; ADECUACIÓN VIDRIOS EN MÓDULOS OFICINAS VAF PISO 10 -  VALOR: 4'436.150 - PROVEEDOR: RCA;GESTIÓN DE INFRAESTRUCTURA Y PLANTA FÍSICA;13/02/2026;SRV MTTO INFRAESTR;4.436.150,00
1000022903;ALCOHOL ANTISEPTICO;;febrero;COP; Elemtos de Botiquin Proyección X;SISTEMA DE GESTIÓN DE LA SEGURIDAD Y SALUD EN EL TRABAJO;10/02/2026;DOTACIÓN Y ELEM. D;420.881,00
1000022905;KIT DE BRIGADISTAS;;febrero;COP; Kit de bioseguridad para Brigadistas de Emergencias PROYECCIÓN X;SISTEMA DE GESTIÓN DE LA SEGURIDAD Y SALUD EN EL TRABAJO;09/02/2026;DOTACIÓN Y ELEM. D;2.550.000,00
1000022878;"UNION PVC PAVCO 2""";;febrero;COP; SUMINISTRO DE MATERIALES FERRETERIA PARA TALLER DE MANTENIMIENTO, PROVEEDOR: FERRETERIA LA 73, VALOR: $ 1.904.500, CASO:74421;GESTIÓN DE INFRAESTRUCTURA Y PLANTA FÍSICA;13/02/2026;ELEM. FERRETERIA C;1.904.502,00
1000022889;Servicio de Mantenimiento - Reservorio;INGRESOS TERCEROS;febrero;COP; N° caso mesa de servicios:74480. Servicio mantenimiento reservorio de biogás, incluye transporte Tumaco ibague  - Proyecto de;DIRECCIÓN DE INVESTIGACIONES;11/02/2026;IMPRESOS ;500.000,00
1000022906;REFRIGERIOS 2 GRUPOS [REFRESHMENT];ALIMENTOS (DESAYU-REFRIG-ALMUERZO);febrero;COP; COTIZACIÓN REFRESHMENT -(+57) 3004895998 refreshment20@gmail.com Costo: $17.000 empcado en caja de cartón, componente y fruta;FORMACIÓN A LA MEDIDA;17/02/2026;ALIMENTACION Y REF;5.950.000,00
1000022910;Cena con docentes Turcos en Andes Beef;ALIMENTOS (DESAYU-REFRIG-ALMUERZO);febrero;COP; Pago de $218.406 con TC DE INTERNACIONALIZACIÓN, a ANDES BEEF LTDA / La Bonga del Sinú, por cena ofrecida a los Profesores Fa;GERENCIA DE INTERNACIONALIZACIÓN Y RELACIONES INSTITUCIONALES;11/02/2026;ALIMENTACION Y REF;218.408,00
1000022887;MEMBRESÍA COLOMBIA FINTECH 2026;TRAMITES LICENCIAS;febrero;COP;" EMPRESA: COLOMBIA FINTECH OBJETO: Pag para ser Miembros AFILIADOS en categoría ""CORPORATE FINTECH"" DURACIÓN: 1 año";FACULTAD DE ADMINISTRACION;09/02/2026;LICENCIAS Y SUBSCR;10.800.000,00
1000022888;Certificación FAB FOUNDATION;INSCRIPCION EVENTOS NACIONAL - INTERNACI;febrero;USD; Caso mesa de servicios:74485. Certificación FAB FOUNDATION. NOMBRE DEL ESTUDIANTE: Wilken Giussepe Rodriguez Amaya Pago con TC;DIRECCIÓN DE INVESTIGACIONES;11/02/2026;LICENCIAS Y SUBSCR;3.125,00
1000022902;POLIZA ESTUDIANTIL;SEGURO ESTUDIANTIL;febrero;COP; MOTIVO: Polizas en Psicologia para estudiantes de práctica PROVEEDOR: 1000000302 ASEGURADORA SOLIDARIA DE COLOMBIA E VALOR: 31;FACULTAD DE HUMANIDADES Y CIENCIAS SOCIALES;10/02/2026;SEGUROS;317.730,00
1000022930;MANUTENCIÓN - YASMIN GALVIS;MANUTENCION;febrero;COP;" ""MOTIVO: GASTOS DE VIAJE YASMIN GALVIS - ASAMBLEA GENERAL ORDINARIO ACOFAHCS - CALI FECHA:  26 FEB AL 1 MAR VALOR: 1.070.000 PA";FACULTAD DE HUMANIDADES Y CIENCIAS SOCIALES;10/02/2026;VIAJES;1.070.000,00
1300002990;Tqte. Milton J. Rueda-EEUU;PASAJES AEREOS;febrero;COP; Compra de TIQUETE para MILTON JANUARIO RUEDA VARON, quien viajará a Charlotte-Estados Unidos, del 19 al 25 de junio de 2026, p;GERENCIA DE INTERNACIONALIZACIÓN Y RELACIONES INSTITUCIONALES;17/02/2026;VIAJES;4.837.226,00
1300002991;Tqte. Maira garcía a Barcelona;PASAJES AEREOS;febrero;COP; Compra de TIQUETE para MAIRA ALEJANDRA GARCÍA JARAMILLO, quien viajará a Barcelona - España, del 9 al 15 de marzo 2026, para;GERENCIA DE INTERNACIONALIZACIÓN Y RELACIONES INSTITUCIONALES;17/02/2026;VIAJES;4.185.100,00
1300002992;  MANUTENCION;MANUTENCION;febrero;COP; VIATICOS ANDRES OTALORA VIAJE PUERTO CARREÑO VISITA PROYECTO CLUA DEL 16 AL 19 DE FEBRERO;RECTORÍA;10/02/2026;VIAJES;400.000,00
1300003000;HOSPEDAJE CALI FABIAN DIAZ;ALOJAMIENTO;febrero;COP; HOSPEDAJE CALI - FABIAN DIAZ  HOTEL: Ms Pacifico Chipichape Plus  ZEPPELIN - VOUCHER: OJXNUE-1;REGIONES;01/04/2026;VIAJES;319.490,00
1300003001;VUELOS CALI 5-6 FEBRERO - FABIAN DIAZ;PASAJES AEREOS;febrero;COP; VUELOS FABIAN DÍAZ CC. 80871890  BOGOTÁ - CALI - BOGOTÁ FECHAS: 5 AL 6 FEBRERO  ZEPPELIN - LOC Interno: AAGGAXY;REGIONES;17/02/2026;VIAJES;578.680,00
1300003002;VUELOS IBAGUE 9 AL 11 FEBRERO;PASAJES AEREOS;febrero;COP; VUELOS IBAGUÉ - FABIAN DIAZ - MARIA DEL PILAR PATIÑO - EDGAR GONZALEZ  FECHAS: 9 AL 11 FERERO ZEPPELIN - CÓDIGO RESERVA: AAG;REGIONES;17/02/2026;VIAJES;2.019.861,00
1300003003;AU6LT2-1 - EDGAR ARTURO GONZALEZ;ALOJAMIENTO;febrero;COP; HOSPEDAJE IBAGUÉ - FABIAN DÍAZ - EDGAR GONZALEZ Y PILAR PATIÑO FECHA: 9 AL 11 FEBRERO HOTEL: FR HOTEL ZEPPELIN - VOUCHERS:;REGIONES;25/02/2026;VIAJES;1.877.571,00
1000022893;OTROSI 2 COORD CON ARTESANIAS  2026;;febrero;COP; CONTRATISTA SANDRA MERCHAN OTROSÍ 2 A LA COORDINACIÓN CON ARTESANIAS DE COLOMBIA VALOR $ 60.000.000 VIGENCIA 4 MESES IF.E72.2;GESTIÓN DE INFRAESTRUCTURA Y PLANTA FÍSICA;10/03/2026;SERVICIOS PROFESIO;60.000.000,00
1000022904;Reentrenamiento de alturas;TRAMITES LICENCIAS;febrero;COP; Curso Reentrenamiento en Alturas COLTAR COLOMBIANA DE TAREAS DE ALTO RIESGO;SISTEMA DE GESTIÓN DE LA SEGURIDAD Y SALUD EN EL TRABAJO;11/02/2026;SERVICIOS PROFESIO;143.990,00
1000022921;BRANDEO - KATODE SAS;PROMOCION DIVULGACION;febrero;COP; COMPRA - BRANDEO  PROVEEDOR: KATODE SAS - NIT 900453644-1  DESCRIPCIÓN: 504 cm x 458 cm. Impresión digital sobre vinilo adhes;GESTIÓN DE COMUNICACIONES Y PUBLICIDAD;12/02/2026;SERVICIOS PROFESIO;2.886.958,00
1000022941;BOG0001117343;;febrero;COP; Caso Mesa de Ayuda No. 74415 Proveedor: EYS Envíos S.A.S. BP: 1000340074 Desde la Gerencia de Investigación y Transferencia,;UNIDAD DE DESARROLLO;20/02/2026;ACTIVOS Y/O EQUIPO;630.200,00
1000022896;Casillero Ultrabox. Recibo y envío paqu;CORREO, PORTES Y TELEGRAMAS;febrero;COP; Suscripción membresía Casillero Internacional - Ultrabox. Recibo y envío de paquetes (compras internacionales de libros impr;BIBLIOTECA;12/02/2026;TRANSPORTE ;1.000.000,00
1000022931;SUMINISTRO VALLA IMPRESIÓN DIGITAL;IMPRESOS PUBLICACIONES;febrero;COP; PROYECTO HUMANISE CONTRATISTA KATODE OBJETO COMPRA DE PORTAPLANOS DE 79 CM +135 CM IMPRESION DIGITAL POR UNA CARA  SOBRE BANNER;GESTIÓN DE INFRAESTRUCTURA Y PLANTA FÍSICA;11/02/2026;LIBROS ELECTRONICO;663.260,00
1000022911;SERVICIOS AUROS PROTOCOLO ENERO 2026;DIGITALIZACION EMPASTE;febrero;COP; SERVICIOS AUROS MES DE ENERO PARA PAGO EN FEBRERO VALOR TOTAL $ 5.455.054. LAS ÁREAS QUE ADQUIRIERON SERVICIOS EN TIENDAS SON:;GESTIÓN DE INFRAESTRUCTURA Y PLANTA FÍSICA;25/02/2026;IMPRESOS ;5.455.062,00
1000022895;Pico y Placa Solidario Rectoria;TRAMITES LICENCIAS;febrero;COP; Excepción de pico y placa solidario de la camioneta asignada a la Rectoría placas UCN871 por valor semestral de 3.090.200;RECTORÍA;12/02/2026;LICENCIAS Y SUBSCR;3.090.200,00
1000022909;SERVICIOS PARA GRADOS COLEC REG POPAYÁN;GRADOS;febrero;COP; Se solicita el anticipo del 100% para la compra de arreglos florales,  de la Regional Cauca para los grados que se llevarán a;REGIONES;20/02/2026;GRADOS Y EVENTOS ;200.000,00
1000022940;PÓLIZA - 2065662;SEGUROS POLIZAS CUMPLIMIENTO;febrero;COP; POLIZA DE CUMPLIMIENTO -  renovación al ATENEA-432-2024;PREGRADO;13/02/2026;SEGUROS;9.249.855,00
1000022908;APOYO ECO - JOHN AGUIRRE 25-28 FEB;MANUTENCION;febrero;COP; MOTIVO: APOYO ECONOMICO - JOHN AGUIRRE - BP 1000105951 EVENTO: VI Congreso RLCPE (Red Latinoamericana de Centros y Programas de;FACULTAD DE HUMANIDADES Y CIENCIAS SOCIALES;11/02/2026;VIAJES;800.000,00
1000022897;Recolección y transporte de residuos;TRANSPORTE FLETES ACARREOS;febrero;COP; Recolección y transporte de residuos de madera generados en la Universidad;GESTIÓN DE CALIDAD Y DE LOS PROCESOS;13/02/2026;SERVICIOS PROFESIO;982.791,00
1000022907;CANJE RCN - PAULA SOFIA RAMIREZ;PROMOCION DIVULGACION;febrero;COP; CANJE RCN :CANJE por valor de $5.558.400, correspondiente a (1) matricula de la estudiante PAULA SOFIA RAMIREZ MESA para el P.A;PUBLICIDAD;13/02/2026;SERVICIOS PROFESIO;5.558.400,00
1000022923;Pago facturas 2026 contrato tu recobro;SERVICOS PROFESIONALES DE ASESORAMIENTO;febrero;COP; Se genera solped para el pago de facturas del Contrato de Prestación de Servicios para el Recobro de Prestaciones Económicas;DIRECCIÓN DE CONTABILIDAD;19/02/2026;SERVICIOS PROFESIO;33.022.500,00
1000022925;SEÑALIZACION QR - SOLICITUDES FRACTTAL;SERVICIO ACCESORIOS Y ELEMEN DECORATIVOS;febrero;COP; SERVICIO DE SUMINISTRO E INSTALACION DE SEÑALIZACION QR PARA SALICITUDES DE MANTENIMIENTO, PROVEEDOR: KATODE, VALOR: $2.778.38;GESTIÓN DE INFRAESTRUCTURA Y PLANTA FÍSICA;13/02/2026;SRV MTTO INFRAESTR;2.778.385,00
1000022934;MTTO. JARDINERA PRINCIPAL PLAZOLETA;SERVICIO MANTO. CONSTRUCCIONES Y EDIFICA;febrero;COP; MANTENIMIENTO JARDINERA PRINCIPAL PLAZOLETA, CAMBIO DE PLANTAS POR PALMA BOBA;GESTIÓN DE INFRAESTRUCTURA Y PLANTA FÍSICA;13/02/2026;SRV MTTO INFRAESTR;1.600.000,00
1000022935;MTTO. JARDINES Y CANOPY POR UN MES;SERVICIO MANTO. CONSTRUCCIONES Y EDIFICA;febrero;COP; MANTENIMIENTO POR UN MES DE LOS  JARDINES Y CANOPY URBANO. SERVICIO ESPECIALIZADO.  Proveedor: Casalimpia Valor $5.192.175;GESTIÓN DE INFRAESTRUCTURA Y PLANTA FÍSICA;16/02/2026;SRV MTTO INFRAESTR;3.951.370,00
1000022898;ATLETIC'S AEROSOL X90ML DICLOFENACO;;febrero;COP; SOLICITUD DE CASOS  Actividad:   Compra insumos médicos  Descripción:  Compra de insumos que favorecen la prestación del ser;BIENESTAR UNIVERSITARIO;16/02/2026;SUST Y ELEM LAB ;6.308.524,00
1000022924;PAGO EXCEPCION PICO Y PLACA VAHICULO;PASAJES TERRESTRES;febrero;COP; PAGO SEMESTRAL EXCEPCION PICO Y PLACA VEHICULO MIEMBRO SALA GENERAL;SALA GENERAL;27/02/2026;TRANSPORTE ;4.214.000,00
1000022943;EASY TAXI INNOVA-TRANSFEREN ENE 2026;TAXIS BUSES;febrero;COP; SERVICIO DE TRANSPORTE EASY TAXI DEL MES DE ENERO PARA PAGO EN FEBRERO POR VALOR DE $ 5.243.762. LAS ÁREAS SON: VIA, BIENESTAR;GESTIÓN DE INFRAESTRUCTURA Y PLANTA FÍSICA;16/02/2026;TRANSPORTE ;5.243.761,00
1000022912;Le DELF B1 100% Réussite – édition 2021-;;febrero;COP; Compra libros impresos de francés para Biblioteca relacionado en Acta 001 2026 Proveedor Lenguas Modernas Editores Contacto Mi;BIBLIOTECA;16/02/2026;LIBROS ;972.800,00
1000022933;Stickers;PROMOCION DIVULGACION;febrero;COP;" impresión de Stickers que se pegaran en las 121 aulas de la institución; esto como apertura del proceso de brandeo para la ca";OFICINA DE PROYECTOS PMO;13/02/2026;IMPRESOS ;244.783,00
1000022932;REAN 93.56 Relación de la estrategia, es;HONORARIOS GESTION DEL CONOCIMIENTO;febrero;COP; TVAINS INTERNATIONAL S.A.S. BP: 1000266233 Servicio: (33267) [Solicitud_Cotización_apartados]: Traducciones_técnicas_Universi;PUBLICACIONES CIENTIFICAS Y DOCENTES;17/02/2026;SERVICIOS PROFESIO;9.486.201,00
1000022936;SER.VIGILANCIAA GRABACION 30.01.2026;VIGILANCIA;febrero;COP; SERVICIO DE VIGILANCIA APOYO GRABACION CARACOL 30.01.2026;GESTIÓN DE INFRAESTRUCTURA Y PLANTA FÍSICA;13/02/2026;SERVICIOS PROFESIO;1.201.246,00
1000022937;SER.VIGILANCIA EVENTO CAMACOL;VIGILANCIA;febrero;COP; SERVICIO APOYO VIGILANCIA EVENTO CAMACOL;GESTIÓN DE INFRAESTRUCTURA Y PLANTA FÍSICA;17/02/2026;SERVICIOS PROFESIO;139.485,00
1000022942;200 CON BROCHE Y PUNTILLA;PROMOCION DIVULGACION;febrero;COP; PIN QS STARS - 200 PINES CON BROCHE Y PUNTILLA PROVEEDOR : PRISMARK LTDA. NIT: 800.235.441-6;GESTIÓN DE COMUNICACIONES Y PUBLICIDAD;17/02/2026;SERVICIOS PROFESIO;2.332.400,00
1000022944;CROP 2026;PROMOCION DIVULGACION;febrero;COP; ASESORÍA COMUNCIACIONES - CROP - BP 1000195595 - NIT 900448330-4 - AÑO 2026;GESTIÓN DE COMUNICACIONES Y PUBLICIDAD;12/05/2026;SERVICIOS PROFESIO;285.600.000,00
1000022945;MES 1;PROMOCION DIVULGACION;febrero;COP; ALIANZA ESTRATÉGICA CORPORACIÓN PUTUMAYO SOMOS TODOS NIT: 901489061-7;GESTIÓN DE COMUNICACIONES Y PUBLICIDAD;25/02/2026;SERVICIOS PROFESIO;12.000.000,00
1000022926;Pago de inscripción de los torneos inter;ACTIV CULTURALES CIVICAS Y DEPORTIVAS;febrero;COP; SOLICITUD DE CASOS  Actividad:  Participación Torneos Cerros  Descripción:   Pago de inscripción de los torneos interunivers;BIENESTAR UNIVERSITARIO;23/02/2026;EVENTOS ;17.500.000,00
1000022961;APOYO EVENTO;OTROS SERVICIOS;febrero;COP; servicio de apoyo logístico para el evento que se realizará el día 12 de febrero PROVEEDOR: ADVANTAGE PROTOCOLO;GERENCIA DE PROYECCIÓN Y CRECIMIENTO;18/02/2026;EVENTOS ;606.900,00
1000022938;FUMIGACI 4 SED INSUM SIN IVA FEB-JUN-OCT;SERVICIO MANTO. CONSTRUCCIONES Y EDIFICA;febrero;COP; SERVICIO DE CONTROL DE PLAGAS 2026: FUMIGACIÓN 4 SEDES: FUNDA-LEGACY-AV_CHILE-CALLE 74(3 Actividades Feb-Jun- Oct 2026) DESINF;GESTIÓN DE INFRAESTRUCTURA Y PLANTA FÍSICA;17/02/2026;SRV MTTO INFRAESTR;15.960.012,00
1000022948;SUMINISTRO VALLA IMPRESIÓN DIGITAL;IMPRESOS PUBLICACIONES;febrero;COP; PROYECTO CALLE 72 CONTRATISTA KATODE IMPRESIÓN DIGITAL  SOBRE BANER MATTE  BLAKOUT. TINTAS UV BOLSILLO PARA OJALETE Y GUAYA PA;GESTIÓN DE INFRAESTRUCTURA Y PLANTA FÍSICA;12/02/2026;LIBROS ELECTRONICO;261.134,00
1000022947;KIT CONTROL DE DERRAMESSUGERIDO 5;;febrero;COP; Kit de derrames SEGAMCOL SAS;SISTEMA DE GESTIÓN DE LA SEGURIDAD Y SALUD EN EL TRABAJO;13/02/2026;DOTACIÓN Y ELEM. D;2.044.420,00
1000022951;LED DRIVER PRG 350-1400MA 45W 120;;febrero;COP; SUMINISTRO DE DRIVERS Y SENSORES PARA ILUMINACION EDIFICIO LEGACY, PROVEEDOR:HIGTLIGH, VALOR: $1.959.216, CASO:74783;GESTIÓN DE INFRAESTRUCTURA Y PLANTA FÍSICA;17/02/2026;ELEM. FERRETERIA C;1.959.216,00
1000022899;REFRIGERIOS + EST.CAFÉ ALQUERÍA;ALIMENTOS (DESAYU-REFRIG-ALMUERZO);febrero;COP; COTIZACIÓN Diego Felipe Salcedo Rubio refreshment.bog refreshment20@gmail.com Refreshment (+57) 3004895998 Costo: $25.000 bebi;FORMACIÓN A LA MEDIDA;18/02/2026;ALIMENTACION Y REF;841.500,00
1000022913;Refrigerio personas Acció Catalana;ALIMENTOS (DESAYU-REFRIG-ALMUERZO);febrero;COP; Pago realizado por $75.280 con TC DE INTERNACIONALIZACIÓN, a COCINA SOLUCIONES INTEGRALES SAS / MAISON MISTRAL NOGAL, por refr;GERENCIA DE INTERNACIONALIZACIÓN Y RELACIONES INSTITUCIONALES;17/02/2026;ALIMENTACION Y REF;75.282,00
1000022929;Almuerzo ( Entrada, Plato fuerte y postr;ALIMENTOS (DESAYU-REFRIG-ALMUERZO);febrero;COP; SERVICIO DE ALIMENTOS Y BEBIDAS  GRABACION ON CET . PROVEEDOR GRUPO PROMO;GESTIÓN COMERCIAL EVENTOS EXTERNOS;13/02/2026;ALIMENTACION Y REF;448.380,00
1000022950;GALLETAS + EST.CAFÉ ALQUERÍA;ALIMENTOS (DESAYU-REFRIG-ALMUERZO);febrero;COP; COTIZACIÓN Diego Felipe Salcedo Rubio refreshment.bog refreshment20@gmail.com Refreshment (+57) 3004895998 Costo: $75.000 dos;FORMACIÓN A LA MEDIDA;27/02/2026;ALIMENTACION Y REF;75.000,00
1000022946;ESTOLAS GRADOS REGIONALES CAUCA;ALQUILER TOGAS Y BIRRETES;febrero;COP; 25 Alquiler Toga, Birrete + Beca Especialista.  Ceremonia de grados 27 de febrero | Popayán  PROVEEDOR PHILOSOPHIA.;REGIONES;13/02/2026;GRADOS Y EVENTOS ;2.555.525,00
1300002963;PASAJES AEREOS VALLEDUPAR;;febrero;COP; PROYECTO CALLE 72 TIQUETES AEREOS VIAJE A LA COMUNIDAD ARHUACO VALOR $ $5.014.236 +$835.706 VIAJE DEL 30 DE ENERO AL 01 DE FEBR;GESTIÓN DE INFRAESTRUCTURA Y PLANTA FÍSICA;16/02/2026;VIAJES;5.849.942,00
1300002977;Alojamiento Maira García en Barcelona;ALOJAMIENTO;febrero;COP; Pago por RESERVA DE ALOJAMIENTO para MAIRA ALEJANDRA GARCÍA JARAMILLO, in the Social Hub Barcelona Poblenou Hotel en Barcelona;GERENCIA DE INTERNACIONALIZACIÓN Y RELACIONES INSTITUCIONALES;17/02/2026;VIAJES;6.399.095,00
1300002987;REINTEGRO VIAJE GUNA DULE 3Y4 MARZO;;febrero;COP; PROYECTO CALLE 72-CONTRATISTA:IGAL KAMOKARA -ATEMIKA REINTEGRO DE GASTOS PARA VIAJE DE SOCIALIZACIÓN DEL PROYECTO HUMANISE, ES;GESTIÓN DE INFRAESTRUCTURA Y PLANTA FÍSICA;13/02/2026;VIAJES;31.392.100,00
1000022915;SERVICIOS EMPRESARIALES (INTRAMURAL);HONORARIOS SERVICIO MEDICO;febrero;COP; Examenes Médicos Ocupacionales Colsubcidio;SISTEMA DE GESTIÓN DE LA SEGURIDAD Y SALUD EN EL TRABAJO;16/02/2026;SERVICIOS PROFESIO;13.307.800,00
1000022916;Catalogación trabajos de grado Minerva;HONORARIOS ASESORIA TECNICA;febrero;COP;" Servicio de catalogación de trabajos de grado en Repositorio ""Biblioteca digital Minerva"" Cantidad de 300 registros bibliográ";BIBLIOTECA;16/02/2026;SERVICIOS PROFESIO;4.560.000,00
1000022927;Talleres de tejeduría en ganchillo ;ACTIV CULTURALES CIVICAS Y DEPORTIVAS;febrero;COP; SOLICITUD DE CASOS Actividad:  Taller de tejeduría en ganchillo Descripción:  Compra de materiales y desarrollo de dos taller;BIENESTAR UNIVERSITARIO;18/02/2026;SERVICIOS PROFESIO;1.720.000,00
1000022928;Mantenimiento de equipo de Gimnasio;MANTENIMIENTO MAQUINARIA Y EQUIPO;febrero;COP; SOLICITUD DE CASOS Actividad: Mantenimiento equipo gimnasio Descripción: Barras, cajones, mancuernas, rack de mancuernas Lugar;BIENESTAR UNIVERSITARIO;18/02/2026;SERVICIOS PROFESIO;3.570.000,00
1000022960;ADICIONAL APOYO LOGISTICO;SERVICIOS PARA EVENTOS;febrero;COP; ADICIONAL PERSONAL LOGISTICO Y BRIGADISTAS PARA CAMACOL. PROVEEDOR ADVANTAGE;GESTIÓN COMERCIAL EVENTOS EXTERNOS;13/02/2026;SERVICIOS PROFESIO;606.900,00
1000022971;LA BOUTIQUE DE LAS CARNES;GASTOS DE REPRESENTACION;febrero;COP; COMPRA - BOUTIQUE DE LAS CARNES LEGALIZACIÓN TC;GERENCIA DE PROYECCIÓN Y CRECIMIENTO;16/02/2026;SERVICIOS PROFESIO;420.103,00
1000022972;MISTRAL;GASTOS DE REPRESENTACION;febrero;COP; GASTOS DE REPRESENTACIÓN MISTRAL - COCINAS Y SOLUCIONES SAS CONCILIACIÓN TC;GERENCIA DE PROYECCIÓN Y CRECIMIENTO;17/02/2026;SERVICIOS PROFESIO;0
1000022973;MOK COLINA;GASTOS DE REPRESENTACION;febrero;COP; GASTOS DE REPRESENTACIÓN - LAO KAO SA - BP: 1000011464 CONCILIACIÓN TC;GERENCIA DE PROYECCIÓN Y CRECIMIENTO;17/02/2026;SERVICIOS PROFESIO;0
1000022918;BOLSA DE HORAS MICROSOFT 2026;ASISTENCIA TECNICA;febrero;COP; BOLSA DE SOPORTE ESPECIALIZADO DE MICROSOFT Supervisión: Jair Vanegas Proveedor: BTECHCOM Forma de pago: 50% del valor total c;INFRAESTRUCTURA Y TELECOMUNICACIONES;04/03/2026;SERVICIOS IT ;25.275.600,00
1000022917;SERV MTTO CORREC 4 VENTI AA SCHNEIDER;MANTENIMIENTO MAQUINARIA Y EQUIPO;febrero;COP; SERVICIO DE MANTENIMIENTO CORRECTIVO A 4 MOTORES DE UNIDADES CONDENSADORAS A EQUIPO DE PRECISION SCHNEIDER DEL DATA CENTER, PRO;GESTIÓN DE INFRAESTRUCTURA Y PLANTA FÍSICA;17/02/2026;SRV MTTO INFRAESTR;2.360.960,00
1000022952;MTTO PREV AIRES A ED LEGACY MAR-DIC 2026;MANTENIMIENTO MAQUINARIA Y EQUIPO;febrero;COP; MTTO PREVENTIVO Y CORRECTIVO A 218 EQUIPOS DE AIRE ACONDICIANDO, ESTRACCIÓN Y VENTILACIÓN DE EDIFICIO LEGACY 2026 COMITE DE C;GESTIÓN DE INFRAESTRUCTURA Y PLANTA FÍSICA;13/03/2026;SRV MTTO INFRAESTR;76.438.630,00
1000022954;INSTALACION DE HABLADORES DE PISO;AVISOS Y COMUNICADOS ;febrero;COP; SERVICIO SUMINISTRO E INSTALACION DE HABLADORES DE PISO PARA HALL PISO 2 EDIFICIO LEGACY, PROVEEDOR: KATODE, VALOR:$605.956, CA;GESTIÓN DE INFRAESTRUCTURA Y PLANTA FÍSICA;17/02/2026;SRV MTTO INFRAESTR;605.956,00
1000022955;MTTO CORRECTIVO NEVERA COCINA P10 LEGACY;MANTO EQ DE OFICINA;febrero;COP; SERVICIO DE MANTENIMIENTO CORRECTIVO PARA NEVERA DE COCINA PISO 10 LEGACY, PROVEEDOR: OSCAR RUIZ, VALOR: $180.000, CASO:74905;GESTIÓN DE INFRAESTRUCTURA Y PLANTA FÍSICA;16/02/2026;SRV MTTO INFRAESTR;180.000,00
1000022956;SUMIN E INST DIVISION PUERTA IMPACTA;SERVICIO MANTO. CONSTRUCCIONES Y EDIFICA;febrero;COP; SERVICIO SUMINISTRO E INSTALACION DE PUERTA DIVISION EN VIDRIO PARA BODEGA IMPACTA, PROVEEDOR: SECURITY WINDOWS, VALOR: $2.558.;GESTIÓN DE INFRAESTRUCTURA Y PLANTA FÍSICA;17/02/2026;SRV MTTO INFRAESTR;2.558.500,00
1000022981;1_ WORKSTATION TS P3_TOWER_GEN 2_WARRANT;;febrero;USD; Equipo de computo Lenovo  30HSS97E00 wrkstation TS P3_Tower_Gen 2_WARRANTY 4Y X 10 EQUIPOS VALOR UNIDAD $1.615 USD + IVA INCLUI;MEDIACIONES DIDÁCTICAS;10/04/2026;HARDWARE ;0
1000022965;Servicio transporte 16 - 20 feb;PASAJES TERRESTRES;febrero;COP; COTIZACION #GP-000158-46.1 RUTRANSCOL SERVICIO DE TRANSPORTE FRONTINO Y MUTATA;CONSULTORÍA ESPECIALIZADA;18/02/2026;TRANSPORTE ;5.200.000,00
1000022976;BUS - RAMO - 16 DE FEBRERO DE 2026;PASAJES TERRESTRES;febrero;COP; EMPRESA: EXPLORA COLOMBIA FECHA: 16 DE FEBRERO DE 2026 DESTINO: PLANTA RAMO MOSQUERA NÚMERO DE PERSONAS: 40;FACULTAD DE ADMINISTRACION;13/02/2026;TRANSPORTE ;900.000,00
1000022980;ELTS Games and Activities: Win with Word;;febrero;COP; Compra de libros impresos para Biblioteca relacionado en Acta 001 2026 Proveedor English Languaje Service Contacto Carolina Le;BIBLIOTECA;17/02/2026;LIBROS ;675.000,00
1000022963;refrigerios VAF;ALIMENTOS (DESAYU-REFRIG-ALMUERZO);febrero;COP;;VICERRECTORÍA ADMINISTRATIVA Y FINANCIERA;13/02/2026;ALIMENTACION Y REF;647.750,00
1000022975;ESTACION DE CAFE;ALIMENTOS (DESAYU-REFRIG-ALMUERZO);febrero;COP; SOLICITUD DE SERVICIOS ADICIONALES DE ALIMENTACIÓN EVENTO CAMACOL.PROVEEDOR GRUPO PROMO;GESTIÓN COMERCIAL EVENTOS EXTERNOS;20/02/2026;ALIMENTACION Y REF;1.224.120,00
1000022919;MEDICAL RECORD HISTORIAS CLINICAS 2026;;febrero;COP; RENOVACION MEDICAL RECORD – HISTORIAS CLINICAS Supervisor: Diego Rivera Proveedor: Logan Valor de la compra: COP $19.851.240;SISTEMAS DE INFORMACIÓN;18/02/2026;LICENCIAS Y SUBSCR;19.851.240,00
1000022990;RENOVACION LICENCIAS CDR 2026;LICENCIAS Y SOFTWARE;febrero;COP; LICENCIAS CDR (Centro Colombiano de Derechos Reprográficos) Supervisor: Nestor Cantor Proveedor: CDR Valor de la compra: COP $;SEGURIDAD INFORMÁTICA;25/02/2026;LICENCIAS Y SUBSCR;10.044.247,00
1300003004;Alojamiento Frontino y Mutata;ALOJAMIENTO;febrero;COP; Gastos de viaje German Hillon Vega Alojamiento Frontino y Mutata (Antioquia) 16 al 20 de febrero;CONSULTORÍA ESPECIALIZADA;13/02/2026;VIAJES;262.000,00
1300003005;Alojamiento Frontino y Mutata;ALOJAMIENTO;febrero;COP; Gastos de viaje Sandra Bulla Ortega Alojamiento Frontino y Mutata (Antioquia) 16 al 20 de febrero;CONSULTORÍA ESPECIALIZADA;13/02/2026;VIAJES;262.000,00
1300003006;Alojamiento Frontino y Mutata;ALOJAMIENTO;febrero;COP; Gastos de viaje Gustavo Vargas Urrego Alojamiento Frontino y Mutata (Antioquia) 16 al 20 de febrero;CONSULTORÍA ESPECIALIZADA;13/02/2026;VIAJES;262.000,00
1300003007;Alojamiento Frontino y Mutata;ALOJAMIENTO;febrero;COP; Gastos de viaje Danny Losada Alojamiento Frontino y Mutata (Antioquia) 16 al 20 de febrero;CONSULTORÍA ESPECIALIZADA;13/02/2026;VIAJES;262.000,00
1300003008;Alojamiento Frontino y Mutata;ALOJAMIENTO;febrero;COP; Gastos de viaje Silvio Lopez Alojamiento Mutata (Antioquia) 18 al 20 de febrero;CONSULTORÍA ESPECIALIZADA;13/02/2026;VIAJES;140.000,00
1000022949;SER. VIGILANCIA 2026 (ABRIL A DICIEMBRE);VIGILANCIA;febrero;COP; OTROSI No.2, CONTRATO DE SEGURIDAD Y VIGILANCIA SEDES EAN POR UN AÑO 2026-2027  Proveedor COLVISEG;GESTIÓN DE INFRAESTRUCTURA Y PLANTA FÍSICA;22/04/2026;SERVICIOS PROFESIO;2.022.530.659,00
1000022953;Preparación y presentación de la respues;HONORARIOS ASESORIA TECNICA;febrero;COP; Proveedor:  Clarke Modet NIT: 830008643-3 BP: 1000011428 PRESUPUESTO Preparación y presentación de respuesta al Oficio No. 21;UNIDAD DE INNOVACIÓN Y TRANSFERENCIA;16/02/2026;SERVICIOS PROFESIO;2.855.095,00
1000022964;MTTO. MALOKA EORI;SERVICIO MANTO. CONSTRUCCIONES Y EDIFICA;febrero;COP; OBRA CIVIL PARA EL MATENIMIENTO Y CAMBIO DE CUBIERTA MALOKA EAN ORINOQUIA  Proveedor:Richard Antelis Valor $14.500.000;GESTIÓN DE INFRAESTRUCTURA Y PLANTA FÍSICA;13/02/2026;SERVICIOS PROFESIO;14.500.000,00
1000022974;APOYO LOGISTICO;SERVICIOS PARA EVENTOS;febrero;COP; SOLICITUD DE SERVICIO DE PERSONAL LOGISTICO Y BRIGADISTAS PARA ONE CET. PROVEEDOR ADVANTAGE;GESTIÓN COMERCIAL EVENTOS EXTERNOS;18/02/2026;SERVICIOS PROFESIO;2.986.900,00
1000022983;INSCRIPCION ASOBANCARIA;INSCRIPCION EVENTOS NACIONAL - INTERNACI;febrero;COP; INSCRIPCION ASOBANCARIA;VICERRECTORÍA ADMINISTRATIVA Y FINANCIERA;25/02/2026;EVENTOS ;4.510.100,00
1000022977;SERV MTTO PREV SIST DETECCION INCEN C74;MANTENIMIENTO MAQUINARIA Y EQUIPO;febrero;COP; SERVICIO DE MANTENIMIENTO PREVENTIVO SISTEMA DE DETECCION INCENDIOS SEDE CALLE 74, PROVEEDOR: AMERICAM ALARM, VALOR: $5.231.835;GESTIÓN DE INFRAESTRUCTURA Y PLANTA FÍSICA;18/02/2026;SRV MTTO INFRAESTR;5.231.833,00
1000022982;SUMINISTRO E INSTALACIÓN MOTOR 100NW;MANTENIMIENTO MAQUINARIA Y EQUIPO;febrero;COP; Instalación motor 100NW carpa externa, punto de reciclaje. Proveedor: Carpas e ingenieria. Valor: $1,666,000;GESTIÓN DE INFRAESTRUCTURA Y PLANTA FÍSICA;17/02/2026;SRV MTTO INFRAESTR;1.666.000,00
1000022988;SERV MTTO PREV PANELES SOLARES FUN;SERVICIO MANTO. CONSTRUCCIONES Y EDIFICA;febrero;COP; SERVICIO DE MANTENIMIENTO PREVENTIVO PANELES SOLARES FUNDADORES, PROVEEDOR: AC INGENIEROS, VALOR: $4.069.800, CASO:74994;GESTIÓN DE INFRAESTRUCTURA Y PLANTA FÍSICA;17/02/2026;SRV MTTO INFRAESTR;4.069.800,00
1000023010;LIMPIEZA NIDOS PALOMA FACHADA P10;SERVICIO MANTO. CONSTRUCCIONES Y EDIFICA;febrero;COP; SERVICIO DE LIMPIEZA NIDOS DE PALOMA FACHADA PISO 10, PROVEEDOR: SECURITY WINDOWS, VALOR: $4.284.000, CASO: 74999;GESTIÓN DE INFRAESTRUCTURA Y PLANTA FÍSICA;19/02/2026;SRV MTTO INFRAESTR;4.284.000,00
1000023031;SERV MTTO PREV VIDEO PORTERO FUN;MANTENIMIENTO MAQUINARIA Y EQUIPO;febrero;COP; SERVICIO DE MANTENIMIENTO PREVENTIVO VIDEO PORTERO, PROVEEDOR: AMERICAN ALARM,VALOR: $1.442.280, CASO:75033;GESTIÓN DE INFRAESTRUCTURA Y PLANTA FÍSICA;18/02/2026;SRV MTTO INFRAESTR;1.442.280,00
1000022966;LAVADORA HACEBCS 18K;;febrero;COP; SUMINISTRO LAVADO PARA LAVADO DE DOTACIÓN SEDE EAN ORINOQUIA;GESTIÓN DE INFRAESTRUCTURA Y PLANTA FÍSICA;17/02/2026;ACTIVOS Y/O EQUIPO;2.065.000,00
1000022984;BECAS POR COLOMBIA TELECAFÉ;PROMOCION DIVULGACION;febrero;COP; Campaña Becas por Colombia- Telecafe;PUBLICIDAD;24/02/2026;INSTITUCIONALES ;4.539.850,00
1000022985;BECAS POR COLOMBIA TELEANTIOQUIA;PROMOCION DIVULGACION;febrero;COP;  Nota patrocinada de 1 minuto en Noticiero 7 pm Teleantioquia Campaña: Becas por Colombia;PUBLICIDAD;25/02/2026;INSTITUCIONALES ;6.131.237,00
1000022987;BECAS POR COLOMBIA TELEISLAS;PROMOCION DIVULGACION;febrero;COP; PRODUCCIÓN Y EMISIÓN DE PUBLIRREPORTAJES- TELEISLAS BECAS POR COLOMBIA;PUBLICIDAD;17/02/2026;INSTITUCIONALES ;0
1000022989;BECAS POR COLOMBIA TELECARIBE;PROMOCION DIVULGACION;febrero;COP;" BECAS POR COLOMBIA- TELECARIBE Nota patrocinada de 1 minuto 30 segundos en ""NUESTRAS MAÑANAS"" 8:30am";PUBLICIDAD;26/02/2026;INSTITUCIONALES ;4.430.370,00
1000023011;BECAS POR COLOMBIA CANAL TRO;PROMOCION DIVULGACION;febrero;COP; Cubrimiento especial – NOTA COMERCIAL Pregrabada 2 minutos ORIENTE NOTICAS 6 AM;PUBLICIDAD;27/02/2026;INSTITUCIONALES ;2.225.300,00
1000023030;PLAN VALLAS ATL;PROMOCION DIVULGACION;febrero;COP; 15 TÓTEMS DISTRIBUIDOS EN EL CENTRO COMERCIAL 1080 X 1920 PX CIRCUITO 10 TÓTEMS DISTRIBUIDOS + COLUMNA (MEDIO CUPO) 1080 X 19;PUBLICIDAD;23/06/2026;INSTITUCIONALES ;118.582.310,00
1000022957;Applied Knowledge -Management Accounti;;febrero;EUR; Compra BPP INV-90748 £3,401.19 TRM libras 4930,31-  TRM Euro 4298,28 (5 de febrero 2026);UNIDAD ACADÉMICA ADMINISTRATIVA;20/02/2026;LIBROS ;3.900,51
1000022958;Applied Skills -Financial Management;;febrero;EUR; Compra BPP INV-90747 £3,788.28 TRM libras 4.930,31 -  TRM Euro 4298,28  (05 de febrero 2026);UNIDAD ACADÉMICA ADMINISTRATIVA;20/02/2026;LIBROS ;4.345,14
1000022959;AppliedKnowledge - Business &Technolgy;;febrero;EUR; Compra BPP INV-90307 £3,160.00 TRM libras 5.025,94-  TRM Euro 4.363,46  (06 de febrero 2026);UNIDAD ACADÉMICA ADMINISTRATIVA;20/02/2026;LIBROS ;3.640,32
1000022967;AppliedKnowledge -Management Account;;febrero;EUR; Compra BPPINV-90447  £80.00 TRM libras 5020,65 -  TRM Euro 4372,12  (09 de febrero 2026);UNIDAD ACADÉMICA ADMINISTRATIVA;20/02/2026;LIBROS ;91,84
1000022968;Course Book -External - ACCA -Applieknow;;febrero;EUR; Compra BPP INV-90574  £160.65 TRM libras 4.989,09 -  TRM Euro 4.340,23  (11 de febrero 2026);UNIDAD ACADÉMICA ADMINISTRATIVA;20/02/2026;LIBROS ;184,64
1000022969;AppliedKnowledge - Business &Technolgy;;febrero;EUR; Compra BPP INV-90653  £150.00 TRM libras 4990,22-  TRM Euro 4343,76  (13 de febrero 2026);UNIDAD ACADÉMICA ADMINISTRATIVA;20/02/2026;LIBROS ;172,35
1000022986;RECURSOS BIBLIOGRAFICOS;;febrero;COP; Compra de libros impresos en linea para Biblioteca de la plataforma Amazon Se requiere una Orden de Compra abierta para realiza;BIBLIOTECA;18/02/2026;LIBROS ;2.856.850,00
1000023020;Applied Knowledge -Management Accounti;;febrero;EUR; Compra BPP INV-90746  £302.94 TRM libras 4.979,8-  TRM Euro 4.330,31  (16 de febrero 2026);UNIDAD ACADÉMICA ADMINISTRATIVA;20/02/2026;LIBROS ;348,33
1000022922;Crispetas 9 entregas x30 un;ALIMENTOS (DESAYU-REFRIG-ALMUERZO);febrero;COP; SOLICITUD DE CASOS  Actividad:  Crispetas B. U. Films  Descripción:   Compra de 270 paquetes de crispetas de maiz para ofrecer;BIENESTAR UNIVERSITARIO;16/02/2026;ALIMENTACION Y REF;1.020.600,00
1000022992;40 MINI BROCHETAS;COCTEL - ESTACION (CAFE, AROMATICA, AGUA;febrero;COP;;POSGRADO;18/02/2026;ALIMENTACION Y REF;2.951.200,00
1000022978;KIT Total Starch Assay Kit (AA/AMG).;INGRESOS TERCEROS;febrero;COP; Creación caso: 75021 Compra proyecto externo PAPAPACK. •KIT Total Starch Assay Kit (AA/AMG). Proveedor: QUIMICA MG S.A.S. BP;DIRECCIÓN DE INVESTIGACIONES;17/02/2026;ELEM. LABORATORIO ;3.865.120,00
1000022979;Instalación linéa de gases Proyecto Bioe;INGRESOS TERCEROS;febrero;COP; Creación caso: 75031 Compra proyecto externo AGROSAVIA. • PROPUESTA Elementos de conexión para biogás de Biodigestor. Prov;DIRECCIÓN DE INVESTIGACIONES;17/02/2026;ELEM. LABORATORIO ;9.600.000,00
1000022991;RENOVACION LICENCIA SKETCHUP 2026;LICENCIAS Y SOFTWARE;febrero;USD; LICENCIA SKETCHUP – PLANTA FISICA Supervisor: Henry Diaz Proveedor: Sketchup Valor de la compra: USD 399 Exento de IVA Vigenc;EXPERIENCIA DE USUARIO;23/02/2026;LICENCIAS Y SUBSCR;399
1000023001;Participación por dos (2) días en el For;INSCRIPCION EVENTOS NACIONAL - INTERNACI;febrero;COP; Asociación de Editoriales Universitarias de Colombia ASEUC BP:1000012320 Servicio: compra de entradas para el Ingreso al Foro;PUBLICACIONES CIENTIFICAS Y DOCENTES;17/02/2026;LICENCIAS Y SUBSCR;169.999,00
1000023012;ALOJAMIENTO INVITADO CAMILO HERRERA;ALOJAMIENTO;febrero;COP; SEGUN FACTURA FECZ73085 ALOJAMIENTO INVITADO CAMILO HERRERA;GERENCIA GENERAL;25/02/2026;VIAJES;724.414,00
1000023013;TIQUETES INVITADO CAMILO HERRERA;PASAJES AEREOS;febrero;COP; SEGUN FACTURA FECZ72992 TIQUETES INVITADO CAMILO HERRERA;GERENCIA GENERAL;25/02/2026;VIAJES;673.880,00
1300002918;2 ALM y 2 CENAS - BRAYAN ARIAS;MANUTENCION;febrero;COP; BRAYAN ALEXIS ARIAS MARTINEZ CC. 80031153  17 de Febrero al 18 de Febrero IDA REGRESO TOTAL Transporte aeropuerto Bogotá – C;CONSULTORIA PRIVADA;17/02/2026;VIAJES;740.000,00
1300002919;2 ALM Y 2 CENAS - JESSICA PEÑA;MANUTENCION;febrero;COP; JESSICA RUTH PEÑA TORRES CC. 63555368  17 de Febrero al 18 de Febrero IDA REGRESO TOTAL Transporte aeropuerto Bogotá – Casa;CONSULTORIA PRIVADA;17/02/2026;VIAJES;740.000,00
1300002978;alojamiento evento asobancaria 2026;ALOJAMIENTO;febrero;COP; alojamiento evento asobancaria 2026  pago TC;VICERRECTORÍA ADMINISTRATIVA Y FINANCIERA;25/02/2026;VIAJES;2.959.551,00
1300002979;Tiquetes envento asobancaria 2026;PASAJES AEREOS;febrero;COP; Tiquetes envento asobancaria 2026;VICERRECTORÍA ADMINISTRATIVA Y FINANCIERA;25/02/2026;VIAJES;628.141,00
1300002988;HOSPEDAJE 25 AL 26 FEBRERO MARIA DEL PIL;ALOJAMIENTO;febrero;COP; HOTEL EL RECUERDO - RESERVA VIAJES COMERCIALES IBAGUÉ  Reserva 1: 23 AL 26 FEBRERO: 3 NOCHES X 1 PERSONA      Maria del Pilar;NUEVOS MERCADOS;13/03/2026;VIAJES;188.000,00
1300002989;RESERVA HSPEDAJE DEL 26 AL 27 FEBRERO;ALOJAMIENTO;febrero;COP; HOTEL EL RECUERDO - VIAJE GRADOS - 26 AL 27 FEBRERO - 4 PERSONAS:  Habitación individual:      Edgar Arturo Gonzalez Mongui;REGIONES;13/03/2026;VIAJES;606.000,00
1300003010;1 ALM Y 2 CENAS - DIANA GUTIERREZ;MANUTENCION;febrero;COP; DIANA CAROLINA GUTIERREZ ACOSTA CC. 52907082  17 de Febrero al 18 de Febrero IDA REGRESO TOTAL Transporte aeropuerto Bogotá;CONSULTORIA PRIVADA;17/02/2026;VIAJES;690.000,00
1300003011;2 ALM Y 1 CENA - JHON RENGIFO;MANUTENCION;febrero;COP; JOHN JAIRO RENGIFO VARGAS CC. 80230692  17 de Febrero al 18 de Febrero IDA REGRESO TOTAL Transporte aeropuerto Bogotá – Casa;CONSULTORIA PRIVADA;17/02/2026;VIAJES;690.000,00
1300003012;Tiquetes Comfandi Cali -AAGHRFW;PASAJES AEREOS;febrero;COP; AAGHRFW TQUETES IDA Y VUELTA BOGOTÁ - CALI (Comfandi) DIANA CAROLINA GUTIERREZ ACOSTA CC. 52907082 JOHN JAIRO RENGIFO VARGAS C;CONSULTORIA PRIVADA;26/03/2026;VIAJES;1.359.422,00
1300003013;Tiquetes Comfandi Cali - AAGHRHB;PASAJES AEREOS;febrero;COP; AAGHRHB - TIQUETES IDA Y VUELTA BOGOTÁ - CALI (Comfandi) BRAYAN ALEXIS ARIAS MARTINEZ CC. 80031153;CONSULTORIA PRIVADA;26/03/2026;VIAJES;516.086,00
1300003014;Tiquetes Comfandi Cali - AAGHRAL;PASAJES AEREOS;febrero;COP; AAGHRAL - TIQUETES IDA Y VUELTA BOGOTÁ - CALI (Comfandi) JESSICA RUTH PEÑA TORRES CC. 63555368;CONSULTORIA PRIVADA;26/03/2026;VIAJES;684.471,00
1300003015;ALOJAMIENTO CALI FEB - BRAYAN ARIAS;ALOJAMIENTO;febrero;COP; 1 Noche de alojamiento en Hotel Chipichape con Desayuno Incluido  BRAYAN ALEXIS ARIAS MARTINEZ CC. 80031153;CONSULTORIA PRIVADA;26/03/2026;VIAJES;305.168,00
1300003016;ALOJAMIENTO CALI FEB - JESSICA PEÑA;ALOJAMIENTO;febrero;COP; 1 Noche de alojamiento en Hotel Chipichape con Desayuno Incluido  JESSICA RUTH PEÑA TORRES CC. 63555368;CONSULTORIA PRIVADA;26/03/2026;VIAJES;305.168,00
1300003017;ALOJAMIENTO CALI FEB - DIANA GUTIERREZ;ALOJAMIENTO;febrero;COP;;CONSULTORIA PRIVADA;26/03/2026;VIAJES;305.168,00
1300003018;ALOJAMIENTO CALI FEB - JHON RENGIFO;ALOJAMIENTO;febrero;COP;;CONSULTORIA PRIVADA;26/03/2026;VIAJES;305.168,00
1300003020;VUELOS 26 AL 27 FEBRERO;PASAJES AEREOS;febrero;COP; VUELOS - GRADOS ESPECIAIZACIÓN AGCS XXIII - POPAYÁN FECHAS 26 AL 27 FEBRERO PROVEEDOR: ZEPPELIN RESERVA:AAGHWQY;REGIONES;13/03/2026;VIAJES;2.431.476,00
1300003021;VUELOS 23 AL 27 FEBRERO - PILAR PATIÑO;PASAJES AEREOS;febrero;COP; VUELOS - VIAJES COMERCIALES POPAYÁN - MARIA DEL PILAR PATIÑO FECHAS 23 AL 27 FEBRERO PROVEEDOR: ZEPPELIN RESERVA: AAGHWOI.;REGIONES;17/03/2026;VIAJES;1.084.002,00
1000022993;Cotización de la corrección de estilo de;HONORARIOS GESTION DEL CONOCIMIENTO;febrero;COP; Ella Johanna Suárez Pérez BP: 1000174330 RUT 52.424.219-5 Servicio: Cotización de la corrección de estilo de las memorias d;PUBLICACIONES CIENTIFICAS Y DOCENTES;18/02/2026;SERVICIOS PROFESIO;5.983.780,00
1000022994;Diagramación del libro de Resúmenes: Mem;HONORARIOS GESTION DEL CONOCIMIENTO;febrero;COP; Ángela Viviana Díaz Torres BP: 1000331930 CC: 1.014.198.798 e-mail: avivianadiaz@gmail.com Servicios: Me permito según su so;PUBLICACIONES CIENTIFICAS Y DOCENTES;18/02/2026;SERVICIOS PROFESIO;5.003.390,00
1000023000;PLAN PLATA - LATAM HEALTHTECH FORUM #LHT;ALQUILER STAND - CARPAS;febrero;COP; Alianza Estratégica y Seguimiento // Latam HealthTech Forum 2026  PLAN PLATA:  1 speaker en la agenda. 1 espacio comercial. Lo;POSGRADO;06/03/2026;SERVICIOS PROFESIO;12.000.000,00
1000022995;INSTALACION DE PULSADORES P5 Y P7 ASC FU;MANTENIMIENTO MAQUINARIA Y EQUIPO;febrero;COP; SERVICIO SUMINISTRO E INSTALACION DE PULDADORES DE DIRECCION PARA LLAMADO DE ASCENSORES EN PISO 5 Y PISO 7 FUNDADORES, PROVEEDO;GESTIÓN DE INFRAESTRUCTURA Y PLANTA FÍSICA;18/02/2026;SRV MTTO INFRAESTR;671.961,00
1000022996;SERV MTTO PREV CORREC SISTEMA BOMBEO LAB;MANTENIMIENTO MAQUINARIA Y EQUIPO;febrero;COP; SERVICIO DE MTTO CORRECTIVO SISTEMA DE BOMBEO LABORATORIOS P1 LEGACY, PROVEEDOR: ARBOMBAS, VALOR: $1.110.217, CASO:75062;GESTIÓN DE INFRAESTRUCTURA Y PLANTA FÍSICA;18/02/2026;SRV MTTO INFRAESTR;1.110.218,00
1000023032;SIST ILUMINACIÓN AUDITORIO FUNDADORES;;febrero;COP; SUMINISTRO E INSTALACIÓN DE SISTEMA DE ILUMINACIÓN DEL AUDITORIO FUNDADORES, INCLUYE ACOMETIDAS ELÉCTRICAS, SISTEMA DE CONTR;GESTIÓN DE INFRAESTRUCTURA Y PLANTA FÍSICA;19/02/2026;SRV MTTO INFRAESTR;32.630.157,00
1000022997; ROBOT HUMANOIDE UNITREE G1;;febrero;COP; Adquisición robot de humanoide Contrato para adquisición de un Robot Humanoide UNITREE G1 EDU U6, destinado a fortalecer la i;DIRECCIÓN DE INVESTIGACIONES;05/03/2026;ACTIVOS Y/O EQUIPO;329.387.041,00
1000023033;MANILLAS EVENTOS;PROMOCION DIVULGACION;febrero;COP; Manillas eventos- Marketing y creatividad;PREGRADO;19/02/2026;INSTITUCIONALES ;1.428.833,00
1000023014;Sudaderas deportivas;;febrero;COP; SOLICITUD DE CASOS  Actividad:   Uniformes deportivos  Descripción:   Compra de 60 sudadera para los grupos representativos de;BIENESTAR UNIVERSITARIO;25/02/2026;DOTACIÓN Y ELEM. D;9.360.000,00
1000023016;Pendones cabina Reset;PROMOCION DIVULGACION;febrero;COP; SOLICITUD DE CASOS  Actividad:  Pendones Reset cabina de emociones  Descripción:  Compra de pendones de la cabina de emociones;BIENESTAR UNIVERSITARIO;19/02/2026;IMPRESOS ;248.139,00
1000023017;SUSCRIPCION ACTUALICESE;SUSCRIPCIONES;febrero;COP; Solicitud de renovacion suscripcion Actualicese;DIRECCIÓN DE CONTABILIDAD;24/02/2026;LIBROS ;630.000,00
1000023034;Software TouchDesigner;LICENCIAS Y SOFTWARE;febrero;USD; Caso 74451 DERIVATIVE INC BP:1000349249 Servicio: Compra del software TouchDesigner TouchDesigner es una plataforma profesional;UNIDAD DE DESARROLLO;04/03/2026;LICENCIAS Y SUBSCR;900
1300003019;TRANSPORTE TERRESTRE;PASAJES TERRESTRES;febrero;COP; VIÁTICOS TRANSPORTE Y ALIMENTACIÓN - VIAJE SAN ANDRES TURISMO SOSTEIBLE  MARIA DEL PILAR PATIÑO HERRERA - CC. 1012389723 - B;REGIONES;03/03/2026;VIAJES;783.000,00
1300003022;TRANSPORTE TERRESTRE;PASAJES TERRESTRES;febrero;COP; VIÁTICOS TRANSPORTE Y ALIMENTACIÓN - VIAJE COMERCIAL Y GRADOS POPAYÁN  MARIA DEL PILAR PATIÑO HERRERA - CC. 1012389723 - BP;REGIONES;18/02/2026;VIAJES;640.000,00
1300003023;TRANSPORTE TERRESTRE;PASAJES TERRESTRES;febrero;COP; VIÁTICOS TRANSPORTE Y ALIMENTACIÓN - GRADOS CAUCA  EDGAR ARTURO GONZALEZ MONGUI  - CC. 1018420260 - BP 1000060982  FECHAS VIA;REGIONES;18/02/2026;VIAJES;280.000,00
1300003024;TRANSPORTE TERRESTRE;PASAJES TERRESTRES;febrero;COP; VIÁTICOS TRANSPORTE Y ALIMENTACIÓN - VIAJE GRADOS POPAYÁN   FABIAN GERARDO DIAZ GARZON - CC. 80.871.890 - BP 1000011399  FEC;REGIONES;18/02/2026;VIAJES;280.000,00
1300003025;TRANSPORTE TERRESTRE;PASAJES TERRESTRES;febrero;COP; VIÁTICOS TRANSPORTE Y ALIMENTACIÓN - GRADOS CAUCA  WENDY NATHALIA GARZÓN GARZÓN - CC. 1033789198 - BP 1000113668  FECHAS VI;REGIONES;18/02/2026;VIAJES;540.000,00
1300003030;TRANSPORTE TERRESTRE;PASAJES TERRESTRES;febrero;COP; VIÁTICOS TRANSPORTE Y ALIMENTACIÓN - VIAJE EVENTO PREGRADO TURISMO SAN ANDRES  ZULEIMA NATALY HERNANDEZ TORRES - CC. 10230316;REGIONES;18/02/2026;VIAJES;523.000,00
1300003031;TRANSPORTE TERRESTRE;PASAJES TERRESTRES;febrero;COP; VIÁTICOS TRANSPORTE Y ALIMENTACIÓN - VIAJE EVENTO PREGRADO TURISMO SAN ANDRES  JAIME ANDRES REYES PAEZ - CC. 79797498 - BP 10;REGIONES;18/02/2026;VIAJES;523.000,00
1300003032;TRANSPORTE TERRESTRE;PASAJES TERRESTRES;febrero;COP; VIÁTICOS TRANSPORTE Y ALIMENTACIÓN - VIAJE EVENTO PREGRADO TURISMO SAN ANDRES  JAVIER ALBERTO MORALES AREVALO - CC. 79906174;REGIONES;18/02/2026;VIAJES;538.000,00
1000023007;TRANSPORTE VILLAPINZON;PASAJES TERRESTRES;febrero;COP; Bogotá, 18 Febrero 2026 Señores UNIVERSIDADEAN MAURICIOAVILASANCHEZ Cordial Saludo. Dando respuesta a su solicitud y agradeci;CONTRATACIÓN PÚBLICA;25/02/2026;TRANSPORTE ;780.000,00
1000023003;MATERIAL DIDACTICO DIGITAL;;febrero;COP; 35 LICENCIAS DEL LIBRO VIRTUAL AL DENTE 1 - ITALIANO, CON EL PROVEEDOR ENGLISH LENGUAGE SERVICES SAS PARA LA COHORTE 1 PROMOCI;EDUCACIÓN CONTINUADA PROYECTOS;24/02/2026;ALIMENTACION Y REF;5.118.750,00
1000023024;Barra de sodas;ALIMENTOS (DESAYU-REFRIG-ALMUERZO);febrero;COP; SOLICITUD DE SERVICIO DE BEBIDAS ENEVTO KZEMOS PROVEEDOR GRUPO PROMO.;GESTIÓN COMERCIAL EVENTOS EXTERNOS;23/02/2026;ALIMENTACION Y REF;527.240,00
1000023002;Filamento PLA 1.75mm;;febrero;COP; Caso mesa de servicios: Compra filamento FABLAB. Filamento PLA 1.75mm 5kg Azul rey 5kg Negro 5kg Rosado 5kg Naranja 5kg Dorado;UNIDAD DE DESARROLLO;19/02/2026;ELEM. LABORATORIO ;3.225.000,00
1000023022;VALOR TOTAL DE CARGA;BONOS SODEXHO ;febrero;COP; 33 tarjetas alimenticias para los directores de programa y/o área, por un valor de 300.000;FACULTAD DE ADMINISTRACION;18/02/2026;BONOS ;10.182.139,00
1000023005;MEMBRESIA CONECTA 2026;TRAMITES LICENCIAS;febrero;USD; Anticipo del 100% por Pago de Membresía Conecta 2026;GERENCIA IES;24/02/2026;LICENCIAS Y SUBSCR;2.500,00
1000023006;MEMBRESIA CONECTA 2026;TRAMITES LICENCIAS;febrero;USD; Anticipo del 100% por Pago de Membresía Conecta 2026;EAN IMPACTA;24/02/2026;LICENCIAS Y SUBSCR;2.500,00
1300003026;HOTEL ESTELAR BLUE 03 AL 05 DE MARZO;;febrero;COP; ALOJAMIENTO  HOTEL-HOTEL ESTELAR BLUE FECHAS 03 Y05 DE MARZO. VALOR $20.144.980 SOCIALIZACIÓN PROYECTO COMUNIDAD GUNA DULE;GESTIÓN DE INFRAESTRUCTURA Y PLANTA FÍSICA;25/02/2026;VIAJES;20.144.988,00
1000023004;CONSTRUCTION MONTH 3;;febrero;USD; HEATHERWICK ADITIONAL CONSTRUCTION-MONTH 3 $22.157 DOLARES AMERICANOS Activo: 130000002 10600801  CONSTRUCCIONES EN CURSO 16150;GESTIÓN DE INFRAESTRUCTURA Y PLANTA FÍSICA;18/02/2026;SERVICIOS PROFESIO;22.157,00
1000023021;Comisión Finder Fee Lenka Buckova;COMISIONES VENTA EXTERNA;febrero;COP; Comisión Finder Fee Lencka Buckova Gestión comercial realizada para lograr la venta de la Consultoría dirigida a la Alcaldí;CONSULTORÍA ESPECIALIZADA;25/02/2026;SERVICIOS PROFESIO;4.950.000,00
1000023023;CAMAROGRAFOS+EQUIPOS;SERVICIOS PARA EVENTOS;febrero;COP; SOLICITUD DE SERVICIO DE CAMAROGRAFOS PARA EVENTO KZEMOS.  PROVEEDOR CAMILO PINZON .;GESTIÓN COMERCIAL EVENTOS EXTERNOS;23/02/2026;SERVICIOS PROFESIO;1.750.000,00
1000023026;APOYO EVENTO;SERVICIOS PARA EVENTOS;febrero;COP; SOLICITUD DE PERSONAL DE LOGISTICA PARA EVENTO KCEMOS.                 PROVEEDOR ADVANTAGE.;GESTIÓN COMERCIAL EVENTOS EXTERNOS;24/02/2026;SERVICIOS PROFESIO;5.662.020,00
1000023035;Auditoría de seguimiento sello de no dis;TRAMITES LICENCIAS;febrero;COP; Desarrollo de la auditoría de seguimiento del Sello de no Discriminación con el ente certificador Icontec.;GESTIÓN DE CALIDAD Y DE LOS PROCESOS;23/02/2026;SERVICIOS PROFESIO;3.177.895,00
1000023044; Pelotas antiestrés;PROMOCION DIVULGACION;febrero;COP; SOLICITUD DE CASOS  Actividad:   Pelotas antiestrés  Descripción:   Compra de quinientosmil (500) pelotas antiestrés  Lugar:;BIENESTAR UNIVERSITARIO;24/02/2026;PUBLIC – MATER POP;2.938.705,00
1000023036;Inscripcion Evento;SUSCRIPCIONES  EVENTOS;febrero;COP; Inscripcion evento ASISTENCIA AIFE Conference2026 Juan Manuel Medina.;VICERRECTORÍA DE INNOVACIÓN ACADÉMICA;26/02/2026;EVENTOS ;352.459,00
1000022999;MTTO PLANTAS E 2026 NOGAL-AVCHILE-CALL74;MANTENIMIENTO MAQUINARIA Y EQUIPO;febrero;COP; MTTO PREVENTIVO DE PLANTAS ELÉCTRICAS DE EDIFICIOS LEGACY -FUNDADORES - AV CHILE y CALLE 74. 4 ACTIVIDADES TRIMESTRAL MAYO-AGO;GESTIÓN DE INFRAESTRUCTURA Y PLANTA FÍSICA;25/02/2026;SRV MTTO INFRAESTR;9.683.744,00
1000023041;MTTO PREV AA VENTILAC EDF FUNDADORE 2026;MANTENIMIENTO MAQUINARIA Y EQUIPO;febrero;COP; MTTO PREVENTIVO A EQUIPOS DE VENTILACIÓN, EXTRACCIÓN Y AIRE ACONDICIONADO DEL EDIFICIO FUNDADORES POR 12 MESES 3 RUTINAS DE M;GESTIÓN DE INFRAESTRUCTURA Y PLANTA FÍSICA;25/02/2026;SRV MTTO INFRAESTR;33.050.660,00
1000023043;MTTO PREVE EQUIPO BOMBEO SEDES EAN 2026;MANTENIMIENTO MAQUINARIA Y EQUIPO;febrero;COP; SERVICIO DE MTTO PREVENTIVO TRIMESTRAL A EQUIPOS DE BOMBEO DE AGUA POTABLE - TRATADA Y POZOS EYECTORES DE LOS EDIFICIOS LEGACY-;GESTIÓN DE INFRAESTRUCTURA Y PLANTA FÍSICA;25/02/2026;SRV MTTO INFRAESTR;9.348.131,00
1000023060;MTTO PREV SISTE RCI LEGACY - FUNDAD 2026;MANTENIMIENTO MAQUINARIA Y EQUIPO;febrero;COP; SERVICIO DE MTTO PREVENTIVO AL SISTEMA DE RED CONTRAINCENDIOS RCI DEL EDIFICIO LEGACY Y FUNDADORES (MAR-JUL-NOV 2025). PROCESO;GESTIÓN DE INFRAESTRUCTURA Y PLANTA FÍSICA;25/02/2026;SRV MTTO INFRAESTR;14.280.000,00
1000023061;CERTIFI E INSPEC PUNTOS ANCLAJE CUBIERTA;HONORARIOS ASESORIA TECNICA;febrero;COP; CERTIFICACIÓN E INSPECCIÓN DE PUNTOS DE ANCLAJES DE CUBIERTAS LEGACY Y FUNDADORES AÑO 2026  PROCESO DE COMPRAS CUADRO COMPAR;GESTIÓN DE INFRAESTRUCTURA Y PLANTA FÍSICA;25/02/2026;SRV MTTO INFRAESTR;6.816.770,00
1000023008;Quantum Force 9400;;febrero;COP; RENOVACION CHECKPOINT Supervisor: Nestor Cantor Proveedor: Softsecurity Valor Total  de la compra: USD $696.070 IVA incluido  V;SEGURIDAD INFORMÁTICA;24/04/2026;HARDWARE ;2.729.974.000,00
1000023027;FACTURA SERVIENTREA Nro. Febrero;CORREO, PORTES Y TELEGRAMAS;febrero;COP;;GESTIÓN DOCUMENTAL;25/03/2026;TRANSPORTE ;1.050.388,00
1000023046;Transporte;TRANSPORTE PERSONAS;febrero;COP; COTIZACIÓN DE LA FOCACCIA GOURMET A UNIVERSIDAD EAN COTIZACION PREFACTURA No. 808 Bogotá, D.C., febrero 13 de 2026 Señores,;FORMACIÓN A LA MEDIDA;27/02/2026;TRANSPORTE ;802.760,00
1000023045;EMBAJADORES FLUVIP;PROMOCION DIVULGACION;febrero;COP; Contenidos: 4 Influencers: 4 4 Reel en Instagram Seguidores: 1.237.557 Vitas: 273.037 Engagement: 5.313 Alcance: 218.430 FLUVIP;PUBLICIDAD;23/02/2026;INSTITUCIONALES ;34.929.286,00
1000023051;Elementos escenografia;PROMOCION DIVULGACION;febrero;COP; Escenografia Santaella- Expo Ean;PUBLICIDAD;23/02/2026;INSTITUCIONALES ;7.973.000,00
1000023052;MICROFONOS EXPO EAN;OTROS SERVICIOS;febrero;COP; MICROFONOS EXPO EAN POSGRADOS   NEXTPRO;POSGRADO;20/02/2026;INSTITUCIONALES ;1.190.000,00
1000023009;ALQUILER EQUIPOS;MANTENIMIENTO MAQUINARIA Y EQUIPO;febrero;COP; CATA DOCTORADOS- 26 DE FEBRERO HOTEL CABRERA IMPERIAL- Alimentación, espacio y alquiler de equipos;POSGRADO;23/02/2026;DOTACIÓN Y ELEM. D;4.665.564,00
1000023042;MANILLAS TYVEK;IMPRESOS PUBLICACIONES;febrero;COP; SOLICITUD DE SERVICIO MANILLAS EVENTO PRIMERA SESION DIALECTICA. PROVEEDOR KATODE;GESTIÓN COMERCIAL EVENTOS EXTERNOS;23/02/2026;IMPRESOS ;91.273,00
1000023050;Materiales para viaje San Andrés;SERVICIOS AUROS;febrero;COP; Marcadores, cintas y papel viaje San Andrés- Regiones;REGIONES;23/02/2026;IMPRESOS ;401.030,00
1000023053;Impresos material expo ean;IMPRESOS PUBLICACIONES;febrero;COP; TARJETAS: Dimensiones: 9 cm x 7 cm. Impresión digital laser sobre propalcote 300 gr, plastificado mate dos caras. 4 x 4 tiro/r;POSGRADO;20/02/2026;IMPRESOS ;368.900,00
1000023019;Barra de sodas;ALIMENTOS (DESAYU-REFRIG-ALMUERZO);febrero;COP; SOLICITUD DE SERVICIO DE BEBIDAS ENVENTO PRIMERA TEMPORADA PETROVERSO PROVEEDOR GRUPO PROMO.;GESTIÓN COMERCIAL EVENTOS EXTERNOS;23/02/2026;ALIMENTACION Y REF;762.480,00
1000023038;Barra de sodas;ALIMENTOS (DESAYU-REFRIG-ALMUERZO);febrero;COP; SOLICITUD DE SERVICIO DE BEBIDAS ENVENTO PRIMERA SESION DIALECTICA PROVEEDOR GRUPO PROMO.;GESTIÓN COMERCIAL EVENTOS EXTERNOS;25/02/2026;ALIMENTACION Y REF;97.200,00
1000023071;ESTACION PERMANENTE DE CAFÉ CON GALLETAS;ALIMENTOS (DESAYU-REFRIG-ALMUERZO);febrero;COP; SOLICITUD DE SERVICIO DE BEBIDAS ENVENTO EMBAJADA DE FRANCIA PROVEEDOR GRUPO PROMO.;GESTIÓN COMERCIAL EVENTOS EXTERNOS;26/02/2026;ALIMENTACION Y REF;11.195.200,00
1000022771;BONOS PARA INDUCCIONES;PROMOCION DIVULGACION;febrero;COP; 5 BONOS COMO PREMIO DE UNA ACTIVIDAD MARTES   20 FAFYCE MIERCOLES 21 FHYCS JUEVES 22 FI VIERNES 23 PREGRADO Y POSTGRADOS VIRTUA;DIRECCIÓN DE EXTENSIÓN COMERCIAL;25/02/2026;BONOS ;1.000.000,00
1000022654;Devolución inversión pauta;PROMOCION DIVULGACION;febrero;COP; A continuación, les presentamos la propuesta de agencia integral para el manejo de la captación de estudiantes para los progr;PUBLICIDAD;24/04/2026;SERVICIOS PROFESIO;254.250.000,00
1000022796;Factura Hurtado Londoño  HL2150;SERVICOS PROFESIONALES DE ASESORAMIENTO;febrero;COP; Servicios profesionales de   Hurtado Londoño y asociados, factura N HL2150;SELECCIÓN DEL TALENTO Y CALIDAD DE VIDA;20/02/2026;SERVICIOS PROFESIO;937.125,00
1000022998;Grayola;IMPRESOS PUBLICACIONES;febrero;USD; Pago suscripción servicio especializado de diseño gráfico y diagramación profesional gestionado a través de la plataforma;OFICINA DE PROYECTOS PMO;23/02/2026;SERVICIOS PROFESIO;1.800,00
1000023037;APOYO EVENTO;SERVICIOS PARA EVENTOS;febrero;COP; SOLICITUD DE PERSONAL DE LOGISTICA PARA PRIMERA TEMPORADA PETROVERSO.                 PROVEEDOR ADVANTAGE.;GESTIÓN COMERCIAL EVENTOS EXTERNOS;24/02/2026;SERVICIOS PROFESIO;6.461.700,00
1000023039;APOYO EVENTO;SERVICIOS PARA EVENTOS;febrero;COP; SOLICITUD DE PERSONAL DE LOGISTICA PARA PRIMERA SESION DIALECTICA.                 PROVEEDOR ADVANTAGE.;GESTIÓN COMERCIAL EVENTOS EXTERNOS;23/02/2026;SERVICIOS PROFESIO;1.718.360,00
1000023040;STAGE HAND;SERVICIOS PARA EVENTOS;febrero;COP; SOLICITUD DE SERVICIO DE STAGE HAND Y CAMAROGRAFOS PARA PRIMERA SESIOS DE DIALECTICA.  PROVEEDOR NEXTPRO.;GESTIÓN COMERCIAL EVENTOS EXTERNOS;23/02/2026;SERVICIOS PROFESIO;1.380.400,00
1000023070;STAGE HAND;SERVICIOS PARA EVENTOS;febrero;COP; SOLICITUD DE SERVICIO DE STAGE HAND ENETO EMBAJADA DE FRANCIA.  PROVEEDOR NEXTPRO.;GESTIÓN COMERCIAL EVENTOS EXTERNOS;25/02/2026;SERVICIOS PROFESIO;856.800,00
1000023063;SERV INTERNET ORINOQUIA STARLINK 2026;SERVICIO INTERNET;febrero;COP; SERVICIO DE INTERNET STARLINK EAN ORINIQUÍA AÑO 2026,FORMA DE PAGO MES VENCIDO CON TARJETA DE CRÉDITO. VIGENCIA 01 ENERO AL;EAN ORINOQUIA;27/02/2026;SERVICIOS IT ;2.936.317,00
1000023055;INSTALACIÓN GROMMETS FABLAB;CABLEADO ESTRUCTURADO;febrero;COP; ADECUACIÓN DE PUESTOS DE TRABAJO FABLAB PARA INSTALACIÓN DE GROMMETS Y PUNTOS ELECTRICOS - PROVEEDOR: EXPOSÉ - VALOR:4'277.4;GESTIÓN DE INFRAESTRUCTURA Y PLANTA FÍSICA;25/02/2026;SRV MTTO INFRAESTR;4.277.467,00
1000023056;ADECUACIONES LABORATORIOS;SERVICIO MANTO. CONSTRUCCIONES Y EDIFICA;febrero;COP; ADEUACIONES ADICIONALES LABORATORIOS - PROVEEDOR: RCA;GESTIÓN DE INFRAESTRUCTURA Y PLANTA FÍSICA;25/02/2026;SRV MTTO INFRAESTR;2.806.965,00
1000023065;SUMI E INST PASAMANOS ACERO INOX LEGACY;SERVICIO MANTO. CONSTRUCCIONES Y EDIFICA;febrero;COP; SERVICIO SUMINISTRO E INSTALACION DE PASAMANOS EN ACERO INOXIDABLE EXTERIO EDIFICO LEGACY, PROVEEDOR: SECURITY WINDOWS, VALOR:;GESTIÓN DE INFRAESTRUCTURA Y PLANTA FÍSICA;25/02/2026;SRV MTTO INFRAESTR;618.800,00
1000023075;SALIDA ACAD-Parque Industrial Gran Saban;PASAJES TERRESTRES;febrero;COP; Solicitud de salida académica con transporte para el día 23 de febrero  Profesor encargado Johanna Karina Solano Meza cel 300;FACULTAD DE INGENIERÍA;20/02/2026;TRANSPORTE ;800.000,00
1000023029;Hacienda Pública;;febrero;COP; Compra de libro eléctronico por accesos, en la plataforma de eBooks 7-24 con el proveedor Digital Content. Periodo de suscripc;BIBLIOTECA;24/02/2026;LIBROS ELECTRONICO;402.600,00
1000023058;LEADS  LO QUE QUIERES APRENDER;PROMOCION DIVULGACION;febrero;COP; PORTAL ESPECIALIZADO EN EDUCACIÓN LO QUE QUIERES APRENDER LEADS;PUBLICIDAD;17/04/2026;INSTITUCIONALES ;162.000.000,00
1000023083;TERMOS MERCH PYC;PROMOCION DIVULGACION;febrero;COP; BOTILITO METALICO MARK Impresión: Tampografía tinta metálica Tintas: 1 Material: Metálica Tamaño : 21.6 cm x 5.5 cm diá;PREGRADO;23/02/2026;INSTITUCIONALES ;15.470.000,00
1000023084;MONITOREO PUBLICIDAD;PROMOCION DIVULGACION;febrero;COP; Monitoreo de medios tradicionales, monitoreo de redes sociales y análisis de información. STAKEHOLDERS;GESTIÓN DE COMUNICACIONES Y PUBLICIDAD;09/03/2026;INSTITUCIONALES ;19.040.000,00
1000023047;Traducción  Proyecto Libro Humanise de T;IMPRESOS PUBLICACIONES;febrero;USD; Anticipo 100%. Pago Transferencia. Pago de derechos para la Traducción, con el cual se otorgan los derechos exclusivamente en;PUBLICACIONES CIENTIFICAS Y DOCENTES;25/02/2026;LIBROS ;4.500,00
1000023072;Derechos de Propiedad Intelectual;GASTOS DE REGALIAS;febrero;EUR; Anticipo 100%. Pago Transferencia. Pago de derechos para el uso de La foto de portada para su uso internacional. Proyecto Libro;PUBLICACIONES CIENTIFICAS Y DOCENTES;25/02/2026;LIBROS ;200
1000023062;45 pasabocas X $ 12.000;ALIMENTOS (DESAYU-REFRIG-ALMUERZO);febrero;COP; Solciitud compra de 45 regrigerios con el Proveedor la Focaccia Gourmetpara el 23 de febrero 45 pasabocas X $ 12.000 = $ 540.00;VICERRECTORÍA DE INNOVACIÓN ACADÉMICA;20/02/2026;ALIMENTACION Y REF;1.049.400,00
1000023082;ALIMENTACIÓN EXPO EAN;COCTEL - ESTACION (CAFE, AROMATICA, AGUA;febrero;COP; ALIMENTACIÓN EXPO EAN 21 DE FEBRERO estacion de café premium hasta 170 personas que incluye • Café (tinto) ilimitado • I;POSGRADO;20/02/2026;ALIMENTACION Y REF;7.020.650,00
1000023054;TUBOS CAPILARES PARA FUSIOMETRO;;febrero;COP; COMPRA DE CAPILARES PARA FUSIOMETRO (EQUIPO DE LABORATORIO) Proveedor: Auros Químicos Ltda. BP: 1000011817;LABORATORIOS DE INGENIERÍA;25/02/2026;ELEM. LABORATORIO ;547.400,00
1000023080;Fast Charger Block, GaN 6 PortUSB C Ch;;febrero;USD; Proveedor Amazon BP: 1000254772 Carrito: N1ZV9 Compra:Fast Charger Block, GaN 6 Port USB C Charging Station Hub Cube, 100W Mult;UNIDAD DE DESARROLLO;02/03/2026;ELEM. LABORATORIO ;156,63
1000022962;PAN FRANCES - GRUPO PROMO;SERVICIOS AUROS;febrero;COP; CAPACITACIÓN DOCENTE LENGUAS MODERNAS - VARIOS PROVEEDOR : COMERCIALIZADORA ESAN SAS;GERENCIA DE PROYECCIÓN Y CRECIMIENTO;20/02/2026;PAPELERÍA ;129.600,00
1000023057;Renovación periódico El Espectador;SUSCRIPCION MEDIOS DE INFORMACION;febrero;COP;" Renovación a la suscripción al periódico """"El Espectador"""" año 2026 para Biblioteca Periodo de vigencia: 27 de marzo 2026 a";BIBLIOTECA;09/03/2026;LICENCIAS Y SUBSCR;500.650,00
1000023048;Estación de cafe Mutata;COCTEL - ESTACION (CAFE, AROMATICA, AGUA;febrero;COP; Sol Beatriz Goez Hotel Confort Break Mutata Servicio estación de café;CONSULTORÍA ESPECIALIZADA;20/02/2026;VIAJES;90.000,00
1300003027;VUELOS SAN ANDRES;PASAJES AEREOS;febrero;COP; VUELOS VIAJE SAN ANDRES - PREGRADO TURISMO FECHAS: DEL 19 AL 20 FEBRERO ZEPPELIN RESERVA: AAGIMGO - VUELOS PIL,JAIME,ZULE;REGIONES;18/03/2026;VIAJES;3.916.775,00
1300003028;VUELOS SAN ANDRES - JAVIER MORALES;PASAJES AEREOS;febrero;COP; VUELOS VIAJE SAN ANDRES - PREGRADO TURISMO FECHAS 19 AL 20 FEBRERO ZEPPELIN RESERVA: AAGIMFN;REGIONES;18/03/2026;VIAJES;1.443.792,00
1300003040;ALIMENTOS IVA 8%;;febrero;COP; PAGO ALQUILER DE SALÓN HOTEL-HOTEL ESTELAR SQUARE MEDELLIN FECHAS 03 Y05 DE MARZO. VALOR $26.157.733 ELEMENTO PEP:  IF.E72.23.;GESTIÓN DE INFRAESTRUCTURA Y PLANTA FÍSICA;25/02/2026;VIAJES;26.157.733,00
1000023028;Evaluación del libro: Desarrollo sosteni;HONORARIOS GESTION DEL CONOCIMIENTO;febrero;COP; Proveedor: Peer Review NIT 901739180-9 BP: 1000274887 Servicios Profesionales: Servicio de arbitraje de libro académico servic;PUBLICACIONES CIENTIFICAS Y DOCENTES;25/02/2026;SERVICIOS PROFESIO;2.400.000,00
1000023064;Charlas orientación Andrea Bernal;PROMOCION DIVULGACION;febrero;COP; 20 charlas de orientación y 4 charlas de Escuela de Padre Andrea Bernal;PREGRADO;27/02/2026;SERVICIOS PROFESIO;7.800.000,00
1000023073;Factura Godoy Cordoba FEV179016;HONORARIOS ASESORIA JURIDICA;febrero;COP; Honorarios correspondientes al mes de Febrero - Laboral;SELECCIÓN DEL TALENTO Y CALIDAD DE VIDA;24/02/2026;SERVICIOS PROFESIO;7.114.653,00
1000023076;Guante Microflex 7.9mm NitriNeo Cj*50un;;febrero;COP; Elementos de Protección Personal Agroinsumo Alfa S.A.S;SISTEMA DE GESTIÓN DE LA SEGURIDAD Y SALUD EN EL TRABAJO;24/02/2026;SERVICIOS PROFESIO;8.536.965,00
1000023081;Corrección de estilo de 159 páginas para;HONORARIOS GESTION DEL CONOCIMIENTO;febrero;COP; Proveedor: JUAN CARLOS VELÁSQUEZ SÁNCHEZ RUT: 80227806 BP: 1000011348 Servicio:  Corrección de estilo de 159 páginas para:;PUBLICACIONES CIENTIFICAS Y DOCENTES;25/02/2026;SERVICIOS PROFESIO;1.718.425,00
1000023090;INTERVENCIÓN ACTUADA EXPO EAN;HONORARIOS CONFERENCISTAS;febrero;COP; INTERVENCIÓN ACTUADA en el marco del evento de bienvenida a nuevos aspirantes a POSGRADOS el día 21 de febrero. Fundación Te;PREGRADO;27/03/2026;SERVICIOS PROFESIO;1.500.000,00
1000023068;PAR PILA RECARGABLE AA ENERGIZER;ALQUILER EQUIPOS Y HERRAMIENTAS;febrero;COP; Renovación anual de las baterías recargables utilizadas para la operación continua de los micrófonos inalámbricos distribu;DIRECCIÓN DE EVENTOS Y PROYECTOS CULTURALES;24/02/2026;EVENTOS ;818.720,00
1000023092;INSTALACION MONITOR MELITURNO;SERVICIO MANTO. CONSTRUCCIONES Y EDIFICA;febrero;COP; Suministro e instlación de punto de datos monitor Meliturno galería - proveedor: Proycontrol - Valor: 1'909.667;GESTIÓN DE INFRAESTRUCTURA Y PLANTA FÍSICA;04/03/2026;SRV MTTO INFRAESTR;1.909.668,00
1000023085;ADAPTADOR DE CORRIENTE;;febrero;COP; ADAPTADOR DE ENERGIA Supervisor: Jair Vanegas Proveedor: GLOBAL SISTEMAS Valor de la compra: COP $824.293 IVA incluido Forma de;INFRAESTRUCTURA Y TELECOMUNICACIONES;25/02/2026;HARDWARE ;824.293,00
1000023066;Préstamo y devolución a domicilio;CORREO, PORTES Y TELEGRAMAS;febrero;COP; Préstamo y devolución de libros a domicilio en la Biblioteca Periodo Febrero a diciembre 2026 Nota: Se solicita realizar orde;BIBLIOTECA;23/02/2026;TRANSPORTE ;219.800,00
1000023089;EDTECH ENERO 2026;HONORARIOS;febrero;COP; EDTECH SOLUCIONES DE COLOMBIA SAS 328 solicitudes realizadas en el mes de Enero 2026  c/u 42.490,20;DIRECCIÓN DE RECURSOS FINANCIEROS;26/02/2026;OUTSOURCING ;13.936.788,00
1000023110;FINCOVAL COMISION ENERO 2026;HONORARIOS;febrero;COP; FINCOVAL S.A.S. Comisión Gestion cobro Enero 2026;DIRECCIÓN DE RECURSOS FINANCIEROS;27/02/2026;OUTSOURCING ;702.837,00
1000023111;PAYU;HONORARIOS;febrero;COP; PayU Colombia S.A.S Cobro 1.302 transacciones;DIRECCIÓN DE RECURSOS FINANCIEROS;26/02/2026;OUTSOURCING ;1.096.961,00
1000023100;Chaqueta Jean Hombre Bordado EAN;;febrero;COP; Dotación personal de mantenimiento - planta fisica Agroinsumos Alfa S.A.S;SISTEMA DE GESTIÓN DE LA SEGURIDAD Y SALUD EN EL TRABAJO;25/02/2026;DOTACIÓN Y ELEM. D;1.307.536,00
1000023093;PLUMONES;SERVICIOS AUROS;febrero;COP; PLUMONES JORNADA CAPACITACION DOCENTES LENGUAS MODERNAS;GERENCIA DE PROYECCIÓN Y CRECIMIENTO;24/02/2026;IMPRESOS ;50.575,00
1000023091;25 REFRIGERIOS INGLES;ALIMENTOS (DESAYU-REFRIG-ALMUERZO);febrero;COP; 25 REFRIGERIOS PARA EL CIERRE DEL PROGRAMA CURSO INGLÉS DE NEGOCIOS - EDUCACIÓN CONITNUA. PROVEEDOR: LA FOCACCIA;EDUCACIÓN CONTINUADA PROYECTOS;09/03/2026;ALIMENTACION Y REF;431.500,00
1000023095;ALIMENTACIÓN COTERMINALES;SERVICIO MESERO;febrero;COP; DESAYUNO COTERMINALES FEB 27 GRUPO PROMO;POSGRADO;18/03/2026;ALIMENTACION Y REF;698.315,00
1000021250;CILINDRO EN ACERO AL C DE40 LITROS;MANTENIMIENTO MAQUINARIA Y EQUIPO;febrero;COP; Servicio mantenimiento preventivo y correctivo central de gases especiales Proveedor: Potentis SAS BP: 1000334019;LABORATORIOS DE INGENIERÍA;26/02/2026;ELEM. LABORATORIO ;11.628.180,00
1000021378;PRUEBA HIDROSTATICA PH;MANTENIMIENTO MAQUINARIA Y EQUIPO;febrero;COP; Mantenimiento correctivo cilindros, reguladores acetileno y argón Proveedor: Potentis SAS BP: 1000334019;LABORATORIOS DE INGENIERÍA;24/02/2026;ELEM. LABORATORIO ;1.992.417,00
1000023087;Electrodo pH/ORP cuerpo titanio QuickDIN;MANTENIMIENTO MAQUINARIA Y EQUIPO;febrero;COP; Compra de Electrodo pH/ORP cuerpo titanio Quick DIN, para pH metro marca HANNA INSTRUMENTS (repuesto) Proveedor: Hanna Instrume;LABORATORIOS DE INGENIERÍA;26/02/2026;ELEM. LABORATORIO ;2.365.708,00
1000023069;MATERIAL DIDACTICO DIGITAL;;febrero;COP; COMPRA DE EXÁMENES DE CLASIFICACIÓN PARA ESTUDIANTES DE LOS CURSOS INGLÉS DE NEGOCIOS DE LA ESCUELA DE IDIOMAS 2026.  CANTID;EDUCACIÓN CONTINUADA PROYECTOS;27/03/2026;LICENCIAS Y SUBSCR;576.000,00
1300003009;TIQUETES NELSON BONILLA ORINOQUIA FEBRER;PASAJES AEREOS;febrero;COP;;GESTIÓN DE INFRAESTRUCTURA Y PLANTA FÍSICA;26/02/2026;VIAJES;1.082.046,00
1300003050;TIQUETE PUERTO CARREÑO GABRIELA BOTERO;INGRESOS TERCEROS;febrero;COP; TIQUETES MARIA GABRIELA BOTERO PUERTO CARREÑO MES FEBRERO AGENDA VISITA TNC;RECTORÍA;25/02/2026;VIAJES;1.235.690,00
1000023067;Capacitacion Roxana Puentes;HONORARIOS ASESORIA TECNICA;febrero;USD; Capacitacion Lego Serious Play Valor: 2.400 USD + 2,8% Valor pesos colombiano: $9.116.304;EVALUACIÓN Y DESARROLLO INTEGRAL;27/02/2026;SERVICIOS PROFESIO;2.467,00
1000023077;PAOLA VARGAS- TALLER COLEGIOS;HONORARIOS CONFERENCISTAS;febrero;COP; Elaboración y desarrollo del taller para colegios: ¿Quien soy yo? Conceptualización y creación de juego de tarjetas para tr;PREGRADO;26/02/2026;SERVICIOS PROFESIO;24.150.000,00
1000023088;Curso Trabajador Autorizado;TRAMITES LICENCIAS;febrero;COP; Curso de Trabajador Autorizado en Alturas COLTAR COLOMBIANA DE TAREAS DE ALTO RIESGO SAS;SISTEMA DE GESTIÓN DE LA SEGURIDAD Y SALUD EN EL TRABAJO;25/02/2026;SERVICIOS PROFESIO;192.780,00
1000023112;MISTRAL;GASTOS DE REPRESENTACION;febrero;COP; REUNIÓN CON DR JAIME REYES (PROGRAMA TURISMO) GASTOS DE REPRESENTACIÓN- TC;GERENCIA DE PROYECCIÓN Y CRECIMIENTO;24/02/2026;SERVICIOS PROFESIO;120.513,00
1000023113;MISTRAL;GASTOS DE REPRESENTACION;febrero;COP; GASTOS REPRESENTACIÓN TC MISTRAL  20 FEBRERO;GERENCIA DE PROYECCIÓN Y CRECIMIENTO;24/02/2026;SERVICIOS PROFESIO;300.572,00
1000023116;TIMBERTECH Compresor de;;febrero;USD; Amazón BP: 1000254772 Compra: TIMBERTECH Compresor de aerógrafo de pistón único mejorado sin AceiteABPST08;UNIDAD DE DESARROLLO;06/03/2026;ACTIVOS Y/O EQUIPO;1.727,06
1000023097;Diseño de cubierta ilustrada;HONORARIOS GESTION DEL CONOCIMIENTO;febrero;COP; Proveedor : Jualiana Cardona Jiménez C.C.: 43.188.707 BP: 1000160294 SERVICIO: ilustración y diseño de la portada sobre Sost;PUBLICACIONES CIENTIFICAS Y DOCENTES;27/02/2026;LIBROS ;1.700.000,00
1000023115;JABON (LIQUIDO - ESPUMA);;febrero;COP; SUMINISTRO DE CINCO (5) GALONES DE 20 LITROS JABON PARA MANOS_BAÑOS UNIVERSIDAD EAN;GESTIÓN DE INFRAESTRUCTURA Y PLANTA FÍSICA;24/02/2026;ASEO Y CAFETERIA ;443.275,00
1000023118;POSTRE FUND TEC NEIVA;GASTOS DE REPRESENTACION;febrero;COP; Cafe y postre- Fundación TEC Neiva;GERENCIA DE PROYECCIÓN Y CRECIMIENTO;25/02/2026;ALIMENTACION Y REF;287.480,00
1000023119;SANAJELO CAFÉ REST;GASTOS DE REPRESENTACION;febrero;COP; SANALEJO CAFÉ RESTAURANTE ALVARO- 23/02/2026;GERENCIA DE PROYECCIÓN Y CRECIMIENTO;18/03/2026;ALIMENTACION Y REF;272.384,00
1000023096;RECARGAS BIG PASS;PROMOCION DIVULGACION;febrero;COP; RECARGAS BIG PASS;POSGRADO;25/02/2026;BONOS ;10.943.292,00
1000023114;Inscripción XVII Concurso de Simulación;INSCRIPCION EVENTOS NACIONAL - INTERNACI;febrero;COP; Creación caso: 75599. Apoyo pago inscripción al concurso Latinoamericano de Simulación en logística 2026. Valor: $160.932.;DIRECCIÓN DE INVESTIGACIONES;25/02/2026;LICENCIAS Y SUBSCR;146.672,00
1000023117;GASTOS NOTARIALES AÑO 2026;GASTOS NOTARIALES;febrero;COP; Se crea solped para el pago de autenticaciones de documentos de grado proyectados para el 2026:  3650 diplomas 3650 actas 650;REGISTRO ACADÉMICO;25/02/2026;PAPELERÍA ;26.489.400,00
1300002994;ALOJAMIENTO AMANDA LOPEZ;ALOJAMIENTO;febrero;COP; DATOS DE LA RESERVA ALOJAMIENTO Radisson Bogotá Metrotel Calle 74 # 13-27 - Bogotá, Colombia E-mail: info@metrotel74.com // r;MEDIACIONES DIDÁCTICAS;25/02/2026;VIAJES;309.400,00
1000023099;AMBIENTADOR PARA CABINA DE EMOCIONES;;febrero;COP; SOLICITUD DE CASOS  Actividad:  Ambientadores cabina de emociones  Descripción:  Compra de ambientadores para uso en la cabina;BIENESTAR UNIVERSITARIO;25/02/2026;SERVICIOS PROFESIO;90.440,00
1000023120;Verificación Académica;ESTUDIO DE SEGURIDAD;febrero;COP; ASEC - Asesorías y Servicios Especiales Confiables;SELECCIÓN DEL TALENTO Y CALIDAD DE VIDA;26/02/2026;SERVICIOS PROFESIO;2.152.115,00
1000023121;OXFORD ONLINE PLACEMENT TEST;BASE DE DATOS;febrero;COP; WISDOM S.A.S - Licencia pruebas de idioma;SELECCIÓN DEL TALENTO Y CALIDAD DE VIDA;25/02/2026;SERVICIOS PROFESIO;2.880.000,00
1000023122;SUMINISTRO 160 GAL ACPM PLANTAS ELECTRIC;SUMINISTRO DE COMBUSTIBLE;febrero;COP; SUMINISTRO Y TRANSPORTE DE COMBUSTIBLE DE 200 GALONES DE COMBUSTIBLE ACPM ÁRA AV CHILE +CALLE 74 Y LEGACY. VALOR $1.792.800;GESTIÓN DE INFRAESTRUCTURA Y PLANTA FÍSICA;25/02/2026;SRV MTTO INFRAESTR;1.792.800,00
1000023131;SERV SUMINISTRO E INSTA RIEL LAB FABLAB;SERVICIO MANTO. CONSTRUCCIONES Y EDIFICA;febrero;COP; SERVICIO DISEÑO Y FABRICACION E INSTALACION DE RIEL PARA LABORATORIO FABLAB, PROVEEDOR: ICRAM, VALOR: $2.470.112, CASO:75761;GESTIÓN DE INFRAESTRUCTURA Y PLANTA FÍSICA;02/03/2026;SRV MTTO INFRAESTR;2.470.113,00
1000023132;CAMBIO DE LECHOS FILTRANTES PTALL;MANTENIMIENTO MAQUINARIA Y EQUIPO;febrero;COP; SERVICIO DE SUMINISTRO E INSTALACION LECHOS FILTRANTES PLANTA DE TRATAMIENTO AGUAS LLUVIAS, PROVEEDOR: ACUAMEUNIER, VALOR: $3.5;GESTIÓN DE INFRAESTRUCTURA Y PLANTA FÍSICA;02/03/2026;SRV MTTO INFRAESTR;3.552.150,00
1000023133;SUMI E INST MOTOR CONDENSADOR PARA AA PR;MANTENIMIENTO MAQUINARIA Y EQUIPO;febrero;COP; SERVICIO SUMINISTRO E INSTALACION DE MOTOR MANEJADORA DE PRECISION DATA CENTER, PROVEEDOR: AMG, VALOR: $833.000, CASO:75769;GESTIÓN DE INFRAESTRUCTURA Y PLANTA FÍSICA;02/03/2026;SRV MTTO INFRAESTR;833.000,00
1000023079;CABLE HDMI 1.8MT;;febrero;COP; SUMINISTRO CABLES E INSUMOS AUDIOVISUALES PARA SOPORTE EN LAS AULAS DE CLASE;GESTIÓN DE INFRAESTRUCTURA Y PLANTA FÍSICA;25/02/2026;BIEN MTTO INFRAEST;1.150.730,00
1000023140;TRANSPORTE MIEMBROS SALA GENERAL FUNDADO;PASAJES TERRESTRES;febrero;COP; SEGUN CUENTA DE COBRO #69 CONCEPTO SERVICIO DE TRANSPORTE MIEMBROS SALA GENERAL Y FUNDADORES MES DE FEBRERO DE 2026.;SALA GENERAL;27/02/2026;TRANSPORTE ;0
1000023101;IMPRESION LIBRO LEGACY;IMPRESOS PUBLICACIONES;febrero;COP; SEGUN COTIZACIÓN No20260213-01 CONCEPTO SERVICIO DE IMPRESIÓN $168.328.000;SALA GENERAL;16/04/2026;IMPRESOS ;168.328.000,00
1000023130;TARJETAS MERCH CATA DOCTORADOS;PROMOCION DIVULGACION;febrero;COP; TARJETAS: Dimensiones: 11 cm x 15 cm. Impresión digital laser sobre propalcote 300 gr, plastificado mate una cara 1. 4 x 1. TA;POSGRADO;26/02/2026;IMPRESOS ;60.642,00
1000023078;ALMUERZO ARMADA;GASTOS DE REPRESENTACION;febrero;COP; ALMUERZO ARMADA- BOUTIQUE DE LAS CARNES - FEB 17;GERENCIA DE PROYECCIÓN Y CRECIMIENTO;26/02/2026;ALIMENTACION Y REF;768.093,00
1000023123;Refrigerios para reunión unidad academic;ALIMENTOS (DESAYU-REFRIG-ALMUERZO);febrero;COP; SOLICITUD DE CASOS  Actividad:  Refrigerios para procesos unidad academica  Descripción:  Refrigerios para equipo de unidad ac;BIENESTAR UNIVERSITARIO;27/02/2026;ALIMENTACION Y REF;194.400,00
1000023141;PASAJES TERRESTRES RIVERA 21 AL 23 MARZO;PASAJES TERRESTRES;febrero;COP; Nombre: JUAN CARLOS RIVERA RUEDA Evento: LXXV Asamblea Nacional de Estudiantes y profesores Economía 2026-01 Fecha: 21 al 22 d;FACULTAD DE ADMINISTRACION;26/02/2026;VIAJES;650.000,00
1000023142;ALOJAMIENTO JAIME REYES;ALOJAMIENTO;febrero;COP; MOTIVO: Jaime Reyes y Javier Morales viaje a la ciudad de San Andres con el fin de Promocionar el Pregrado en Turismo Sostenibl;FACULTAD DE HUMANIDADES Y CIENCIAS SOCIALES;25/02/2026;VIAJES;828.486,00
1000023150;PASAJES TERRESTRES MÓNICA 09 al 13 marz;PASAJES TERRESTRES;febrero;COP; Gastos de viaje Nombre: MONICA ALEJANDRA PASTRANA GRANADOS Evento: salida pedagógica a Boyacá con destino a Sogamoso e Iza Sa;FACULTAD DE ADMINISTRACION;25/02/2026;VIAJES;1.100.000,00
1300003041;HOSPEDAJE PILAR PATIÑO;ALOJAMIENTO;febrero;COP; HOSPEDAJE VIAJE SAN ANDRES - 19 AL 20 DE FEBRERO - PREGRADO TURISMO ZEPPELIN;NUEVOS MERCADOS;27/03/2026;VIAJES;828.486,00
1000023151;ALQUILER MICROFONOS;ALQUILER EQUIPO AUDIOVISUAL;febrero;COP; MOTIVO: Alquiler de Microfonos para evento de candidatos presidenciales PROVEEDOR: NOAH ADDMEDIA FECHA:  26 de febrero VALOR: $;FACULTAD DE HUMANIDADES Y CIENCIAS SOCIALES;06/03/2026;SERVICIOS PROFESIO;595.000,00
1000023152;AJUSTE ALCANCE ECONOMICO ET4;;febrero;COP; PROYECTO CALLE 72-PROPUESTA PARA EL AJUSTE DEL ALCANCE ETAPA 4-PRESUPUESTO DOCUMENTOS DE CONSTRUCCIÓN. CONTRATISTA ENTREZ INGE;GESTIÓN DE INFRAESTRUCTURA Y PLANTA FÍSICA;27/02/2026;SERVICIOS PROFESIO;9.877.000,00
1000023153;SÁBANA DE PROGRAMACIÓN;;febrero;COP; PROPUESTA CALLE 72 CONTRATISTA ENTREZ INGENIEROS OBJETO: SÁBANA DE PROGRAMACIÓN VALOR$3.570.000 VIGENCIA 30 DÍAS IF.E72.23.0;GESTIÓN DE INFRAESTRUCTURA Y PLANTA FÍSICA;26/02/2026;SERVICIOS PROFESIO;3.570.000,00
1000023154;INCORPORACIÓN DESARROLLO DISEÑOS;;febrero;COP; PROYECTO CALLE 72 CONTRATISTA:FUNDACIÓN CERROS DE BOGOTÁ OBJETO: OTROSÍ n°2    OPS 2007 DE 2025 INCORPORACIÓN DEL DESARROL;GESTIÓN DE INFRAESTRUCTURA Y PLANTA FÍSICA;26/05/2026;SERVICIOS PROFESIO;59.500.000,00
1000023103;SERV MTTO PREV SEMESTRAL SILLAS ORUGA;MANTENIMIENTO MAQUINARIA Y EQUIPO;febrero;COP; SERVICIO DE MANTENIMIENTO PREVENTIVO SEMESTRAL SILLAS SUBE ESCALERAS TIPO ORUGA, PROVEEDOR: SMART MOTION, VALOR: $595.000, CASO;GESTIÓN DE INFRAESTRUCTURA Y PLANTA FÍSICA;04/03/2026;SRV MTTO INFRAESTR;595.000,00
1000023134;SUMI SUPERFICIES Y MTTO SILLAS FUENTE;MANTENIMIENTO MUEBLES Y ENSERES;febrero;COP; SERVICIO DE SUMINISTRO DE SUPERFICIES Y MTTO DE SILLAS FUENTE C79, PROVEEDOR: INMAGRAN, VALOR: $4.819.500, CASO:75773;GESTIÓN DE INFRAESTRUCTURA Y PLANTA FÍSICA;02/03/2026;SRV MTTO INFRAESTR;4.819.500,00
1000023135;ESFEROS MERCH PYC;PROMOCION DIVULGACION;febrero;COP; BOLÍGRAFO- 3.000 Color: negro Descripción: Boligrafo Metal. Cuerpo color negro mate. Pulsador, clip y puntera plata. Tinta ne;CONSULTORIA PRIVADA;26/02/2026;INSTITUCIONALES ;7.844.612,00
1000023144;Obsequios de Cumpleaños;OBSEQUIOS;febrero;COP; Compra de 500 loncheras como obsequio de cumpleaños para los colaboradores CECO: 10500112 BIENESTAR COLABORADORES, PROVEEDOR S;DISEÑO ORGANIZACIONAL Y GESTIÓN DEL CAMBIO;03/03/2026;INSTITUCIONALES ;26.537.000,00
1000023155;Chaqueta Rompeviento EAN;;febrero;COP; Dotación de Brigada de Emergencias Agroinsumos Alfa;SISTEMA DE GESTIÓN DE LA SEGURIDAD Y SALUD EN EL TRABAJO;26/02/2026;DOTACIÓN Y ELEM. D;2.395.173,00
1000023136;Promoción y divulgación del proceso de a;PROMOCION DIVULGACION;febrero;COP; Promoción y divulgación del proceso de acreditación institucional de alta calidad;OFICINA DE PROYECTOS PMO;27/02/2026;IMPRESOS ;3.980.550,00
1000023124;27 Almuerzos - Armada;ALIMENTOS (DESAYU-REFRIG-ALMUERZO);febrero;COP; Almuerzos para el Curso Resilencia y Consolidación de Equipo para LA ARMADA NACIONAL,correpondiente al día 04 de marzo de 202;FORMACIÓN A LA MEDIDA;27/02/2026;ALIMENTACION Y REF;702.200,00
1000023145;CONSUMO AWS CLOUDHESIVE;LICENCIAS Y SOFTWARE;febrero;COP; CONSUMO AWS Supervisor: Yerly Garcia Proveedor: CloudHesive Colombia SAS Valor de la compra: USD $799  - COP $2.956.300 Exento;ANALYTICA;27/02/2026;LICENCIAS Y SUBSCR;2.956.300,00
1000023146;RENOVACION LICENCIAS ATLAS 2026;LICENCIAS Y SOFTWARE;febrero;USD; RENOVACION LICENCIAS ATLAS 2026 Supervisor: Henry Diaz Proveedor: Software Shop Valor de la compra: USD $2.650 Exento de IVA Fo;EXPERIENCIA DE USUARIO;02/03/2026;LICENCIAS Y SUBSCR;2.650,00
1000023143;Obsequio Directors;OBSEQUIOS;febrero;COP; Obsequio caja de protocolo - Evento directores Valor: 2.670.360 con IVA incluido;EVALUACIÓN Y DESARROLLO INTEGRAL;03/03/2026;SERVICIOS PROFESIO;2.670.360,00
1000023157;Pago Licencia Universia 2024-2025;LICENCIAS Y SOFTWARE;febrero;COP; Pago Fact. UNI378 a Universia por concepto de Contrato Licencia Portal de servicios de empleo Universia Jobs, por el periodo 20;GERENCIA DE INTERNACIONALIZACIÓN Y RELACIONES INSTITUCIONALES;27/02/2026;SOFTWARE ;23.536.779,00
1000023104;Estacion de café con galletas 9.30 a 10.;GASTOS DE REPRESENTACION;febrero;COP; SERVICIO DE ALIMENTOS Y BEBIDAS  FORO CANDIDATOS.   PROVEEDOR GRUPO PROMO;PROTOCOLO Y GESTIÓN DE EVENTOS INTERNOS;02/03/2026;ALIMENTACION Y REF;561.200,00
1000023137;RECARGA BIG PASS LAURA NATALIA;PROMOCION DIVULGACION;febrero;COP; RECARGA BIG PASS LAURA NATALIA;PREGRADO;26/03/2026;BONOS ;27.312,00
1000023156;RECARGAS BIG PASS VOCEROS;PROMOCION DIVULGACION;febrero;COP; RECARGAS BIG PASS Manuela Osorio Ramirez     $331.000 Sara Isabel Hernandez Beltran $330.000 Daniela Medaglia Prada  $225.000;PREGRADO;27/02/2026;BONOS ;919.089,00
1000023148;Jornada de siembra;ACTIV CULTURALES CIVICAS Y DEPORTIVAS;febrero;COP; Actividad con 90 estudiantes y 10 profes de las facultades de Administración e Ingeniería en el Bosque Ean, ubicado en Guasca;GESTIÓN DE CALIDAD Y DE LOS PROCESOS;10/03/2026;SERVICIOS PROFESIO;1.625.000,00
1000024443;"Pago ""Hablame""";MENSAJES DE TEXTO SMS;julio;COP;" Pago ""Hablame"" por valor de 4.985 COP";GERENCIA DE INTERNACIONALIZACIÓN Y RELACIONES INSTITUCIONALES;01/07/2026;SERVICIOS IT ;0
1000024414;SERV INST CABLEADO CAMARA ZAPATERO SNEUT;CABLEADO ESTRUCTURADO;julio;COP; SERVICIO INSTALACION DE CABLEADO DATOS Y ELECTRICO CAMARA ZAPATERO SALA NEUTRO, PROVEEDOR: AMERICAM ALARM, VALOR: $1.915.900, C;GESTIÓN DE INFRAESTRUCTURA Y PLANTA FÍSICA;02/07/2026;SRV MTTO INFRAESTR;1.915.900,00
1000024427;ADECUACION ELECTRICA MEDIDOR CAFE CANOPY;CABLEADO ESTRUCTURADO;julio;COP; SERVICIO ADECUACION ELECTRICA E INSTALACION DE MEDIDOR CAFETERIA CANOPY, PROVEEDOR: AMERICAM ALARM, VALOR: $1.766.344, CASO:832;GESTIÓN DE INFRAESTRUCTURA Y PLANTA FÍSICA;02/07/2026;SRV MTTO INFRAESTR;1.766.344,00
1000024461;COLORES EN LA NEGOCIACIÓN: CÓMO UTILIZAR;;julio;COP; Compra de libros para Biblioteca relacionado en Acta 004 2026 proveedor Ediciones Euroamerica . Contacto Johana Hernández, cor;BIBLIOTECA;03/07/2026;LIBROS ;1.431.800,00
1000024462;COMO CREAR TUS GPT EN 15 MINUTOS;;julio;COP; Compra de libros para Biblioteca relacionado en Acta 004 2026 proveedor Alpha editorial . Contacto Luz Dary Sarmiento, correo:;BIBLIOTECA;03/07/2026;LIBROS ;795.750,00
1000024463;ARTIFICIAL INTELLIGENCE IN NUCLEAR SAFET;;julio;COP; Compra de libros para Biblioteca relacionado en Acta 004 2026 proveedor Diaz de Santos, correo diazdesantoscomercial3@hotmail.c;BIBLIOTECA;03/07/2026;LIBROS ;1.129.600,00
1000024445;MATERIAL PROMOCIONAL EVENTOS;PROMOCION DIVULGACION;julio;COP; MATERIAL PROMOCIONAL - 1200 CHOCOLATES PARA LA TIENDA EAN. PROVEEDOR Kaoxue Chocolate;TIENDA EAN;02/07/2026;ALIMENTACION Y REF;1.376.100,00
1000024449;Estacion permanente de café y aromatica;ALIMENTOS (DESAYU-REFRIG-ALMUERZO);julio;COP; SERVICIO DE ALIMENTO Y BEBIDA EVENTO TALLER TNC . PROVEEDOR: GRUPO PROMO;GESTIÓN COMERCIAL EVENTOS EXTERNOS;06/07/2026;ALIMENTACION Y REF;3.616.325,00
1000024426;CREDITOS CLAUDE;LICENCIAS Y SOFTWARE;julio;USD; COMPRA CREDITOS API CLAUDE COMPRA 30 USD EAN VIRTUAL;MEDIACIONES DIDÁCTICAS;06/07/2026;LICENCIAS Y SUBSCR;30
1000024431;Pago congreso XXI Congreso Internacional;INSCRIPCION EVENTOS NACIONAL - INTERNACI;julio;USD; Creación de caso:83223. Inscripción XXI Congreso Internacional de Ciencias Sociales Interdisciplinares. Valor: 250 USD. Prove;DIRECCIÓN DE INVESTIGACIONES;02/07/2026;LICENCIAS Y SUBSCR;250
1000024444;MONITOR VIRTUAL EAN VIRTUAL 2.0;;julio;COP; MONITOR VIRTUAL EAN 2.0  Supervisor: Rene Bautista  Proveedor: DEVCODES Valor de la compra: $129.948.000 Forma de pago: Factura;SEGURIDAD INFORMÁTICA;09/07/2026;LICENCIAS Y SUBSCR;0
1000024413;RC Inteligencia Artificial en modalidad;TRAMITES LICENCIAS;julio;COP; pago del trámite de solicitud del registro calificado del programa de Ingeniería en Inteligencia Artificial modalidades prese;REGISTROS CALIFICADOS Y ACREDITACIÓN;02/07/2026;SERVICIOS PROFESIO;15.724.770,00
1000024446;OPERADOR PUNTOS ELECTRICO;SERVICIOS PARA EVENTOS;julio;COP; SOLICITUD DE SERVICIO DE AUDIOVISUAL PARA EVENTO COLOMBIA ECXELENTE . PROVEEDOR CAMILO PINZON.;GESTIÓN COMERCIAL EVENTOS EXTERNOS;03/07/2026;SERVICIOS PROFESIO;570.000,00
1000024447;APOYO EVENTO;SERVICIOS PARA EVENTOS;julio;COP; SOLICITUD DE SERVICIO DE PERSONAL LOGISTICO Y BRIGADISTAS PARA EVENTO COLOMBIA ECXELENTE  . PROVEEDOR ADVANTAGE;GESTIÓN COMERCIAL EVENTOS EXTERNOS;03/07/2026;SERVICIOS PROFESIO;559.776,00
1000024448;Registro Counter: Incluye personal + pla;SERVICIOS PARA EVENTOS;julio;COP; Servicio de auto registro con lectura de cédulas evento COLOMBIA ECXELENTE . PROVEDOR KPULUS;GESTIÓN COMERCIAL EVENTOS EXTERNOS;03/07/2026;SERVICIOS PROFESIO;1.317.330,00
1000024468;INSTALACION DE CHAPA DIGITAL BODEGA NATI;SERVICIO MANTO. CONSTRUCCIONES Y EDIFICA;julio;COP; SERVICIO SUMINISTRO E INSTALACION DE CHAPA DIGITAL BODEGA AUDITORIO NATIVOS, PROVEEDOR: LLAVES Y CERRADURAS, VALOR: $1.463.700,;GESTIÓN DE INFRAESTRUCTURA Y PLANTA FÍSICA;06/07/2026;SRV MTTO INFRAESTR;1.463.700,00
1000024470;CORRECTIVO SENSOR PUERTA SALIDA VEHICULA;MANTENIMIENTO MAQUINARIA Y EQUIPO;julio;COP; SERVICIO DE MANTENIMIENTO CORRECTIVO EN SENSOR PUERTA SALIDA VEHICULAR, PROVEEDOR: ICRAM, VALOR:$642.600, CASO:83263;GESTIÓN DE INFRAESTRUCTURA Y PLANTA FÍSICA;03/07/2026;SRV MTTO INFRAESTR;642.600,00
1000024491;ADECUACION CIELO RAZO GESTION DOCUMENTAL;SERVICIO MANTO. CONSTRUCCIONES Y EDIFICA;julio;COP; SERVICIO DE ADECUACION CIELO RAZO OFICINA GESTION DOCUMENTAL, PROVEEDOR: RCA, VALOR: $1.867.491, CASO:83287;GESTIÓN DE INFRAESTRUCTURA Y PLANTA FÍSICA;03/07/2026;SRV MTTO INFRAESTR;1.867.491,00
1000024473;CABIFY FING JUNIO 2026;TAXIS BUSES;julio;COP; SERVICIO DE TRANSPORTE CABIFY DEL JUNIO PARA PAGO EN JULIO POR VALOR DE $1.284.724. LAS ÁREAS SON: RECTORIA, INNOVACIONTRANSFE;GESTIÓN DE INFRAESTRUCTURA Y PLANTA FÍSICA;06/07/2026;TRANSPORTE ;1.284.724,00
1000024417;Arte de liderar en la complejidad;;julio;COP; Compra de libros electrónicos por accesos relacionados en el acta de compra 004 de 2026. Proveedor Ecoe ediciones.Contacto Ing;BIBLIOTECA;15/07/2026;LIBROS ELECTRONICO;828.800,00
1000024418;ARTIFICIAL INTELLIGENCE IN NUCLEAR SAFET;;julio;COP; Compra de libros electrónicos por accesos relacionados en el acta de compra 004 de 2026. correo diazdesantoscomercial3@hotmail;BIBLIOTECA;06/07/2026;LIBROS ELECTRONICO;992.500,00
1000024464;VOLANTEO 3 DIAS;PROMOCION DIVULGACION;julio;COP; servicio de volanteo 3 dias servicio de apoyo logístico para la entrega de volantes  impactar programas mediante la divulgacio;REGIONES;09/07/2026;INSTITUCIONALES ;1.770.720,00
1000024465;PAUTA EAN TRANSFORMA;PROMOCION DIVULGACION;julio;COP; PAUTA EAN TRANSFORMA para pauta digital de evento Ean Transforma 1 de agosto expectativa de asistencia del evento y la amplific;EDUCACIÓN CONTINUADA COMERCIAL;03/07/2026;INSTITUCIONALES ;2.000.000,00
1000024469;STAND;ALQUILER STAND - CARPAS;julio;COP; diseño y produccion stand stand en $4.900.000. Montaje y desmontaje iva incluido proveedor Struktur;POSGRADO;21/07/2026;INSTITUCIONALES ;5.355.000,00
1000024494;CHAQUETA BEE PUFFER MUJER MORADA XS;;julio;COP; Compra de 220 Chaquetas Puffer  Proveedor:BARACK Total de la SOLPED: 24.871.000;TIENDA EAN;09/07/2026;TIENDA EAN;24.871.000,00
1000024490;FUENTE 12 W 10 AMP SWITCHADA;;julio;COP; SUMINISTRO DE FUENTES PARA ILUMINACION Y TOMA DE SEGURIDAD, PROVEEDOR: ELECTRODO LA 18, VALOR: $435.540, CASO:83281;GESTIÓN DE INFRAESTRUCTURA Y PLANTA FÍSICA;03/07/2026;ELEM. FERRETERIA C;435.540,00
1000024416;ARTE DE LIDERAR EN LA COMPLEJIDAD;;julio;COP; Compra de libros para Biblioteca relacionado en Acta 004 2026 proveedor ECOE ediciones. Contacto Ingrid Martínez, correo: ingr;BIBLIOTECA;06/07/2026;LIBROS ;790.400,00
1000024429;DIGITALIZACIÓN COPIAS PROYECTO HUMANISE;DIGITALIZACION EMPASTE;julio;COP; SERVICIOS AUROS COPIAS- PROYECTO HUMANISE CALLE 72 PAGO DIGITALIZACIÓN PLANOS CURADURÍA VALOR $ 2.663.250 CECO: 10600801 OI:;GESTIÓN DE INFRAESTRUCTURA Y PLANTA FÍSICA;03/07/2026;IMPRESOS ;2.663.250,00
1000024492;IMPRESOS PARA HUMANOIDE;COMPRA CÓDIGOS DE ACCESO A LOS LIBROS MA;julio;COP; 4 IMPRESOS PARA HUMANOIDE -BRANDEO HUMANOIDE. Impresión digital laminada sobre vinilo conformable KATODE- IVA INCLUIDO;GESTIÓN DE COMUNICACIONES Y PUBLICIDAD;10/07/2026;IMPRESOS ;505.405,00
1000024472;Refrigerios DAVIBANK GoToMarketb;ALIMENTOS (DESAYU-REFRIG-ALMUERZO);julio;COP; Formalmente informo la gestión del pedido correspondiente a la adquisición de refrigerio  destinados al Programa Plan de proy;FORMACIÓN A LA MEDIDA;02/09/2026;ALIMENTACION Y REF;6.108.696,00
1000024480;PYROLYTIC GRAPHITE TUBE;INGRESOS TERCEROS;julio;COP; Creación de caso:83273. PYROLYTIC GRAPHITE TUBE. MARCA: SHIMADZU. ACIDO NITRICO AAL 65% Proveedor: PURIFICACIÓN Y ANÁLISIS D;DIRECCIÓN DE INVESTIGACIONES;02/07/2026;ELEM. LABORATORIO ;1.410.532,00
1000024496;Tubo láser de 130W Yongli H6;;julio;COP; Caso Mesa de ayuda 80749 Proveedor: Doctor Laser S.A.S NIT 901242578-1 BP 1000360911 Compra: Repuesto Tubo láser de 130W Yongl;UNIDAD DE DESARROLLO;08/07/2026;MATERIALES REPUEST;2.700.001,00
1000024493;PAGO PROMOTORES JUNIO;PROMOCION DIVULGACION;julio;COP; PAGO PROMOTORES MES DE JUNIO BONOS BIGPASS;EDUCACIÓN CONTINUADA COMERCIAL;07/07/2026;BONOS ;3.722.825,00
1000024415;Pago artículo de investigación FRONTIERS;INSCRIPCION EVENTOS NACIONAL - INTERNACI;julio;USD;" Caso mesa de servicios: Publicación artículo de investigación: ""Mapping Memory at Scale: Systems-Level Insights with Transla";DIRECCIÓN DE INVESTIGACIONES;02/07/2026;LICENCIAS Y SUBSCR;1.078,86
1000024471;Pago membresía ANDI 2026;AFILIACIONES MEMBRESIAS INTERNACIONALES;julio;COP; Pago membresía ANDI 2026. Valor solped:15.900.780 COP;GERENCIA DE INTERNACIONALIZACIÓN Y RELACIONES INSTITUCIONALES;08/07/2026;LICENCIAS Y SUBSCR;15.900.780,00
1000024434;POLIZA COLSUBSIDIO 01200453638;SEGUROS POLIZAS CUMPLIMIENTO;julio;COP; POLIZA COLSUBSIDIO NoSERIEDAD: 01200 4536538 sura  Solicitud Garantía de Seriedad COLSUBSIDIO- Proceso No. CE-05-219-26 UNIVER;DIRECCIÓN DE EXTENSIÓN COMERCIAL;02/07/2026;SEGUROS;1.000.015,00
1000024481;POLIZA;SEGUROS  POLIZAS;julio;COP; Poliza de cumplimiento n° 1505004332801 COMPENSAR.;FORMACIÓN A LA MEDIDA;03/07/2026;SEGUROS;83.300,00
1400015903;AMPLIACION OPS 15558;SERVICIOS PLATAFORMA DE EVALUACION;julio;COP; AMPLIACION OPS 3 MESES SANTIAGO SUAREZ Justificación: Se requiere su continuidad para apoyar la administración y actualizaci;PUBLICIDAD;14/07/2026;SEGUROS;17.400.000,00
1300003336;REIMBURSABLES  5626 23062026;;julio;USD; HEATHERWICK STUDIO REIMBURSABLES FOR 0519 UNIVERSIDAD EAN-ELIO POSTMA  AND MANUEL RAMOS TRIP TO BOGOTA 01/03/2026 03/03/2026 IF;GESTIÓN DE INFRAESTRUCTURA Y PLANTA FÍSICA;03/07/2026;VIAJES;12.248,40
1000024428;CONSTRUCTION MONTH 7;;julio;USD; HEATHERWICK ADITIONAL CONSTRUCTION-MONTH 7 $22.157 DOLARES AMERICANOS Activo: 130000002 10600801  CONSTRUCCIONES EN CURSO 16150;GESTIÓN DE INFRAESTRUCTURA Y PLANTA FÍSICA;03/07/2026;SERVICIOS PROFESIO;22.157,00
1000024433;Show Musical;MONTAJE PARA EVENTO;julio;COP; Evento de fin de año 2026 CECO: 10500112 BIENESTAR COLABORADORES Cuenta Mayor:5111370001 - Eventos Culturales Valor Total: $ 1;DISEÑO ORGANIZACIONAL Y GESTIÓN DEL CAMBIO;22/07/2026;SERVICIOS PROFESIO;0
1000024466;publicacion guia universitaria;PROMOCION DIVULGACION;julio;COP; Contratación -  Guía Universitaria Universidad Ean busca fortalecer la visibilidad de la oferta académica de la Universidad;EDUCACIÓN CONTINUADA COMERCIAL;14/07/2026;SERVICIOS PROFESIO;4.498.200,00
1000024437;ACOMPAÑAMIENTO CONEXION ASC FUNDADORES A;HONORARIOS ASESORIA TECNICA;julio;COP; SERVICIO DE ACOMPAÑAMIENTO CONEXION ASC FUNDADORES A SISTEMA DE EVACUACION, PROVEEDOR: SCHINDLER, VALOR: $671.898, CASO:83347;GESTIÓN DE INFRAESTRUCTURA Y PLANTA FÍSICA;06/07/2026;SRV MTTO INFRAESTR;671.897,00
1000024500;Serv transp Marmato julio Aris Mining;PASAJES TERRESTRES;julio;COP; Rutranscol COTIZACION #GP-000158-103 Servicio de transporte en Marmato 14 al 17 de julio Consultoria Aris Mining;CONSULTORÍA ESPECIALIZADA;08/07/2026;TRANSPORTE ;4.680.000,00
1000024497;Ingeniería de control moderna;;julio;COP; Compra de libros electrónicos por accesos relacionados en el acta de compra 004 de 2026. Celular 3187853925 Correo: sandra.gut;BIBLIOTECA;06/07/2026;LIBROS ELECTRONICO;277.000,00
1000024498;CIENCIA DE DATOS CON R / PEREZ / 2026;;julio;COP; Compra de libros electrónicos por accesos relacionados en el acta de compra 004 de 2026.proveedor Alpha editorial . Contacto L;BIBLIOTECA;06/07/2026;LIBROS ELECTRONICO;2.048.726,00
1000024474;ALIMENTOS CIERRE VIGIAS;ALIMENTOS (DESAYU-REFRIG-ALMUERZO);julio;COP; Formalmente informo la gestión del pedido correspondiente a la adquisición de unos alimentos  destinados al cierre del progra;FORMACIÓN A LA MEDIDA;07/07/2026;ALIMENTACION Y REF;1.055.000,00
1000024419;Valor carga;INGRESOS TERCEROS;julio;COP; La Universidad Ean se encarga de intermediar la entrega de uno bono de alimenticios para estudiante beneficiario del Fondo de R;BIENESTAR UNIVERSITARIO;09/07/2026;BONOS ;4.293.383,00
1300003337;Tiquetes Santa Marta Bogota ENACTUs;PASAJES AEREOS;julio;COP; Tiquetes Santa Marta Bogota ENACTUS, por valor de 2.252.082 COP para 7 personas;GERENCIA DE INTERNACIONALIZACIÓN Y RELACIONES INSTITUCIONALES;08/07/2026;VIAJES;2.252.082,00
1300003338;Tiquetes Bogota Santa Marta ENACTUS;PASAJES AEREOS;julio;COP; Pago tiquetes Bogota - Santa Marta, 7 estudiantes participaion ENACTUS por valor de 1831102;GERENCIA DE INTERNACIONALIZACIÓN Y RELACIONES INSTITUCIONALES;09/07/2026;VIAJES;1.831.081,00
1300003343;DLosada_Manutención;MANUTENCION;julio;COP; Gastos de viaje Danny Mauricio Losada Franco Marmato (Caldas) 14 - 17 de julio Viaje No 2 - Consultoría Aris Mining;CONSULTORÍA ESPECIALIZADA;06/07/2026;VIAJES;739.000,00
1300003344;GHillon_Manutención;MANUTENCION;julio;COP; Gastos de viaje German David Hillon Vega Marmato (Caldas) 14 - 17 de julio Viaje No 2 - Consultoría Aris Mining;CONSULTORÍA ESPECIALIZADA;06/07/2026;VIAJES;739.000,00
1300003345;GVargas_Manutención;MANUTENCION;julio;COP; Gastos de viaje Gustavo Adolfo Vargas Urrego Marmato (Caldas) 14 - 17 de julio Viaje No 2 - Consultoría Aris Mining;CONSULTORÍA ESPECIALIZADA;06/07/2026;VIAJES;739.000,00
1300003346;SBulla_Manutención;MANUTENCION;julio;COP; Gastos de viaje Sandra Milena Bulla Ortega Marmato (Caldas) 14 - 17 de julio Viaje No 2 - Consultoría Aris Mining;CONSULTORÍA ESPECIALIZADA;06/07/2026;VIAJES;739.000,00
1300003347;SLopez_Manutención;MANUTENCION;julio;COP; Gastos de viaje Silvio Andres Lopez Barrantes Marmato (Caldas) 16 - 17 de julio Viaje No 2 - Consultoría Aris Mining;CONSULTORÍA ESPECIALIZADA;06/07/2026;VIAJES;393.000,00
1000023299;SERVICIOS AUDIOVISUALES;PROMOCION DIVULGACION;julio;COP; SERVICIO DE VIDEOGRAFIA Y FOTOGRAFIA GERENCIA DE PYC;PUBLICIDAD;03/07/2026;SERVICIOS PROFESIO;107.903.400,00
1000024436;Validaciòn bolsa de horas EQ JUN;HONORARIOS ASESORIA TECNICA;julio;COP; Validación de Bolsa de horas: 17.5 horas horas ejecutadas;EAN X PROYECTOS;03/07/2026;SERVICIOS PROFESIO;0
1000024475;ACOMPAÑMIENTO CALLE 72 2026;;julio;COP; PROYECTO HUMANISE CALLE 72- CONTRATISTA ESTAHL OBJETO: ACOMPAÑAMIENTO SEGUNDA ETAPA DISEÑO  ESTRUCTURAL  DE ELEMENTOS  DE CON;GESTIÓN DE INFRAESTRUCTURA Y PLANTA FÍSICA;21/08/2026;SERVICIOS PROFESIO;135.804.115,00
1000024482;Residuos peligrosos junio 2026;TRANSPORTE FLETES ACARREOS;julio;COP;;GESTIÓN DE CALIDAD Y DE LOS PROCESOS;08/07/2026;SERVICIOS PROFESIO;145.526,00
1000024483;Auditoría de renovación SGS;TRAMITES LICENCIAS;julio;COP; Mantenimiento de la certificación de calidad con base en la norma ISO9001:2015;GESTIÓN DE CALIDAD Y DE LOS PROCESOS;22/07/2026;SERVICIOS PROFESIO;31.612.350,00
1000024499;Bilinguismo Berlitz;HONORARIOS ASESORIA TECNICA;julio;COP; Formacion Ruta d ebilinguismo - Berlitz 2026 Valor: 15.400.000;EVALUACIÓN Y DESARROLLO INTEGRAL;27/07/2026;SERVICIOS PROFESIO;15.400.000,00
1000024510;Catalogación trabajos de grado Minerva;HONORARIOS ASESORIA TECNICA;julio;COP;" Servicio de catalogación de trabajos de grado en Repositorio ""Biblioteca digital Minerva"" Cantidad de 300 registros bibliográ";BIBLIOTECA;07/07/2026;SERVICIOS PROFESIO;4.560.000,00
1000024501;PELUCHE MELI TIENDA EAN;;julio;COP; Compra de Peluches Meli  Proveedor:Peluches Corporativos Total de la SOLPED: 15.910.776;TIENDA EAN;08/07/2026;TIENDA EAN;15.910.776,00
1000024476;ESFEROS 1000 UNIDADES;;julio;COP; Compra 1.000 esferos - Extensión y Conusltoría;FORMACIÓN A LA MEDIDA;30/07/2026;PUBLIC – MATER POP;3.336.988,00
1000024511;AUTO TAXI PREGRADO 2026 JUNIO;TAXIS BUSES;julio;COP; SERVICIOS AUTOTAXI MES DE JUNIO PARA PAGO EN JULIO 2026 POR VALOR DE $543.438, EL ÁREA QUE UTILIZÓ EL SERVICIO FUE PREGRADO.;GESTIÓN DE INFRAESTRUCTURA Y PLANTA FÍSICA;08/07/2026;TRANSPORTE ;543.438,00
1000024513;EASY TAXI RECTORIA JUNIO 2026 IVA;TAXIS BUSES;julio;COP; SERVICIO DE TRANSPORTE EASY TAXI DEL MES DE JUNIO PARA PAGO EN JULIO POR VALOR DE $4.316.410. LAS ÁREAS SON: RECTORIA, DR-EAN-;GESTIÓN DE INFRAESTRUCTURA Y PLANTA FÍSICA;21/07/2026;TRANSPORTE ;4.316.410,00
1000024512;CAMISAS COORPORATIVAS;PROMOCION DIVULGACION;julio;COP; CAMISAS Y CAMISETAS COORPORATIVAS EQUIPO DE COMUNICACIONES Y CONTAC CENTER Camisa 100% ALGODÓN, GARANTIA PRODUCTO: 4 meses, po;EDUCACIÓN CONTINUADA COMERCIAL;09/07/2026;INSTITUCIONALES ;3.644.732,00
1000024438;Pago membresía ACOLPROF 2026;AFILIACIONES MEMBRESIAS INTERNACIONALES;julio;COP; Pago membresía ACOLPROF 2026. Valor solped: 650.000 COP;GERENCIA DE INTERNACIONALIZACIÓN Y RELACIONES INSTITUCIONALES;09/07/2026;LICENCIAS Y SUBSCR;650.000,00
1000024432;ESTOLAS GRADOS REGIONALES CAUCA;ALQUILER TOGAS Y BIRRETES;julio;COP; 13 Alquiler Toga, Birrete + Beca Maestrías..  Ceremonia de grados 31 de julio | Popayán  PROVEEDOR PHILOSOPHIA.;REGIONES;08/07/2026;GRADOS Y EVENTOS ;1.328.873,00
1000024484;Refrigerios Marmato 17 julio;ALIMENTOS (DESAYU-REFRIG-ALMUERZO);julio;COP; Anticipo 100% German David Hillon Vega CC 80214468 Proyecto Consultoría Aris Mining Concepto: Alquiler de salón y refrigerios;CONSULTORÍA ESPECIALIZADA;06/07/2026;VIAJES;2.350.000,00
1000024502;Residuos orgánicos junio 2026;TRANSPORTE FLETES ACARREOS;julio;COP; Recolección y transporte de residuos orgánicos generados en la Universidad durante el mes de junio 2026.;GESTIÓN DE CALIDAD Y DE LOS PROCESOS;16/07/2026;SERVICIOS PROFESIO;730.219,00
1000024517;INSCRIPCION A EVENTO ANDI;INSCRIPCION EVENTOS NACIONAL - INTERNACI;julio;COP; TIQUETE DE INGRESO A CONGRESO EMPRESARIAL COLOMBIANO ANDI MARIA MONICA RUIZ ASISTENTE IVA INCLUIDO PAGO CON TC REMITIR A PAGADU;CONSULTORIA PRIVADA;09/07/2026;EVENTOS ;2.998.800,00
1000024514;CAMARA DE SEGURIDAD  SOLAR 4G SMART DUAL;;julio;COP; PROYECTO CALLE 72 CAMARAS PARA  USAR EN EL TIMELAPSE CON EL FIN DE DOCUMENTAR EL PROYECTO HUMANISE VALOR $3.787.056 CONTRATISTA;GESTIÓN DE INFRAESTRUCTURA Y PLANTA FÍSICA;07/07/2026;ACTIVOS Y/O EQUIPO;3.787.056,00
1000024518;PANTALLA HALL CONGRESO EMPRESARIAL;PROMOCION DIVULGACION;julio;COP; Pantalla Hall Presencia de marca en la pantalla ubicada en pasillo de circulación de los asistentes del evento. Espacio Co-Pat;EDUCACIÓN CONTINUADA COMERCIAL;14/07/2026;INSTITUCIONALES ;11.543.000,00
1000024503;JERSEY FACULTAD INGENIERIA HOMBRE S;;julio;COP; Compra de Chaqueta Bomper Bee A Visionary yJersy Facultades  Proveedor:TRAZOS DE MODA Total de la SOLPED: 25.025.700;TIENDA EAN;09/07/2026;TIENDA EAN;25.025.700,00
1000024516;CHAQUETA NO LIMITS XS;;julio;COP; Compra de Chaqueta No Limits, Hoodie Bee Diferent y Buso EAN 1967.  Proveedor:Trazos de Moda Total de la SOLPED: 22.990.800;TIENDA EAN;09/07/2026;TIENDA EAN;22.990.800,00
1000024477;PASABOCAS IDECUT [FOCACCIA];ALIMENTOS (DESAYU-REFRIG-ALMUERZO);julio;COP; COTIZACIÓN 881 LA FOCACCIA GOURMET Beatriz Cavelier La Focaccia Gourmet NIT 51.739.006 -2 Tels: 315- 893 9399 Ref: Cotización;FORMACIÓN A LA MEDIDA;09/07/2026;ALIMENTACION Y REF;770.000,00
1000024515;ESTACION DE CAFE BOOTCAMP;COCTEL - ESTACION (CAFE, AROMATICA, AGUA;julio;COP; ESTACION DE CAFE EVENTO BOOTCAMP PROFESORES COLEGIO NUEVO GIMNASIO 9 DE JULIO PROVEEDOR GRUPO DO EAT IVA INCLUIDO;POSGRADO;08/07/2026;ALIMENTACION Y REF;200.004,00
1000024519;ESTACIÓN DE CAFE DIA14;ALIMENTOS (DESAYU-REFRIG-ALMUERZO);julio;COP; ESTACIONES DE CAFE PARA JORNADAS DE BIENVENIDA DÍAS 14,15,16 Y 18 DE JULIO. PROVEEDOR: GRUPO PROMO;PROTOCOLO Y GESTIÓN DE EVENTOS INTERNOS;09/07/2026;ALIMENTACION Y REF;15.826.400,00
1000024439;Manto de calentamiento análogo 1000 ml;;julio;COP; Compra: Manto de calentamiento análogo 1000 ml Proveedor: Auros Químicos Ltda. BP: 1000011817;LABORATORIOS DE INGENIERÍA;09/07/2026;ELEM. LABORATORIO ;1.428.000,00
1000024520;Cámara para microscopio Motic;;julio;COP; Compra: Cámara para microscopio Motic Proveedor: Kassel Group SAS BP: 1000335633;LABORATORIOS DE INGENIERÍA;10/07/2026;ELEM. LABORATORIO ;4.462.500,00
1000024521;HI 991001 Medidor de pH y Temperatura;;julio;COP; Compra: pH metros portátiles - HANNA INSTRUMENTS Proveedor: HANNA INSTRUMENTS BP: 1000011909;LABORATORIOS DE INGENIERÍA;10/07/2026;ELEM. LABORATORIO ;7.470.192,00
1000024522;Kit automatización máquina universal;;julio;COP; Compra: Kit automatización máquina universal Proveedor: Camttech SAS BP: 1000304117;LABORATORIOS DE INGENIERÍA;31/07/2026;ELEM. LABORATORIO ;0
1000024523;Autoclave vertical 50 Litros -  Zealway;;julio;COP; Compra: Autoclave vertical 50L Proveedor:INTEK GROUP SAS BP: 1000277872;LABORATORIOS DE INGENIERÍA;09/07/2026;ELEM. LABORATORIO ;20.931.728,00
1300003339;Alojamiento Maria Monica Ruiz Sep 2-4;ALOJAMIENTO;julio;COP; Zeppelin Hotel Wyndham Garden Cartagena 2 al 4 de septiembre;CONSULTORÍA ESPECIALIZADA;14/07/2026;VIAJES;1.950.250,00
1000024486;Domicilio de entrega medallas;OBSEQUIOS;julio;COP; 10500112 BIENESTAR COLABORADORES DIVERSOS-OBSEQUIOS-5111900010  Valor total Iva incluido: $ 115.418 NIT: 900888607 Marketing y;DISEÑO ORGANIZACIONAL Y GESTIÓN DEL CAMBIO;15/07/2026;SERVICIOS PROFESIO;115.418,00
1000024527;INSCRIPCION A EVENTO CONGRESO DE HOSPITA;INSCRIPCION EVENTOS NACIONAL - INTERNACI;julio;COP; PARTICIPACION CONGRESO DE HOSPITALES INSCRIPCION ASOCIACION COLOMBIANA DE HOSPITALES Y CLINICAS;DIRECCIÓN DE EXTENSIÓN COMERCIAL;21/07/2026;EVENTOS ;1.750.000,00
1000024530;MTTO PREV SIS AUDIO LEGACY 2026;MANTENIMIENTO MAQUINARIA Y EQUIPO;julio;COP; MANTENIMIENTO PREVENTIVO Y CORRECTIVO SISTEMA DE AUDIO EDF LEGACY. SE JUSTIFICA UNICO PROVEEDOR POR SER EL INTEGRADOR E INSTALA;GESTIÓN DE INFRAESTRUCTURA Y PLANTA FÍSICA;09/07/2026;SRV MTTO INFRAESTR;5.712.000,00
1000024506;Suministro de Camilla masajes fija;;julio;COP; Camillas para masajes Proveedor: Security Windows;SISTEMA DE GESTIÓN DE LA SEGURIDAD Y SALUD EN EL TRABAJO;10/07/2026;MUEBLES Y ENSERES ;7.497.000,00
1000024488;LIBROS Y MATERIAL BIBLIOGRAFICO;;julio;COP; Lenguas Modernas Editores S.A.S  NIT: 830.005.414-1 Ciudad: Bogota D.C. MICHAEL STEVEN FORERO HERNANDEZ UNIVERSIDAD EAN COT 561;FORMACIÓN A LA MEDIDA;09/07/2026;LIBROS ;10.512.000,00
1000024524;AUROS DISEÑO ORG JUNIO 2026;DIGITALIZACION EMPASTE;julio;COP; SERVICIOS AUROS MES JUNIO PARA PAGO EN JULIO, VALOR TOTAL $ 3.665.829. LAS ÁREAS QUE ADQUIRIERON SERVICIOS EN TIENDAS SON: SAL;GESTIÓN DE INFRAESTRUCTURA Y PLANTA FÍSICA;21/07/2026;IMPRESOS ;3.665.831,00
1000024528;PENDON CONGRESO HOSPITALES;PROMOCION DIVULGACION;julio;COP; PENDON PARA PARTICIPACION EN CONGRESO DE HSPITALES PENDÓN PARA COLGAR . Dimensiones: 100 cm x 300 cm. Impresión digital sobre;GESTIÓN DE COMUNICACIONES Y PUBLICIDAD;10/07/2026;IMPRESOS ;243.498,00
1000024479;Catering 2026;ALIMENTOS (DESAYU-REFRIG-ALMUERZO);julio;COP; CATERING EVENTO EVALUACIÓN Y DESARROLLO VALOR: 1.100.000;EVALUACIÓN Y DESARROLLO INTEGRAL;08/07/2026;ASEO Y CAFETERIA ;1.100.000,00
1000024487;REFRIGERIO ESTANDAR 17 JULIO;ALIMENTOS (DESAYU-REFRIG-ALMUERZO);julio;COP; REFRIGERIOS PARA JORNADAS DE BIENVENIDA DÍAS 17 Y 18 DE JULIO. PROVEEDOR: GRUPO PROMO;PROTOCOLO Y GESTIÓN DE EVENTOS INTERNOS;16/07/2026;ALIMENTACION Y REF;22.365.600,00
1000024504;SODAS SABORIZADAS;ALIMENTOS (DESAYU-REFRIG-ALMUERZO);julio;COP; PASABOCAS PARA ALINEACIÓN ESTRATEGICA DOCENTES, 14 DE JULIO 2026 PROVEEDOR: GRUPO PROMO;PROTOCOLO Y GESTIÓN DE EVENTOS INTERNOS;09/07/2026;ALIMENTACION Y REF;17.403.400,00
1000024525;Filamento PLA 1.75mm;;julio;COP; Proveedor Polymaster S.A.S NIT 901646978 -9 BP: 1000270001 Cra 45 #31-49 - Medellín +573052475609 polymasters.co@gmail.com Com;UNIDAD DE DESARROLLO;09/07/2026;ELEM. LABORATORIO ;11.000.122,00
1000024478;Inscrip. Congreso Internacional CUICID;INSCRIPCION EVENTOS NACIONAL - INTERNACI;julio;EUR; Creación Caso: 84013. Inscripción de las estudiantes Sara María Bahamón Bernal y Violeta Jaramillo al al Congreso Internaci;DIRECCIÓN DE INVESTIGACIONES;16/07/2026;LICENCIAS Y SUBSCR;675
1000024507;OBRA CIVIL NEUROLAB;;julio;COP; ADECUACIÓN OBRA CIVIL - NEUROLAB EDIFICIO LEGACY - VALOR: $ 30'120.519 -  PROVEEDOR: ABSIDE - SELECCIÓN PROVEEDOR SEGUN CUADR;GESTIÓN DE INFRAESTRUCTURA Y PLANTA FÍSICA;10/07/2026;OBRAS CIVILES ;30.120.519,00
1000024505;INTERVENCIÓN ARTISTICA;SERVICIOS PARA EVENTOS;julio;COP; INTERVENCIÓN ARTISTICA PARA LA ALINEACIÓN ESTRATEGICA DOCENTES PROVEEDOR: FUNDACIÓN TEATRO GOYENECHUS;PROTOCOLO Y GESTIÓN DE EVENTOS INTERNOS;14/07/2026;GRADOS Y EVENTOS ;500.000,00
1000024526;TALLER DE ENERGIAS CROMATICAS;SERVICIOS PARA EVENTOS;julio;COP; TALLER DE ENERGIAS CROMATICAS PARA LA ALINEACIÓN ESTRATEGICA DOCENTES 14 DE JULIO Y JORNADAS DE BIENVENIDA ESTUDIANTES 17 Y 18;PROTOCOLO Y GESTIÓN DE EVENTOS INTERNOS;14/07/2026;GRADOS Y EVENTOS ;3.000.000,00
1300003380;ALOJAMINETO HOTEL DANN CTAGENA MONICA RU;ALOJAMIENTO;julio;COP; HOSPEDAJE HOTEL DANN CARTAGENA PARTICIPACION CONGRESO EMPRESARIAL COLOMBIANO HOSPEDADE DE MARIA MONICA RUIZ;CONSULTORIA PRIVADA;31/08/2026;VIAJES;1.473.204,00
1000024550;INFLABLES TORO MECANICO;EVENTOS ESPECIALES;julio;COP; ALQUILER DE  INFLABLES PARA JORNADAS DE BIENVENIDA PROVEEDOR: HAPPY PARTY;PROTOCOLO Y GESTIÓN DE EVENTOS INTERNOS;16/07/2026;EVENTOS ;10.972.000,00
1000024508;READECUACION MUEBLE VIATIC;SERVICIO MANTO. CONSTRUCCIONES Y EDIFICA;julio;COP; READECUACIÓN MUEBLE OFICINA VIATIC - PROVEEDOR RCA;GESTIÓN DE INFRAESTRUCTURA Y PLANTA FÍSICA;10/07/2026;SRV MTTO INFRAESTR;952.000,00
1000024532;FOTO CABINA 17 DE JULIO 2026;ALQUILER MUEBLES ENSERES;julio;COP; ALQUILER DE CABINA FOTOGRAFICA PARA JORNADAS DE BIENVENIDA 17 Y 18 DE JULIO 2026. PROVEEDOR: SANTAELLA;PROTOCOLO Y GESTIÓN DE EVENTOS INTERNOS;09/07/2026;MUEBLES Y ENSERES ;5.236.000,00
1000024533;REFRIGERIOS BUSINESS DAVIVIENDA;ALIMENTOS (DESAYU-REFRIG-ALMUERZO);julio;COP; Informo la gestión del pedido correspondiente a la adquisición de 35 alimentos, para un total de 5 días, destinados al curso;FORMACIÓN A LA MEDIDA;14/07/2026;ALIMENTACION Y REF;2.695.000,00
1000024534;REFRIGERIOS CURSO CHINO;ALIMENTOS (DESAYU-REFRIG-ALMUERZO);julio;COP; Informo la gestión del pedido correspondiente a la adquisición de 20 refrigerios destinados al cierre del CURSO CHINO PARA LO;EDUCACIÓN CONTINUADA PROYECTOS;17/07/2026;ALIMENTACION Y REF;363.200,00
1000024540;Osciloscopio 100 MHZ 2 canales;;julio;COP; COMPRA DE OSCILOSCOPIOS Y GENERADORES DE SEÑAL PROVEEDOR: OSAKA ELECTRONICS LTDA BP: 1000172765;LABORATORIOS DE INGENIERÍA;14/07/2026;ELEM. LABORATORIO ;15.804.000,00
1000024552;BONOS ADIDAS;PREMIOS - BONOS;julio;COP; COMPRA DE BONOS ADIDAS PARA JORNADA DE ALINEACIÓN DOCENTES JULIO 2026 PROVEEDOR: MARKETING Y CREATIVIDAD S.A.S;PROTOCOLO Y GESTIÓN DE EVENTOS INTERNOS;14/07/2026;BONOS ;824.950,00
1000024363;ALMACENAMIENTO SERV STORAGE;LICENCIAS Y SOFTWARE;julio;COP; SERVICIO TECNOLOGICO ZOOM OTROSI 6 ZOOM CEM SAS;SISTEMAS DE INFORMACIÓN;16/07/2026;LICENCIAS Y SUBSCR;456.964.760,00
1000024529;LICENCIA;LICENCIAS Y SOFTWARE;julio;COP; Compra licencia CORI (Erat) — Rata virtual para simulación de condicionamiento clásico y operante (Programa de Psicología);VICERRECTORÍA DE INNOVACIÓN ACADÉMICA;11/08/2026;LICENCIAS Y SUBSCR;158.978,00
1000024551;MATERIAL DE APOYO;;julio;COP; Informo la gestión del pedido correspondiente a la adquisición de 32 bolsas (pouch) destinados al proyecto Business Mindset E;FORMACIÓN A LA MEDIDA;14/07/2026;PAPELERÍA ;274.176,00
1000024531;MANILLAS AMARILLAS;;julio;COP; COMPRA DE MANILLAS PARA LAS JORNADAS DE BIENVENIDA 2026-2 PROVEEEDOR:BARACK;PROTOCOLO Y GESTIÓN DE EVENTOS INTERNOS;10/07/2026;GRADOS Y EVENTOS ;408.170,00
1000024489;INST SOPORTE VIDEOBEAM Y SONIDO;MANTENIMIENTO MAQUINARIA Y EQUIPO;julio;COP; SERV. INSTALACIÓN PROYECTOR INTERACTIVO Y SONIDO PARA SALA DE CÓMPUTO N413 - INTEGRACIÓN AV;GESTIÓN DE INFRAESTRUCTURA Y PLANTA FÍSICA;09/07/2026;SERVICIOS PROFESIO;1.074.640,00
1000024535;PODA TALA ARBOL RAMAS;;julio;COP; PROYECTO CALLE 72. CONTRATISTA MAAT COTIZACIÓN 04-9165 OBJETO: PODA,SERVICIO  DE TRASLADOS RESIDUOS, HORAS POR TRASLADOS RESID;GESTIÓN DE INFRAESTRUCTURA Y PLANTA FÍSICA;14/07/2026;SERVICIOS PROFESIO;1.752.842,00
1000024573;ESFEROS 1000 UNIDADES;;julio;COP; Compra 1.000 esferos - Extensión y Conusltoría;CONTRATACIÓN PÚBLICA;10/07/2026;PUBLIC – MATER POP;0
1000024538;SUMINISTRO PIJAMA Y REPARACION DE PIJAMA;MANTENIMIENTO MUEBLES Y ENSERES;julio;COP; SERVICIO DE ARREGLO PIJAMA EXISTENTE Y SUMINISTRO E INSTALACION DE PIJAMA NUEVA PARA ASCENSORES FUNDADORES, PROVEEDOR: MULTISIS;GESTIÓN DE INFRAESTRUCTURA Y PLANTA FÍSICA;14/07/2026;SRV MTTO INFRAESTR;2.558.500,00
1000024576;INSTALACION TEJA POLICARBONATO C74;SERVICIO MANTO. CONSTRUCCIONES Y EDIFICA;julio;COP; SERVICIO DE INSTALACION DE TEJA POLICARBONATO SEDE CALLE 74, PROVEEDOR: LLERAS, VALOR: $440.818, CASO:83872;GESTIÓN DE INFRAESTRUCTURA Y PLANTA FÍSICA;14/07/2026;SRV MTTO INFRAESTR;440.818,00
1000024539;licencias Claude Bootcamp;LICENCIAS Y SOFTWARE;julio;USD; Informo la gestión del pedido correspondiente a la adquisición de 41 licencias para Claude destinados al  Bootcamp Ejecutivo;FORMACIÓN A LA MEDIDA;06/08/2026;SOFTWARE ;800
1000024570;TRANSPORTE;TAXIS BUSES;julio;COP; compra de otras 50 bolsas de café Blend Insuasti Molido x 500 gr  (Notas: Sabor delicado a cocoa, Panela y herbal fresca.) 50;EDUCACIÓN CONTINUADA COMERCIAL;21/07/2026;TRANSPORTE ;2.725.000,00
1000024572;TRANSPORTE A VILLAVICENCIO;PASAJES TERRESTRES;julio;COP; TRANSPORTE A LA CIUDAD DE VILLAVICENCIO PARA DANIELA BETANCOURT ORIGEN Carrera 48# 149-48 Edificio Paula Andrea (Sara Diaz) PAR;PREGRADO;15/07/2026;TRANSPORTE ;900.000,00
1000024561;UNIFORMES ATENCION PSICOSOCIAL;;julio;COP; SOLICITUD DE CASOS Actividad:  Compra de uniformes para servicio de atención psicosocial Descripción:  Compra de uniformes de;BIENESTAR UNIVERSITARIO;15/07/2026;DOTACIÓN Y ELEM. D;1.124.550,00
1000024509;Modelo Educativo;ALIMENTOS (DESAYU-REFRIG-ALMUERZO);julio;COP; Solicitud compra de refrigerio Divulgación Modelo educativo;VICERRECTORÍA DE INNOVACIÓN ACADÉMICA;17/07/2026;ALIMENTACION Y REF;1.360.000,00
1000024571;REFRIGERIOS SED-SESIÓN 1;ALIMENTOS (DESAYU-REFRIG-ALMUERZO);julio;COP; NIT 901250873 -3 Calle 22 a Bis a # 92 - 25 - Bogotá, D.C. contabilidad@eventoslebrun.com +573123677419 comercial@eventoslebru;FORMACIÓN A LA MEDIDA;14/07/2026;ALIMENTACION Y REF;2.117.448,00
1000024580;Confiteria business davivienda;ALIMENTOS (DESAYU-REFRIG-ALMUERZO);julio;COP; Informo la gestión del pedido correspondiente a la adquisición de dulces destinados al proyecto de Business Mindset Estratég;FORMACIÓN A LA MEDIDA;14/07/2026;ALIMENTACION Y REF;148.393,00
1000024553;Medidor multigases portátil para Bíodige;INGRESOS TERCEROS;julio;COP; Creación caso: Compra proyecto externo AGROSAVIA. Medidor multigases portátil para Bíodigestor Proveedor: ATIERRA SAS NIT: 9;DIRECCIÓN DE INVESTIGACIONES;14/07/2026;ELEM. LABORATORIO ;6.200.000,00
1000024536;MATERIAL DE APOYO;;julio;COP; Informo la gestión del pedido correspondiente a la adquisición de 32 marcadores sharpie destinados al proyecto Business Minds;FORMACIÓN A LA MEDIDA;16/07/2026;PAPELERÍA ;110.432,00
1000024537;MATERIAL DE APOYO;;julio;COP; Informo la gestión del pedido correspondiente a la adquisición de materiales destinados al  CURSO CHINO PARA LOS NEGOCIOS INT;EDUCACIÓN CONTINUADA PROYECTOS;15/07/2026;PAPELERÍA ;54.264,00
1000024562;POLIZA LICITACION ICBF;SEGUROS POLIZAS CUMPLIMIENTO;julio;COP; Solicitud Póliza de Seriedad // Licitación ICBF-SAMC-004-2026SEN POLIZA 1505004353601 SEGUROS BOLIVAR IVA INCLUIDO;DIRECCIÓN DE EXTENSIÓN COMERCIAL;14/07/2026;SEGUROS;224.515,00
1000024541;Honorarios Alejandro Riaño Comocon Eco;INGRESOS TERCEROS;julio;COP; Serivios Profesionales para Alejandro Riaño por el valor de $9.990.000 por sus servicios de implementación y capacitación t;RECTORÍA;28/08/2026;SERVICIOS PROFESIO;2.497.500,00
1000024560;TERMOMETROS NEVERA SALA DE LACTANCIA;;julio;COP; SOLICITUD DE CASOS Actividad:  Compra termómetros nevera Sala de Lactancia Descripción: Adquisición de termómetros destinad;BIENESTAR UNIVERSITARIO;14/07/2026;SERVICIOS PROFESIO;334.000,00
1000024542;INSTALACION CERRAMIENTO VIDRIO L614;SERVICIO MANTO. CONSTRUCCIONES Y EDIFICA;julio;COP; SERVICIO SUMINISTRO E INSTALACION DE CERRAMIENTO EN VIDRIO BALCON L614, PROVEEDOR: SECURITY WINDOWS, VALOR: $2.713.200, CASO:83;GESTIÓN DE INFRAESTRUCTURA Y PLANTA FÍSICA;16/07/2026;SRV MTTO INFRAESTR;2.713.200,00
1000024563;LED DRIVER PRG MAXI JOLLY 50W 350-1200MA;;julio;COP; SUMINISTRO DE DRIVERS BANCAS EXTERIORES LEGACY LED DRIVER PRG MAXI JOLLY 50W 350-1200MA 110-240V DIM DALI CD TCI, PROVEEDOR: HI;GESTIÓN DE INFRAESTRUCTURA Y PLANTA FÍSICA;16/07/2026;ELEM. FERRETERIA C;1.008.525,00
1000024579;ACARREO MOBILIARIO CAP;TRANSPORTE FLETES ACARREOS;julio;COP; ACARREO MOBILIARIO CENTRO DE APOYO PSICOLÓGICO TRASLADO NOGAL - AV. CHILE - AV.CHILE - NOGAL PROVEEDOR: RODRIGO PEREZ CANO - P;GESTIÓN DE INFRAESTRUCTURA Y PLANTA FÍSICA;16/07/2026;TRANSPORTE ;560.000,00
1000024578;ADICIONAL CAMISAS 2XL;PROMOCION DIVULGACION;julio;COP; CAMISAS Y CAMISETAS COORPORATIVAS EQUIPO DE COMUNICACIONES Y CONTAC CENTER Camisa 100% ALGODÓN, GARANTIA PRODUCTO: 4 meses, po;EDUCACIÓN CONTINUADA COMERCIAL;16/07/2026;INSTITUCIONALES ;3.644.732,00
1000024564;Talonarios servicio medico;PROMOCION DIVULGACION;julio;COP; SOLICITUD DE CASOS Actividad:  Talonarios servicio médico Descripción:  20 talonarios de 50 hojas cada uno. Lugar: Bogotá Fe;BIENESTAR UNIVERSITARIO;15/07/2026;IMPRESOS ;224.315,00
1000024569;Refrigerios Keralty;ALIMENTOS (DESAYU-REFRIG-ALMUERZO);julio;COP; Informo la gestión del pedido correspondiente a la adquisición de los refrigerios destinados al proyecto de Taller Formulaci;FORMACIÓN A LA MEDIDA;16/07/2026;ALIMENTACION Y REF;1.084.400,00
1000024577;Empanadas de carne;ALIMENTOS (DESAYU-REFRIG-ALMUERZO);julio;COP; Almierzo ejecutivo con socios de CocaCola el día 9 de julio de 2026 en The Wine Store, identificado con NIT 901.525.355-1 y n;RECTORÍA;21/07/2026;ALIMENTACION Y REF;1.043.425,00
1000024544;Conciliacion TC ITAU Google Juni;AVISOS Y PROPAGANDA;julio;COP; Conciliación TC 1474 ITAÚ Pauta Google Ads junio;EAN X PROYECTOS;21/07/2026;LICENCIAS Y SUBSCR;227.727,00
1000024545;Conciliacion TC ITAU TikTok Prom Juni;AVISOS Y PROPAGANDA;julio;COP; Conciliación TC 1474 ITAÚ Pauta TIKTOK PROMOTE Junio;EAN X PROYECTOS;21/07/2026;LICENCIAS Y SUBSCR;219.555,00
1000024546;Conciliacion TC ITAU TikTok Juni;AVISOS Y PROPAGANDA;julio;COP; Conciliación TC ITAÚ TIKTOK Junio;EAN X PROYECTOS;21/07/2026;LICENCIAS Y SUBSCR;76.160,00
1000024547;Conciliacion TC ITAU Facebook Juni;AVISOS Y PROPAGANDA;julio;COP; Conciliación TC 1474 ITAÚ FACEBOOK Junio;EAN X PROYECTOS;21/07/2026;LICENCIAS Y SUBSCR;4.698.178,00
1000024548;Conciliacion TC ITAU Manychat Juni;LICENCIAS Y SOFTWARE;julio;COP; Automatización de campañas de EanX por medio de software de gestión de la red social MANYCHAT;EAN X PROYECTOS;21/07/2026;LICENCIAS Y SUBSCR;61.155,00
1000024568;10 LICENCIAS ACCESO PLATAFORMA CERTIPROF;ALQUILER DE SOFTWARE Y LICENCIAS;julio;COP;" COMPRA LICENCIAS (VOUCHER) ACCESO A PLATAFORMA PARA PRESENTAR EXAMEN CERTIPROF ""SCRUM MASTER"" - PROGRAMA EDUCACIÓN CONTINUA -";EDUCACIÓN CONTINUADA PROYECTOS;22/07/2026;LICENCIAS Y SUBSCR;5.221.125,00
1000024566;APOYO LOGISTICO 31 JULIO;SERVICIOS PARA EVENTOS;julio;COP; SERVICIO DE LOGISTICA, AMBULANCIA PARA GRADOS PRIVADOS 31 DE JULIO DE 2026 PROVEEDOR: ADVANTAGE;PROTOCOLO Y GESTIÓN DE EVENTOS INTERNOS;23/07/2026;GRADOS Y EVENTOS ;2.063.460,00
1000024567;MAESTRO DE CEREMONIA GRADOS PRIVADOS JUL;GRADOS;julio;COP; SERVICIO DE MAESTRO DE CEREMONIAS, GRADOS PRIVADOS 31 DE JULIO DE 2026 (2 SESIONES. PROVEEDOR MAURICIO GIRAL;PROTOCOLO Y GESTIÓN DE EVENTOS INTERNOS;23/07/2026;GRADOS Y EVENTOS ;680.000,00
1300003326;MANUTENCION BARRANQUILLA;MANUTENCION;julio;COP; GASTOS DE VIAJE ANDRES OTALORA BARRANQUILLA DEL 21 DE JULIO AL 23 DE JULIO DEL 2026 VISITA DE ACOMPAÑAMIENTO CONVNEIO ALCALDIA;RECTORÍA;16/07/2026;VIAJES;425.000,00
1000024565;Mantenimientos de consolas Xbox y contro;MANTENIMIENTO MAQUINARIA Y EQUIPO;julio;COP; SOLICITUD DE CASOS  Actividad:  Mantenimiento de consola y controles de X Box  Descripción:  Mantenimiento correctivo de una c;BIENESTAR UNIVERSITARIO;22/07/2026;SERVICIOS PROFESIO;1.421.000,00
1000024582;Compra computadores Beca BBVA;INGRESOS TERCEROS;julio;COP; Compra 5 computadores Beca BBVA Amazonia por valor de 29989740;GERENCIA DE INTERNACIONALIZACIÓN Y RELACIONES INSTITUCIONALES;16/07/2026;SERVICIOS IT ;29.325.844,00
1000024585;Maletas para computadores beca BBVA;INGRESOS TERCEROS;julio;COP; Compra maletas estudaintes de beca BBVA por valor de 399500;GERENCIA DE INTERNACIONALIZACIÓN Y RELACIONES INSTITUCIONALES;17/07/2026;SERVICIOS IT ;0
1000024583;Compra equipos Starlink Beca BBVA;INGRESOS TERCEROS;julio;COP; Compra kit de internet starlink por valor de 7995000;GERENCIA DE INTERNACIONALIZACIÓN Y RELACIONES INSTITUCIONALES;16/07/2026;HARDWARE ;7.995.003,00
1000024592;Guaya con candado de combinación TARGUS;;julio;COP; COMPRA GUAYAS JULIO Supervisión: Henry Diaz Proveedor: Servitronic Valor de la compra: $6.349.840 IVA incluido Forma de pago:;EXPERIENCIA DE USUARIO;16/07/2026;HARDWARE ;6.349.840,00
1000024581;Barra de sodas;ALIMENTOS (DESAYU-REFRIG-ALMUERZO);julio;COP; SERVICIO DE ALMENTO Y BEBIDAS EVENTO FERIA CACAOTEROS KOEX  .PROVEEDO GRUPO PROMO;GESTIÓN COMERCIAL EVENTOS EXTERNOS;16/07/2026;ALIMENTACION Y REF;453.600,00
1000024584;Alimentacion beca BBVA;INGRESOS TERCEROS;julio;COP; Alimentacion en la Regional por 3 días para la beca BBVA por valor de 475200;GERENCIA DE INTERNACIONALIZACIÓN Y RELACIONES INSTITUCIONALES;21/07/2026;ALIMENTACION Y REF;475.200,00
1000024595;REFRIGERIO EVENTO CONSEJO COLOMBIANO;COCTEL - ESTACION (CAFE, AROMATICA, AGUA;julio;COP; refrigerio evento Consejo Colombiano de Seguridad DO EAT EXCENTO DE IVA CANTIDAD 13 PERSONAS;REGIONES;21/07/2026;ALIMENTACION Y REF;300.040,00
1000024596;DESAYUNO CONTINUA;COCTEL - ESTACION (CAFE, AROMATICA, AGUA;julio;COP; SOLICITUD DESAYUNO AREA DE EDCO CONTINUA PROVEEDOR GRUPO PROMO IVA INCLUIDO;DIRECCIÓN DE EXTENSIÓN COMERCIAL;21/07/2026;ALIMENTACION Y REF;419.930,00
1000024590;1O BONOS ALKOSTO;PROMOCION DIVULGACION;julio;COP; 10 BONOS REGALOS PARA CAMPAÑAS COMERCIALES AREA PYC BONOS ALKOSTO;CENTRO DE CONTACTO;17/07/2026;BONOS ;1.000.000,00
1000024558;LICENCIA CANVA;TRAMITES LICENCIAS;julio;COP; licencia de Canva Negocios para un usuario.  herramienta necesaria dentro del proceso de automatización de diseño que venimos;PUBLICIDAD;16/07/2026;LICENCIAS Y SUBSCR;320.000,00
1000024594;ESTOLAS PARA GRADOS PRIVADOS JULIO 2026;GRADOS;julio;COP; COMPRA DE 188 ESTOLAS PARA GRADOS PRIVADOS EL 31 DE JULIO DE 2026, ASI:  PREGRADO=45, ESPECIALIZACIÓN=46, MAESTRÍAS=91, DOCTO;PROTOCOLO Y GESTIÓN DE EVENTOS INTERNOS;28/07/2026;GRADOS Y EVENTOS ;8.308.764,00
1000024610;POLIZA DE CUMPLIMIENTO;SEGUROS  POLIZAS;julio;COP;  POLIZAS CONTRATO CC-2026-006975 UNIVERSIDAD EAN | COLSUBSIDIO CUMPLIMIENTO: 01200 4541609 $220.794.  RCE:013000 4541609 $130.9;FORMACIÓN A LA MEDIDA;15/07/2026;SEGUROS;351.694,00
1000024556;OTROSI 3 LC SOLARTE;HONORARIOS ASESORIA TECNICA;julio;USD; OTROSI 3 LC SOLARTE CONSULTORIA CONTENIDO DIGITAL PYC La propuesta contempla la prestación de servicios de asesoría en estrat;PUBLICIDAD;26/08/2026;SERVICIOS PROFESIO;65.000,00
1000024593;INTERPRETE LEGUAJE DE SEÑAS;SERVICIOS PARA EVENTOS;julio;COP; SERVICIO DE INTERPRETE DE LENGUAJE DE SEÑAS PARA LA CEREMONIA DE GRADOS PRIVADOS DE JULIO 2026 (SESIÓN 10AM Y 1 PM) PROVEEDOR;PROTOCOLO Y GESTIÓN DE EVENTOS INTERNOS;05/08/2026;SERVICIOS PROFESIO;400.000,00
1000024597;TALLER PYC;HONORARIOS ASESORIA TECNICA;julio;COP; Taller de entrenamiento: PARA PYC Se busca autoconocimiento que se pondrá en práctica a través de juegos de rol. Así mismo,;CONSULTORIA PRIVADA;22/07/2026;SERVICIOS PROFESIO;1.900.000,00
1000024600;Capacitacion champions 2026;HONORARIOS ASESORIA TECNICA;julio;COP; Capacitación champions IA Valor: 46,551,086;EVALUACIÓN Y DESARROLLO INTEGRAL;22/07/2026;SERVICIOS PROFESIO;0
1000024611;MATERIAL PROMOCIONAL EVENTOS;PROMOCION DIVULGACION;julio;COP; MATERIAL PROMOCIONAL PARA EJECUCION DE EVENTO FERIA CACAOTEROS KOEX  PROVEEDOR BARACK PUBLICIDAD S.A.S;GESTIÓN COMERCIAL EVENTOS EXTERNOS;23/07/2026;PUBLIC – MATER POP;114.240,00
1000024586;SUMI E INSTALACION DE SOLAR SCREN OF P10;MANTENIMIENTO MUEBLES Y ENSERES;julio;COP; SERVICIO DE SUMINISTRO E INSTALACION DE SOLAR SCREN PARA OFICINA DIRECCION DE CONTABILIDAD, PROVEEDOR: SECURITY WINDOWS, VALOR:;GESTIÓN DE INFRAESTRUCTURA Y PLANTA FÍSICA;20/07/2026;SRV MTTO INFRAESTR;2.182.460,00
1000024598;CORREC FOTOCELDA ASC CARGA FUNDADORES;MANTENIMIENTO MAQUINARIA Y EQUIPO;julio;COP; SERVICIO DE MANTENIMIENTO CORRECTIVO FOTOCELDA PISO A TECHO DE ASCENSOR DE CARGA EDIFICIO FUNDADORES, PROVEEDOR: SCHINDLER, VAL;GESTIÓN DE INFRAESTRUCTURA Y PLANTA FÍSICA;16/07/2026;SRV MTTO INFRAESTR;2.772.241,00
1000024621;INST DE CHAPAS CAJONERAS SERVICIOS AL ES;MANTENIMIENTO MUEBLES Y ENSERES;julio;COP; SERVICIO SUMINISTRO E INSTALACION DE CHAPAS CAJONERAS ZONA SERVICIOS AL ESTUDIANTE, PROVEEDOR: LLAVES Y CERRADURAS, VALOR: $506;GESTIÓN DE INFRAESTRUCTURA Y PLANTA FÍSICA;20/07/2026;SRV MTTO INFRAESTR;506.940,00
1000024622;ADECUACION MESA BIBLIOTECA PARA SILLA;MANTENIMIENTO MUEBLES Y ENSERES;julio;COP; SERVICIO DE ADECUACION MESA BIBLIOTECA PARA SILLA DE RUEDAS, PROVEEDOR: ICRAM, VALOR: $892.500, CASO:84172;GESTIÓN DE INFRAESTRUCTURA Y PLANTA FÍSICA;20/07/2026;SRV MTTO INFRAESTR;892.500,00
1000024603;CELULAR GALAXY A17 RED;;julio;COP; 3 EQUIPOS CELULARES para fortalecer imagen institucional (High School) PROVEDOR BOOM SIN IVA;CONSULTORIA PRIVADA;16/07/2026;ACTIVOS Y/O EQUIPO;2.009.700,00
1000024607;MURAL BALCÓN. Dimensiones: 231 cm x 257;;julio;COP; MURAL BALCÓN SEÑAL OCUPADO / LIBRE. PROVEEDOR: KATODE;SISTEMA DE GESTIÓN DE LA SEGURIDAD Y SALUD EN EL TRABAJO;21/07/2026;DOTACIÓN Y ELEM. D;663.901,00
1000024604;PERIODICO LA REPUBLICA DR. CARLOS JULIO;SUSCRIPCIONES PERIODICOS Y REVISTAS;julio;COP; renovacion periodico la republica Dr. Carlos Julio;VICERRECTORÍA ADMINISTRATIVA Y FINANCIERA;21/07/2026;IMPRESOS ;490.500,00
1000024602;REFRIGERIOS VAF;ALIMENTOS (DESAYU-REFRIG-ALMUERZO);julio;COP; refrigerios VAF proveedor frutice;VICERRECTORÍA ADMINISTRATIVA Y FINANCIERA;21/07/2026;ASEO Y CAFETERIA ;351.125,00
1000024599;ANTICIPO SUPERINTENDECIA DE IND Y COMERC;TRAMITES LICENCIAS;julio;COP; ANTICIPO PAGO FACTURA SUPERINTENDECIA DE INDUSTRIA Y COMERCIO NIT 800.176.089;CONSULTORIA PRIVADA;28/07/2026;LICENCIAS Y SUBSCR;2.021.000,00
1000024605;CAJA DE ARCHIVO;;julio;COP; Compra de 50 Cajas Ref. X300 Calibre 720 para Biblioteca;BIBLIOTECA;21/07/2026;PAPELERÍA ;476.000,00
1300003381;Tiquete CCYK;PASAJES AEREOS;julio;COP; Tiquete Bogota - Pereira - Bogota, Asmablea CCYK por valor de 720616;GERENCIA DE INTERNACIONALIZACIÓN Y RELACIONES INSTITUCIONALES;17/07/2026;VIAJES;720.614,00
1000024606;Recolección y transporte de residuos apr;TRANSPORTE FLETES ACARREOS;julio;COP; Recolección y transporte de residuos aprovechables julio 2026;GESTIÓN DE CALIDAD Y DE LOS PROCESOS;22/07/2026;SERVICIOS PROFESIO;745.704,00
1000024620;SERV. EVENTO COLOMBIA EXCELENTE;VIGILANCIA;julio;COP; SERVICIO APOYO VIGILANCIA EVENTO COLOMBIA EXCELENTE 15.07.2026;GESTIÓN DE INFRAESTRUCTURA Y PLANTA FÍSICA;21/07/2026;SERVICIOS PROFESIO;277.731,00
1000024612;ADECUACION OFICINA BIBLIOTECA;SERVICIO MANTO. CONSTRUCCIONES Y EDIFICA;julio;COP; DESMONTE Y READECUACIÓN DE PUESTOS DE TRABAJO OFICINA BIBLIOTECA - PROVEEDOR: LLERAS - VALOR:$ 1'155.658;GESTIÓN DE INFRAESTRUCTURA Y PLANTA FÍSICA;20/07/2026;SRV MTTO INFRAESTR;1.155.658,00
1000024624;SUMINISTRO LAMINAS TENSORAS MEROTECA;SERVICIO MANTO. CONSTRUCCIONES Y EDIFICA;julio;COP; SERVICIO DE SUMINISTRO E INSTALACION DE LAMINAS TENSORES PARA MEROTECA, PROVEEDOR: ICRAM, VALOR: $924.630, CASO:84187;GESTIÓN DE INFRAESTRUCTURA Y PLANTA FÍSICA;20/07/2026;SRV MTTO INFRAESTR;924.630,00
1000024625;SERV EMERGENCIA Y AJUSTE PUERTA ENTRADA;SERVICIO MANTO. CONSTRUCCIONES Y EDIFICA;julio;COP; SERVICIO DE EMERGENCIA Y AJUSTE DE NOVEDADES PARA CERTIFICACION DE PUERTA INGRESO VEHICULAR, PROVEEDOR: ICRAM, VALOR: $2.100.35;GESTIÓN DE INFRAESTRUCTURA Y PLANTA FÍSICA;20/07/2026;SRV MTTO INFRAESTR;2.100.350,00
1000024615;TRANSPORTE;TAXIS BUSES;julio;COP; OBSEQUIOS CORPORATIVOS 100 BOLSAS DE CAFE IVA INCLUIDO;GESTIÓN DE COMUNICACIONES Y PUBLICIDAD;03/08/2026;TRANSPORTE ;940.000,00
1000024616;REFRIGERIO EDU CONTINUA;COCTEL - ESTACION (CAFE, AROMATICA, AGUA;julio;COP; Solicitud de Estación de Cafe y refrigerio 21 de julio 2026 SOLICITUD DE EDUCACION CONTINUA PROVEEDOR GRUPO PROMO IVA INCLUIDO;EDUCACIÓN CONTINUADA COMERCIAL;24/07/2026;ALIMENTACION Y REF;1.033.370,00
1000024623;IMPLEMENTACION EVALUACION PROFESORAL 202;;julio;COP; EVALUACION PROFESORAL Proveedor: Startti SAS Supervisor: Oscar Perilla Valor de la compra: $29.264.718 IVA incluido Forma de pa;SISTEMAS DE INFORMACIÓN;24/08/2026;LICENCIAS Y SUBSCR;0
1000024587;FACTURA VANEGAS CAPACITACIÓN;HONORARIOS ASESORIA JURIDICA;julio;COP; FACTURA VANEGAS CAPACITACIÓN NORMATIVIDAD;GESTIÓN JURÍDICA, LEGAL Y PROTECCIÓN DE DATOS PERSONALES;24/07/2026;SERVICIOS PROFESIO;2.083.577,00
1000024614;HONORARIOS COMISIÓN TOPÓGRAFICA CL 72;;julio;COP; PROYECTO CALLE 72  CONTRATISTA ATS  INGENIERÍA GEOMÁTICA OBJETO: SUMINISTRO DE COMISIÓN  DE TOPOGRAFÍA  PARA LA REALIZACIÓ;GESTIÓN DE INFRAESTRUCTURA Y PLANTA FÍSICA;17/07/2026;SERVICIOS PROFESIO;952.000,00
1000024626;SERVI SOFTWARE  MTO FRACTTAL 2026-2027;;julio;COP; Soporte y Servicio por 12 meses de Software de mantenimiento FRACTTAL, para la gestión de activos (integración con SAP), plan;GESTIÓN DE INFRAESTRUCTURA Y PLANTA FÍSICA;22/07/2026;SOFTWARE ;35.016.574,00
1000024617;SERVICIO TRANSPORTE MIEMBROS SALA GENERA;PASAJES TERRESTRES;julio;COP; SEGUN CUENTA DE COBRO No75 SERVICIO DE TRANSPORTE JULIO MIEMBROS SALA GENERAL.;SALA GENERAL;21/07/2026;TRANSPORTE ;6.413.000,00
1300003348;TRANSPORTE;PASAJES TERRESTRES;julio;COP; VIATICOS A NOMBRE DE MARIA DEL PILAR PATIÑO VIAJE A POPAYAN VISITAS CONVENIOS 29 AL 31 DE JULIO;CONSULTORIA PRIVADA;04/08/2026;TRANSPORTE ;900.000,00
1000024630;SERV. ASEO PARA TRASLADO BIBIOTECA;ASEO;julio;COP; SERVICIO DE ASEO PARA EL TRASLADO DE LOS ARCHIVOS DE LA BIBLIOTECA AV.CHILE A NOGAL 22,25 Y 26.05.2026;GESTIÓN DE INFRAESTRUCTURA Y PLANTA FÍSICA;27/07/2026;ASEO Y CAFETERIA ;1.728.274,00
1000024631;SERV. ASEO PARA HEMEROTECA;ASEO;julio;COP; SERVICIO DE ASEO PARA EL TRASLADO DEL ARCHIVO HEMEROTECA BIBLIOTECA AV. CHILE A NOGA 09 Y 11.06.2026;GESTIÓN DE INFRAESTRUCTURA Y PLANTA FÍSICA;27/07/2026;ASEO Y CAFETERIA ;1.152.182,00
1000024627;Suscripción periódico El Tiempo + Portaf;SUSCRIPCION MEDIOS DE INFORMACION;julio;COP; RENOVACIÓN SUSCRIPCIÓN PERIÓDICO EL TIEMPO + PORTAFOLIO X 12 MESES SERVICIO PARA KR 11 #78-47 BIBLIOTECA FORMATO EL TIEMPO I;BIBLIOTECA;22/07/2026;LICENCIAS Y SUBSCR;798.900,00
1300003349;TIQUETES POPAYAN MARIA DEL PILAR;PASAJES AEREOS;julio;COP; TIQUETE A NOMBRE DE MARIA DEL PILAR PATIÑO POPAYAN VIAJE COMERCIAL 29 AL 31 DE JULIO;CONSULTORIA PRIVADA;25/08/2026;VIAJES;579.999,00
1000024609;ARREGLO LIBRO BIOGRAFICA CECILIA CRISIEN;HONORARIOS GESTION DEL CONOCIMIENTO;julio;COP; Proveedor: DGP EDITORES S.A.S BP: 1000011547 Cotizacion 0043161-1 Servicio Profesional: Arreglo Libro Biografía Cecilia Crisie;PUBLICACIONES CIENTIFICAS Y DOCENTES;21/07/2026;SERVICIOS PROFESIO;720.000,00
1000024618;Corrección profesional del libro Una vis;HONORARIOS GESTION DEL CONOCIMIENTO;julio;COP; Proveedor John Fredy Guzmán Corrector de Estilo Profesional CC 1014199894 Cel. 321 388 9098 BP:1000322528 Servicio Profesional;PUBLICACIONES CIENTIFICAS Y DOCENTES;21/07/2026;SERVICIOS PROFESIO;2.626.000,00
1000024632;Capacitación psicologia deportiva;HONORARIOS ASESORIA TECNICA;julio;COP; SOLICITUD DE CASOS Actividad: Consultas Psicología Deportiva Descripción:  Contratación del servicio psicología deportiva p;BIENESTAR UNIVERSITARIO;22/07/2026;SERVICIOS PROFESIO;160.000,00
1000024633;Fisioterapia 2026-2;HONORARIOS ASESORIA TECNICA;julio;COP; SOLICITUD DE CASOS  Actividad:  Consultas de fisioterapia  Descripción:   Contratación del servicio fisioterapia para el prim;BIENESTAR UNIVERSITARIO;22/07/2026;SERVICIOS PROFESIO;4.320.000,00
1000024654;DISEÑO ADAPTACION ESTRUCTURA SILLA;HONORARIOS ASESORIA TECNICA;julio;COP; DISEÑO DE ESTRUCTURA DE PIE PARA BASE SILLA. SE JUSTIFICA INICO PROVEEDOR POR SER FABRICANTE. PROVEEDOR SERIES VALOR $5.408.55;GESTIÓN DE INFRAESTRUCTURA Y PLANTA FÍSICA;23/07/2026;SRV MTTO INFRAESTR;5.408.550,00
1000024644;PELOTA DE TENNIS DE CAMPO TARRO X 3 UND;;julio;COP; SOLICITUD DE CASOS  Actividad:  Pelotas de tenis de campo  Descripción:   Compra de tenis de campo utilizadas en las clases de;BIENESTAR UNIVERSITARIO;31/07/2026;DOTACIÓN Y ELEM. D;1.379.984,00
1000024636;CRISPETAS PARA ESTUDIANTES;ALIMENTOS (DESAYU-REFRIG-ALMUERZO);julio;COP; CRISPETAS PARA INICIO DE CLASES PROVEEDOR: GRUPO PROMO;PROTOCOLO Y GESTIÓN DE EVENTOS INTERNOS;24/07/2026;ALIMENTACION Y REF;6.956.000,00
1000024643;Refrigerios para programa de getores BU;ALIMENTOS (DESAYU-REFRIG-ALMUERZO);julio;COP; SOLICITUD DE CASOS  Actividad:  Refrigerios para reunión inicial gestores  B.U  Descripción:  Servicio de refrigerios para lo;BIENESTAR UNIVERSITARIO;24/07/2026;ALIMENTACION Y REF;250.000,00
1000024652;Refrigerios Reunión docentes Bu;ALIMENTOS (DESAYU-REFRIG-ALMUERZO);julio;COP; SOLICITUD DE CASOS  Actividad:  Refrigerios para reunión inicial docentes B.U  Descripción:  Compra de refrigerios para la re;BIENESTAR UNIVERSITARIO;24/07/2026;ALIMENTACION Y REF;320.000,00
1000024656;AUXILIAR DE SERVICIO;ALIMENTOS (DESAYU-REFRIG-ALMUERZO);julio;COP; CRISPETAS PARA ESTUDIANTES DE POSGRADO, INICIO DE CLASES 25 DE JULIO 2026 PROVEEDOR: GRUPO PROMO;PROTOCOLO Y GESTIÓN DE EVENTOS INTERNOS;27/07/2026;ALIMENTACION Y REF;119.000,00
1000024641;COMPAR DE BONOS PROYECTOS FING;PREMIOS ESTUDIANTES;julio;COP; Compra de bonos proyectos FING;FACULTAD DE INGENIERÍA;04/09/2026;BONOS ;1.094.503,00
1000024635;Pago hablame 12907;INGRESOS TERCEROS;julio;COP; Pago hablame por valor de 12907;GERENCIA DE INTERNACIONALIZACIÓN Y RELACIONES INSTITUCIONALES;29/07/2026;LICENCIAS Y SUBSCR;536.981,00
1000024650;MENBRESIAS PMI GERENCIA DE PROYECTOS;;julio;USD; Se solicita la compra de 170 membresías del PMI (Project Management Institute), destinadas a la asignación de licencias para;FACULTAD DE INGENIERÍA;24/07/2026;LICENCIAS Y SUBSCR;6.290,00
1000024653;LICENCIA CAPCUT X 12 MESES;TRAMITES LICENCIAS;julio;COP; PAGO CON TARJETA PARA LA COMPRA DE LA LICENCIA DE CAPCUT PARA LA GERENCIA IMPACTA POR 12 MESES  EL BP DEL PROVEEDOR ES: 1000312;EAN IMPACTA;24/07/2026;LICENCIAS Y SUBSCR;599.900,00
1300003371;Reserva AAHIUYU - Maria F Rozo;PASAJES AEREOS;julio;COP; Zeppelin Tiquetes Reserva AAHIUYU Maria Fernanda Rozo Correa Bog - Ctg 2 - 6 sep;CONSULTORÍA ESPECIALIZADA;23/07/2026;VIAJES;1.049.192,00
1000024619;Hablame SAE;PROMOCION DIVULGACION;julio;COP; Hablame 1002002094;DIRECCIÓN DE EXPERIENCIA ESTUDIANTIL;29/07/2026;SERVICIOS PROFESIO;536.981,00
1000024640;APOYO EVENTO;SERVICIOS PARA EVENTOS;julio;COP; SOLICITUD DE SERVICIO DE PERSONAL LOGISTICO Y BRIGADISTAS PARA EVENTO EVENTO WOMES OBRA DE TEATRO . PROVEEDOR ADVANTAGE;GESTIÓN COMERCIAL EVENTOS EXTERNOS;23/07/2026;SERVICIOS PROFESIO;678.300,00
1000024642;Fase 1 — Lanzamiento RESPIRA;HONORARIOS ASESORIA TECNICA;julio;COP; CAPACITACIONES PROVEEDOR: ALEJANDRA RANGEL;SISTEMA DE GESTIÓN DE LA SEGURIDAD Y SALUD EN EL TRABAJO;30/08/2026;SERVICIOS PROFESIO;2.000.000,00
1000024655;Branding para la pared de la GE QS Stars;PROMOCION DIVULGACION;julio;COP; Branding para la pared de la GE de los logos de QS Stars;OFICINA DE PROYECTOS PMO;05/08/2026;SERVICIOS PROFESIO;928.200,00
1000024645;MAQUINA HURACAN 2;PROMOCION DIVULGACION;julio;COP; 2 maquins huracan evento 1 de agosto EAN TRANSFORMA proveedor grupo sello valor iva ya incluido;EDUCACIÓN CONTINUADA COMERCIAL;24/07/2026;EVENTOS ;1.993.964,00
1000024637;Stickers aula virtual;PROMOCION DIVULGACION;julio;COP; SOLICITUD DE CASOS Actividad:   Stickers para ingreso a aula virtual Descripción: Diseño y entrega de stickers informativos c;BIENESTAR UNIVERSITARIO;24/07/2026;IMPRESOS ;166.600,00
1000023846;S. VIGILANCIA CALLE 72-2026;;julio;COP; SERVICIO VIGILANCIA -PROYECTO HUMANISE CALLE 72 CONTRATISTA: COLVISEG VIGENCIA:12 MESES AÑO 2026 $ 158.260.959 AÑO 2027 $ 79.;GESTIÓN DE INFRAESTRUCTURA Y PLANTA FÍSICA;24/08/2026;ASEO Y CAFETERIA ;237.432.395,00
1000024638;COLSUBSIDIO;GASTOS DE REPRESENTACION;julio;COP; FACTURAS CONCILIACION DE TC PYC;DIRECCIÓN DE EXTENSIÓN COMERCIAL;24/07/2026;ALIMENTACION Y REF;59.179,00
1000024639;estacion de cafe;ALIMENTOS (DESAYU-REFRIG-ALMUERZO);julio;COP; ESTACION DE CAFE Y ACOMPAÑAMIENTOS VISITA DE DIRECTIVOS DE FENALCO PROVEEDOR DO EAT VIERNS 24 DE JULIO 8 PERSONAS;PREGRADO;24/07/2026;ALIMENTACION Y REF;150.000,00
1000024660;Barra de sodas;ALIMENTOS (DESAYU-REFRIG-ALMUERZO);julio;COP; SERVICIO DE ALMENTO Y BEBIDAS EVENTO GRABACION TIS PRODUCTIONS .PROVEEDO GRUPO PROMO;GESTIÓN COMERCIAL EVENTOS EXTERNOS;24/07/2026;ALIMENTACION Y REF;123.120,00
1000024661;REFRIGERIOS CIERRE CURSO SED;ALIMENTOS (DESAYU-REFRIG-ALMUERZO);julio;COP; Informo la gestión del pedido correspondiente a la adquisición de los refrigerios destinados al curso despertando las capacid;FORMACIÓN A LA MEDIDA;27/07/2026;ALIMENTACION Y REF;645.080,00
1000024646;ASIST MEDICA INTERNACIONAL MIEMBRO SALA;OTROS SERVICIOS;julio;COP; SEGUN FACTURA FECZ83855 ASISTENCIA MEDICA MIEMBRE SALA GENERAL COMISIÓN NEW YORK, HERNANDO JOSE SALAZAR;SALA GENERAL;28/07/2026;VIAJES;279.789,00
1300003364;TIQUETE NACIONAL BOGSJESJEBOG;INGRESOS TERCEROS;julio;COP; TIQUETE NACIONAL BOGSJESJEBOG. ANA KATHERINE DIAZ DURAN.;DIRECCIÓN DE INVESTIGACIONES;29/07/2026;VIAJES;1.151.346,00
1300003365;HOTEL NACIONAL;INGRESOS TERCEROS;julio;COP; Alojamiento SJESJE HOTEL EL AEROPUERTO SAN JOSE DE GUAVIARE, 03/06/2026 - 04/06/2026. ANA KATHERIN DIAZ DURAN.;DIRECCIÓN DE INVESTIGACIONES;29/07/2026;VIAJES;318.266,00
1300003366;HOTEL NACIONAL;INGRESOS TERCEROS;julio;COP; Alojamiento SJESJE ALOJAMIENTO HOTEL EL AEROPUERTO SAN JOSE DEL GUAVIARE ,4/6/2026-5/6/2026. ANA KATHERIN DIAZ DURAN.;DIRECCIÓN DE INVESTIGACIONES;29/07/2026;VIAJES;318.266,00
1300003382;LEGALIZACIÓN FECZ83646;PASAJES AEREOS;julio;COP; LEGALIZACIÓN FECZ83646;RECTORÍA;29/07/2026;VIAJES;755.029,00
1300003383;LEGALIZACIÓN FECZ83884;PASAJES AEREOS;julio;COP; LEGALIZACIÓN FECZ83884;RECTORÍA;29/07/2026;VIAJES;198.570,00
1300003384;LEGALIZACIÓN FECZ83973;INGRESOS TERCEROS;julio;COP; LEGALIZACIÓN FECZ83973;RECTORÍA;29/07/2026;VIAJES;1.037.646,00
1300003385;LEGALIZACIÓN FECZ83974;INGRESOS TERCEROS;julio;COP; LEGALIZACIÓN FECZ83974;RECTORÍA;29/07/2026;VIAJES;1.117.646,00
1300003386;LEGALIZACIÓN FECZ84268;PASAJES AEREOS;julio;COP; LEGALIZACIÓN FECZ84268;RECTORÍA;29/07/2026;VIAJES;837.372,00
1300003387;LEGALIZACIÓN FECZ84773;PASAJES AEREOS;julio;COP; LEGALIZACIÓN FECZ84773;RECTORÍA;29/07/2026;VIAJES;717.182,00
1300003388;LEGALIZACIÓN FECZ84851;PASAJES AEREOS;julio;COP; LEGALIZACIÓN FECZ84851;RECTORÍA;29/07/2026;VIAJES;1.688.397,00
1300003389;Pasaje Bogota Boston;PASAJES AEREOS;julio;COP; Tiquete Andres Felipe Guarnizo Saaavedra Bogota - boston por valor de 1.124.962.;GERENCIA DE INTERNACIONALIZACIÓN Y RELACIONES INSTITUCIONALES;30/07/2026;VIAJES;1.124.958,00
1300003390;TIQUETES VAF;PASAJES AEREOS;julio;COP; TIQUETES AEREOS PUERTO CARREÑO;VICERRECTORÍA ADMINISTRATIVA Y FINANCIERA;29/07/2026;VIAJES;1.735.292,00
1000024559;APOYO EVENTO;SERVICIOS PARA EVENTOS;julio;COP; SOLICITUD DE SERVICIO DE PERSONAL LOGISTICO Y BRIGADISTAS PARA EVENTO EVENTO EVENTO CIERRE Y PANEL CONSTRUCTORA CAPITAL . PROVE;GESTIÓN COMERCIAL EVENTOS EXTERNOS;24/07/2026;SERVICIOS PROFESIO;678.300,00
1000024657;Créditos de carbono;TRAMITES LICENCIAS;julio;COP; Compra para la compensación de 400 toneladas de emisiones del proyecto REED+ PAZcífico Sur;GESTIÓN DE CALIDAD Y DE LOS PROCESOS;28/07/2026;SERVICIOS PROFESIO;3.200.000,00
1000024685;50 PRENSA FRANCESA;PROMOCION DIVULGACION;julio;COP; 50 PRENSAS FRANCESAS PARA CAFE REGALOS COORPORATIVOS CON LOGO IMPRESO PROMO POP IVA INCLUIDO;CONSULTORIA PRIVADA;31/07/2026;INSTITUCIONALES ;2.232.262,00
1000024690;Tenda WiFi Adapter for ShippingDesktop;;julio;USD; Proveedor Amazón BP: 1000254772 Compras:Herramientas y Accesorios 1- Tenda WiFi Adapter for Shipping Desktop PC, AX900 USB WiF;UNIDAD DE DESARROLLO;04/08/2026;ELEM. FERRETERIA C;0
1000024691;Raspberry Pi 5.2GB RAM200+ bought in p;;julio;USD; Proveedor Amazón BP: 1000254772 Compras:Herramientas y Accesorios / Materiales de Laboratorio 1- Creality Hi/K2 Plus Nozzle 0.;UNIDAD DE DESARROLLO;05/08/2026;ELEM. FERRETERIA C;172,86
1000024700;Banner BU;PROMOCION DIVULGACION;julio;COP; SOLICITUD DE CASOS  Actividad:  Compra de banners de información BU  Descripción:  Compra de 5 banners informativos para Bien;BIENESTAR UNIVERSITARIO;28/07/2026;IMPRESOS ;224.315,00
1000024647;REFRIGERIO PYC 31 JULIO;ALIMENTOS (DESAYU-REFRIG-ALMUERZO);julio;COP;;CONSULTORIA PRIVADA;31/07/2026;ALIMENTACION Y REF;3.294.200,00
1000024649;25 DESAYUNOS IA PARA LA ALTA DIRECCION;ALIMENTOS (DESAYU-REFRIG-ALMUERZO);julio;COP; Desayuno a la mesa cierre IA PARA LA ALTA DIRECCIÓN – INST CANCEROLOGICO Desayuno para 25 personas Proveedor – Lebrun S.A.;EDUCACIÓN CONTINUADA PROYECTOS;10/08/2026;ALIMENTACION Y REF;1.533.600,00
1000024671;Barra de sodas;ALIMENTOS (DESAYU-REFRIG-ALMUERZO);julio;COP; SERVICIO DE ALIMENTO Y BEBIDA EVENTO CIERRE Y PANEL CONSTRUCTORA CAPITAL  . PROVEEDOR: GRUPO PROMO;GESTIÓN COMERCIAL EVENTOS EXTERNOS;28/07/2026;ALIMENTACION Y REF;224.640,00
1000024681;SERV. VIGILANCIA GRABACION TELEST;VIGILANCIA;julio;COP; SERVICIO VIGILANCIA APOYO GRABACION TELESET 26.06.2026;GESTIÓN DE INFRAESTRUCTURA Y PLANTA FÍSICA;27/07/2026;ASEO Y CAFETERIA ;733.237,00
1000024682;SERV. VIGILANCIA EVENTO 23.07.2026;VIGILANCIA;julio;COP; SERVICIO VIGILANCIA APOYO INGRESO EVENTO 23.07.2026;GESTIÓN DE INFRAESTRUCTURA Y PLANTA FÍSICA;27/07/2026;ASEO Y CAFETERIA ;165.799,00
1000024683;Barra de sodas;ALIMENTOS (DESAYU-REFRIG-ALMUERZO);julio;COP; SOLICITUD DE SERVICIO DE BEBIDAS ENVENTO SEXTA TEMPORADA PETROVERSO PROVEEDOR GRUPO PROMO;GESTIÓN COMERCIAL EVENTOS EXTERNOS;27/07/2026;ALIMENTACION Y REF;262.440,00
1000024686;35 REFRIGERIOS FARMA;ALIMENTOS (DESAYU-REFRIG-ALMUERZO);julio;COP; 35 REFRIGERIOS PARA EL CIERRE DE INDUSTRIA FARMACÉUTICA.;EDUCACIÓN CONTINUADA PROYECTOS;27/07/2026;ALIMENTACION Y REF;1.317.500,00
1000024687;BEBIDAS CALAZANS;ALIMENTOS (DESAYU-REFRIG-ALMUERZO);julio;COP; Informo la gestión del pedido correspondiente a la adquisición de unas botellas de agua destinados a la consultoría Convenio;CONSULTORIA PRIVADA;29/07/2026;ALIMENTACION Y REF;76.000,00
1000024694;Anticipo alimentación x 300;INGRESOS TERCEROS;julio;COP; Alimentación (almuerzos) Congreso de Juventudes 12 al 15 de octubre de 2026, Manizales – Impacta Rural y Diverso 2026. Prove;EAN IMPACTA;04/09/2026;ALIMENTACION Y REF;0
1000024648;MATERIAL APOYO EXTENSION;;julio;COP; Compra de 3.000 manillas institucionales para actividades y eventos de Extensión y Consultoría.;FORMACIÓN A LA MEDIDA;27/07/2026;MATERIALES REPUEST;1.106.700,00
1000024692;500 Pack Keychain Hooks withKey Rings,;;julio;USD; Proveedor Amazón BP: 1000254772 Compras Materiales de Laboratorio y Herramientas: 1- 500 Pack Keychain Hooks with Key Rings, 2;UNIDAD DE DESARROLLO;05/08/2026;ELEM. LABORATORIO ;147,94
1000024629;PLATAFORMA LEADS DAPTA;PROMOCION DIVULGACION;julio;USD; PLATAFORMA DAPTA IA PARA CAPTAR LEADS SUSCRIPCION 1 MES CARGO SIN IVA PAGO CON TC GERENCIA PYC;CENTRO DE CONTACTO;27/07/2026;LICENCIAS Y SUBSCR;1.499,00
1000024658;Pago artículo de investigación MDÍ;INSCRIPCION EVENTOS NACIONAL - INTERNACI;julio;USD;" Caso mesa de servicios:84665. Publicación artículo de investigación: ""QuEChERS-GC-MS/MS Analysis of Multi-Class Pesticide Re";DIRECCIÓN DE INVESTIGACIONES;27/07/2026;LICENCIAS Y SUBSCR;1.669,42
1000024693;Anticipo hospedaje Hostal 57 SAS;INGRESOS TERCEROS;julio;COP; Anticipo 50% hospedaje Hostal de la 57 – Congreso de Juventudes 12 al 15 de octubre, Manizales – Impacta Rural y Diverso 20;EAN IMPACTA;04/09/2026;VIAJES;0
1300003372;2 Almuerzos y 1 Cena-Jessica P;MANUTENCION;julio;COP; JESSICA RUTH PEÑA TORRES CC: 63.555.368  Transporte aeropuerto Bogotá – Casa Transporte aeropuerto Cali – Hotel Transport;CONSULTORIA PRIVADA;28/07/2026;VIAJES;690.000,00
1300003373;2 Almuerzos y 1 Cena|Brayan A;MANUTENCION;julio;COP; BRAYAN ALEXIS ARIAS MARTÍNEZ CC: 80.031.153  Transporte aeropuerto Bogotá – Casa Transporte aeropuerto Cali – Hotel Trans;CONSULTORIA PRIVADA;28/07/2026;VIAJES;690.000,00
1300003374;ALOJAMIENTO-JESSICA PEÑA|Julio;ALOJAMIENTO;julio;COP; Datos de la Reserva:  Nombre del pasajero: JESSICA RUTH PEÑA TORRES Destino/Hotel: CALI-HOTEL ESTANCIA CHIPICHAPE-901473329 Fe;CONSULTORIA PRIVADA;14/08/2026;VIAJES;327.454,00
1300003375;ALOJAMIENTO-BRAYAN ARIAS|JULIO;ALOJAMIENTO;julio;COP; Datos de la Reserva:  Nombre del pasajero: BRAYAN ALEXIS ARIAS MARTINEZ Destino/Hotel: CALI-HOTEL ESTANCIA CHIPICHAPE-901473329;CONSULTORIA PRIVADA;14/08/2026;VIAJES;327.454,00
1300003376;Tiquetes AAHITFP - JULIO|COMFANDI;PASAJES AEREOS;julio;COP; AAHITFP - TIQUETES IDA Y VUELTA BOGOTÁ - CALI (Comfandi) BRAYAN ALEXIS ARIAS MARTINEZ CC. 80031153 JESSICA RUTH PEÑA TORRES C;CONSULTORIA PRIVADA;14/08/2026;VIAJES;1.079.792,00
1300003377;Tiquetes AAHITMN - Diana|COMFANDI;PASAJES AEREOS;julio;COP; AAHITMN - TIQUETES IDA Y VUELTA BOGOTÁ - CALI (Comfandi) DIANA CAROLINA GUTIERREZ ACOSTA;CONSULTORIA PRIVADA;14/08/2026;VIAJES;411.019,00
1300003378;1 Almuerzo - Diana Gutierrez;MANUTENCION;julio;COP; DIANA CAROLINA GUTIERREZ ACOSTA Transporte aeropuerto Bogotá – Casa Transporte aeropuerto Cali – Evento Gastos de manutenc;CONSULTORIA PRIVADA;28/07/2026;VIAJES;460.000,00
1300003400;Tiquete Boston - Bogota;PASAJES AEREOS;julio;COP; Tiquete Bosto Bogota andres Felipe Guarnizo FAB26 por valor de 1648210;GERENCIA DE INTERNACIONALIZACIÓN Y RELACIONES INSTITUCIONALES;06/08/2026;VIAJES;2.639.005,00
1000024659;Mantenimiento Punto E ;SERVICIO ACCESORIOS Y ELEMEN DECORATIVOS;julio;COP; Diseño y modificación del punto e de la Universidad con plantas tropicales de diferentes alturas, colores y funciones, promov;GESTIÓN DE CALIDAD Y DE LOS PROCESOS;27/07/2026;SERVICIOS PROFESIO;1.640.000,00
1000024670;PAGO ROBINSON MIRANDA;HONORARIOS;julio;COP; PAGO ROBINSON MIRANDA Servicios técnicos para la propagación de material vegetal y el mantenimiento del vivero de la Granja E;RECTORÍA;27/07/2026;SERVICIOS PROFESIO;1.750.000,00
1000024672;DESARMADO CON SELLOS EN ARMARIO CL 71;;julio;COP; PROYECTO CALLE 71 CONTRATISTA SIETE + OBJETO: DESCONEXIÓN ELECTRICA 4 CUENTA TRIFÁSICAS-Cotización No 80726-1C VALOR $ 1.001;GESTIÓN DE INFRAESTRUCTURA Y PLANTA FÍSICA;24/07/2026;SERVICIOS PROFESIO;1.001.287,00
1000024680;Coaching Diana / Oscar;HONORARIOS ASESORIA TECNICA;julio;COP; Coaching Diana / Oscar Valor: 12.209.400 IVA incluido Yupa;EVALUACIÓN Y DESARROLLO INTEGRAL;31/07/2026;SERVICIOS PROFESIO;12.209.400,00
1000024684;APOYO EVENTO;SERVICIOS PARA EVENTOS;julio;COP; SOLICITUD DE PERSONAL DE LOGISTICA PARA SEXTA TEMPORADA PETROVERSO.                 PROVEEDOR ADVANTAGE.;GESTIÓN COMERCIAL EVENTOS EXTERNOS;28/07/2026;SERVICIOS PROFESIO;4.233.306,00
1000024688;Convalidación + Financiera;ESTUDIO DE SEGURIDAD;julio;COP; Factura 11093 ASEC - Julio;SELECCIÓN DEL TALENTO Y CALIDAD DE VIDA;28/07/2026;SERVICIOS PROFESIO;4.780.468,00
1000024689;Oxford Placement Test OPT;BASE DE DATOS;julio;COP; Factura 9780194571548 WISDOM;SELECCIÓN DEL TALENTO Y CALIDAD DE VIDA;24/07/2026;SERVICIOS PROFESIO;0
1000024716;EDTECH JUNIO 2026;HONORARIOS;julio;COP; EDTECH SOLUCIONES DE COLOMBIA SAS 187 solicitudes realizadas en el mes de Junio 2026  c/u 42.490,20;DIRECCIÓN DE RECURSOS FINANCIEROS;30/07/2026;OUTSOURCING ;7.945.667,00
1000024717;FINCOVAL COMISION MAYO 2026;HONORARIOS;julio;COP; FINCOVAL S.A.S. Comisión Gestion cobro Mayo 2026;DIRECCIÓN DE RECURSOS FINANCIEROS;30/07/2026;OUTSOURCING ;1.122.254,00
1000024676;50 REFRIGERIOS-COMFANDI|JULIO;ALIMENTOS (DESAYU-REFRIG-ALMUERZO);julio;COP; Tipo de evento: REFRIGERIOS CENTRO CULTURAL 30 DE JULIO 2026 Consecutivo: LFC-00161476 Fecha de inicio:30/07/2026 Fecha final:3;CONSULTORIA PRIVADA;29/07/2026;ALIMENTACION Y REF;2.881.399,00
1000024713;Manutencion beca PILA 20262;MANUTENCION;julio;COP; SOLPED becario PILA 2026-2 por valor de 9.592.000  correspondiente a alojamiento por valor de 4.796.000 y manutencion por valor;GERENCIA DE INTERNACIONALIZACIÓN Y RELACIONES INSTITUCIONALES;03/08/2026;ALIMENTACION Y REF;9.592.000,00
1000024714;ESTACION DE CAFE VISITA ALIADO;COCTEL - ESTACION (CAFE, AROMATICA, AGUA;julio;COP; ESTACION DE CAFE VISITA ALIADO 27 DE JULIO PROVEEDOR DO EAT NO IVA;PREGRADO;31/07/2026;ALIMENTACION Y REF;80.000,00
1000024673;VALOR TOTAL CARGA;BONOS SODEXHO ;julio;COP; Bono de directores de programa julio de 2026;FACULTAD DE INGENIERÍA;30/07/2026;BONOS ;9.447.765,00
1000024674;L.Sofware - Paquete de Bandadas de Pájar;LICENCIAS Y SOFTWARE;julio;USD; Proveedor: UNITY ASSET STORE. BP: 1000293548 Compra: Licencia de software adquirida en Unity Asset / Paquete de Bandadas de Pá;UNIDAD DE DESARROLLO;31/07/2026;LICENCIAS Y SUBSCR;39
1000024675;L.Sofware - POLYGON - Paquete de efectos;LICENCIAS Y SOFTWARE;julio;USD; Proveedor: UNITY ASSET STORE. BP: 1000293548 Compra: Licencia de software adquirida en Unity Asset Store / POLYGON - Paquete de;UNIDAD DE DESARROLLO;31/07/2026;LICENCIAS Y SUBSCR;49,99
1000024711;L.Sofware - FaceSync - Sincronización la;LICENCIAS Y SOFTWARE;julio;USD; Proveedor: UNITY ASSET STORE. BP: 1000293548 Compra:Liciencia de Sofware FaceSync - Sincronización labial de audio y animació;UNIDAD DE DESARROLLO;30/07/2026;LICENCIAS Y SUBSCR;39,99
1000024712;L.Sofware - PhysioBrush: Física Procedur;LICENCIAS Y SOFTWARE;julio;USD; Proveedor: UNITY ASSET STORE. BP: 1000293548 Compra: Licencia de software adquirida en Unity Asset Store para PhysioBrush: Fís;UNIDAD DE DESARROLLO;31/07/2026;LICENCIAS Y SUBSCR;28,99
1000024715;LICENCIA-LICITACIONES;TRAMITES LICENCIAS;julio;COP;" licencia de la plataforma ""Licitaciones.info"" ANTICIPO renovación bajo el plan de 28 meses por valor de $2.000.000 COP. Datos";DIRECCIÓN DE EXTENSIÓN COMERCIAL;13/08/2026;LICENCIAS Y SUBSCR;2.000.000,00
1000024662;LEGALIZACIÓN FECZ84269;PASAJES AEREOS;julio;COP;;DIRECCIÓN LABORATORIO DE SOSTENIBILIDAD TERRITORIAL;29/07/2026;VIAJES;837.372,00
1000024695;CINTA LED DE ILUMINACIN MLTIPLE;;julio;COP; SOLICITUD DE CASOS  Actividad:  Cinta Led para GYM  Descripción:   Adquisición de cinta LED de iluminación para gimnasio, de;BIENESTAR UNIVERSITARIO;29/07/2026;SERVICIOS PROFESIO;332.724,00
1000024710;Mantenimiento Equilibrio Agosto;HONORARIOS ASESORIA TECNICA;julio;COP; Equipo de mantenimiento y monitoreo para dar servicio a la infraestructura instalada en Azure. Incluye: ➔ Monitoreo Core y Al;EAN X PROYECTOS;27/07/2026;SERVICIOS PROFESIO;4.400.000,00
1000024732;BRANDEO MESA DIRECTIVA;IMPRESOS PUBLICACIONES;julio;COP; BARANDEO MESA DIRECTIVA GRADOS REGIONALES POPAYAN PROVEEDOR: COLOR X;REGIONES;30/07/2026;EVENTOS ;128.520,00
1000024702;SERVI DE CERRAJERIA EDIFICIO LEGACY;SERVICIO MANTO. CONSTRUCCIONES Y EDIFICA;julio;COP; SERVICIO DE ARREGLOS DE CERRAJERIA EDIFICIO LEGACY (CAMBIO DE CHAPAS CAJONERAS, CAMBIO DE CILINDRO SALON L917, CAMBIO CHAPA BOD;GESTIÓN DE INFRAESTRUCTURA Y PLANTA FÍSICA;31/07/2026;SRV MTTO INFRAESTR;1.209.040,00
1000024663;Compra Escáner Sala General;;julio;COP; COMPRA DE SCANER – SALA GENERAL Supervisor: Henry Diaz Proveedor: PROVEXPRESS Valor total de la compra: $3.798.404 IVA inclui;EXPERIENCIA DE USUARIO;03/08/2026;HARDWARE ;3.798.404,00
1000024725;LAGRIMALES DE 1 METRO DE ANCHO POR 2 DE;ALQUILER EQUIPO AUDIOVISUAL;julio;COP; SOLICITUD DE SERVICIO DE EQUIPO AUDIOVISUAL PARA EVENTO FORO VALOR ANALITIK . PROVEEDOR MEDULA;GESTIÓN COMERCIAL EVENTOS EXTERNOS;31/07/2026;ACTIVOS Y/O EQUIPO;1.749.999,00
1000024741;FACTURA SERVIENTREA AGOSTO;CORREO, PORTES Y TELEGRAMAS;julio;COP;;GESTIÓN DOCUMENTAL;01/09/2026;TRANSPORTE ;88.896,00
1300003328;TRANSPORTE;PASAJES TERRESTRES;julio;COP; VIATICOS PRA GRADOS EN LA CIUDAD DE POPAYAN NARLLY FARFAN;PROTOCOLO Y GESTIÓN DE EVENTOS INTERNOS;30/07/2026;TRANSPORTE ;630.000,00
1300003329;TRANSPORTE;PASAJES TERRESTRES;julio;COP; VIATICOS PRA GRADOS EN LA CIUDAD DE POPAYAN CESAR ORTEGA;PROTOCOLO Y GESTIÓN DE EVENTOS INTERNOS;30/07/2026;TRANSPORTE ;280.000,00
1300003410;TRANSPORTE;PASAJES TERRESTRES;julio;COP; VIATICOS PRA GRADOS EN LA CIUDAD DE POPAYAN FABIAN DIAZ;PROTOCOLO Y GESTIÓN DE EVENTOS INTERNOS;30/07/2026;TRANSPORTE ;1.110.000,00
1000024724;botellas agua tapa negra segun referenci;ALQUILER MUEBLES ENSERES;julio;COP; SERVICIO DE ALQUILER DE MOVILIARIO PARA EL EVENTO FORO VALOR ANALITIK, CON EL PROVEEDOR SANTAELLA.;GESTIÓN COMERCIAL EVENTOS EXTERNOS;30/07/2026;MUEBLES Y ENSERES ;2.345.830,00
1000024664;DIPLOMAS Y CALIGRAFIAS EXTENSION;;julio;COP; SERVICIO AUROS MES DE JULIO PARA PAGO EN AGOSTO: PROGRAMA DE GRADO COHORTE 3 Y 4 - CORPADEIN - LÍNEA 10 TRADING E INVERSIONES;EDUCACIÓN CONTINUADA PROYECTOS;24/08/2026;IMPRESOS ;7.241.125,00
1000024678;WZ01753 Impresiones Aris Mining;;julio;COP; Auros Orden WZ01753 Orden WZ01777;CONSULTORÍA ESPECIALIZADA;24/08/2026;IMPRESOS ;7.241.125,00
1000024726;MANILLAS. Dimensiones: 19 cm x 1,9 cm. M;DIGITALIZACION EMPASTE;julio;COP; SOLICITUD DE BACKINGS PARA EVENTO FORO VALOR ANALITIK , PROVEERDOR KATODE.;GESTIÓN COMERCIAL EVENTOS EXTERNOS;03/08/2026;IMPRESOS ;220.150,00
1000024730;VOLANTES SECTOR SALUD;PROMOCION DIVULGACION;julio;COP; VOLANTE. Dimensiones: Media carta 21,5 cm x 14 cm. Impresión litográfica sobre papel propalcote 150 gr. 4x4 (Dos caras). 500;REGIONES;03/08/2026;IMPRESOS ;289.170,00
1000024699;Barra de sodas;ALIMENTOS (DESAYU-REFRIG-ALMUERZO);julio;COP; SERVICIO DE ALIMENTO Y BEBIDA EVENTO FORO VALOR ANALITIK PROVEEDOR: GRUPO PROMO;GESTIÓN COMERCIAL EVENTOS EXTERNOS;29/07/2026;ALIMENTACION Y REF;421.200,00
1000024719;Desayuno OKR Institucional 2026 lideres;ALIMENTOS (DESAYU-REFRIG-ALMUERZO);julio;COP; Desayuno OKR Institucional 2026 con lideres de la Universidad Ean;REGISTROS CALIFICADOS Y ACREDITACIÓN;29/07/2026;ALIMENTACION Y REF;1.371.825,00
1000024679;2 SELLOS COORDINACION DE ALIANZAS;SERVICIOS AUROS;julio;COP; sello con datos de contacto Coordinación de Alianzas VALOR IVA INCLUIDO;PREGRADO;03/08/2026;PAPELERÍA ;153.034,00
1000024677;POLIZA CUMPLIMIENTO FAMISANAR;CUMPLIMIENTO;julio;COP; póliza de cumplimiento Famisanar LG2755 POLIZA 1505004363001 SEGUROS BOLIVAR;DIRECCIÓN DE EXTENSIÓN COMERCIAL;31/07/2026;SEGUROS;250.652,00
1000024722;MANILLAS PARA AUDITORIOS;;julio;COP; COMPRA DE MANILLAS PARA EVENTOS 2026-2 PROVEEEDOR:BARACK;PROTOCOLO Y GESTIÓN DE EVENTOS INTERNOS;30/07/2026;GRADOS Y EVENTOS ;7.746.900,00
1000024733;HOSPEDAJE GRADOS POPAYAN;ALOJAMIENTO;julio;COP; HOSPEDAJE PARA TRES PERSONAS EN LA CIUDAD DE POPAYAN POR GRADOS PROVEEDOR: HOTEL EL RECUERDO;REGIONES;13/08/2026;VIAJES;1.128.000,00
1300003327;TIQUETES POPAYAN;PASAJES AEREOS;julio;COP; TIQUETES AEREOS GRADOS EN LA CIUDAD DE POPAYAN;REGIONES;05/08/2026;VIAJES;2.338.686,00
1300003411;GASTOS VIAJE MEDELLIN;PASAJES TERRESTRES;julio;COP; GASTOS VIAJE ANDRES OTALORA MEDELLIN 31 DE JULIO EVENTO: ACOMPAÑAMIENTO ISA SOSTENIBILIDAD 2026;RECTORÍA;29/07/2026;VIAJES;130.000,00
1000024720;APOYO EVENTO;SERVICIOS PARA EVENTOS;julio;COP; SOLICITUD DE SERVICIO DE PERSONAL LOGISTICO Y BRIGADISTAS PARA EVENTO FORO VALOR ANALITIK PROVEEDOR ADVANTAGE;GESTIÓN COMERCIAL EVENTOS EXTERNOS;29/07/2026;SERVICIOS PROFESIO;518.840,00
1000024721;OPERADOR PUNTOS ELECTRICO;SERVICIOS PARA EVENTOS;julio;COP; SOLICITUD DE SERVICIO DE AUDIOVISUAL PARA EVENTO FORO VALOR ANALITIK  PROVEEDOR CAMILO PINZON.;GESTIÓN COMERCIAL EVENTOS EXTERNOS;29/07/2026;SERVICIOS PROFESIO;1.020.000,00
1000024723;TRUSS DE 2 MTS;ALQUILER EQUIPO AUDIOVISUAL;julio;COP; SOLICITUD DE SERVICIO DE AUDIOVISUAL PARA EVENTO FORO VALOR ANALITIK PROVEEDOR NEXTPRO.;GESTIÓN COMERCIAL EVENTOS EXTERNOS;31/07/2026;SERVICIOS PROFESIO;4.581.500,00
1000024727;Auditoria Carbono Neutro;TRAMITES LICENCIAS;julio;COP; Auditoria Carbono Neutralidad por Icontec que se desarrollará en el último trimestre del año para las sedes Nogal, Laborator;GESTIÓN DE CALIDAD Y DE LOS PROCESOS;05/08/2026;SERVICIOS PROFESIO;19.560.625,00
1000024728;SUSCRIPCION RENOVACION PORTAFOLIO FUNDAD;SUSCRIPCIONES;julio;COP; SEGUN COTIZACION No.5230935446205 renovación suscripción protrafolio doctor Alfonso Crissien Fundador.;SALA GENERAL;28/07/2026;SERVICIOS PROFESIO;473.900,00
1000024731;CENTROS DE MESA;SERVICIO ACCESORIOS Y ELEMEN DECORATIVOS;julio;COP;" ""MOTIVO: CENTROS DE MESA - CENTRO COLOMBO CHINO PROVEEDOR: SANTAELLA VALOR TOTAL: 585.500""";FACULTAD DE HUMANIDADES Y CIENCIAS SOCIALES;29/07/2026;SERVICIOS PROFESIO;585.500,00
1000024743;Paneles Solares beca BBVA;INGRESOS TERCEROS;julio;COP; Anticipo para compra de paneles solares de los estudaintes de beca BBVA por valor de 19.605.000;GERENCIA DE INTERNACIONALIZACIÓN Y RELACIONES INSTITUCIONALES;30/07/2026;SERVICIOS IT ;19.605.000,00
1000024704;Compra 120 paquetes de café event CC;ALIMENTOS (DESAYU-REFRIG-ALMUERZO);julio;COP; Amablemente solicito la generación de la orden de compra correspondiente a la producción de 120 paquetes de cafe como estrate;RECTORÍA;31/07/2026;EVENTOS ;2.700.000,00
1000024735;PATA INTERMEDIA VERA CON MESA DERECHA;MANTENIMIENTO MUEBLES Y ENSERES;julio;COP; Adecuación de pata intermedia con mesa derecha Custom Titan para 50 sillas existentes en el au-ditorio Orígenes de la Univers;GESTIÓN DE INFRAESTRUCTURA Y PLANTA FÍSICA;18/08/2026;SRV MTTO INFRAESTR;44.863.000,00
1000024750;CORRECTIVO ESCALONES ORIGENES;SERVICIO MANTO. CONSTRUCCIONES Y EDIFICA;julio;COP; SERVICIO DE CORRECTIVO ESCALONES AUDITORIO ORIGENES, PROVEEDOR: LLERAS, VALOR: $1.852.627, CASO:84965;GESTIÓN DE INFRAESTRUCTURA Y PLANTA FÍSICA;04/08/2026;SRV MTTO INFRAESTR;1.852.627,00
1000024752;ADECUCAION DETECTORES DE HUMO CONSULTORI;SERVICIO MANTO. CONSTRUCCIONES Y EDIFICA;julio;COP; SERVICIO DE ADECUACION DETECTORES DE HUMO CONSULTORIOS DE PSICOLOGIA PISO 7 FUNDADORES, PROVEEDOR: AMARICAM ALARM, VALOR: $4.33;GESTIÓN DE INFRAESTRUCTURA Y PLANTA FÍSICA;03/08/2026;SRV MTTO INFRAESTR;4.337.309,00
1000024760;CORRECTIVOS SECADORES DE MANOS;SERVICIO MANTO. CONSTRUCCIONES Y EDIFICA;julio;COP; SERVICIO DE MANTENIMIENTO CORRECTIVO SECADORES DE MANOS EDIFICIO FUNDADORES, PROVEEDOR: CONSERVEMOS, VALOR: $600.355, CASO:8499;GESTIÓN DE INFRAESTRUCTURA Y PLANTA FÍSICA;31/07/2026;SRV MTTO INFRAESTR;600.355,00
1000024761;MTTO PREVENTIVO LOCKERSD GIM;SERVICIO MANTO. CONSTRUCCIONES Y EDIFICA;julio;COP; SERVICIO DE MANTENIMIENTO PREVENTIVO LOCKERS GIMNASIO, PROVEEDPR: MULTIDISEÑOS, VALOR: $333.200, CASO:84995;GESTIÓN DE INFRAESTRUCTURA Y PLANTA FÍSICA;31/07/2026;SRV MTTO INFRAESTR;333.200,00
1000024762;CAMBIO TAPETE OFICINA GERENTE GENERAL;SERVICIO MANTO. CONSTRUCCIONES Y EDIFICA;julio;COP; SERVICIO DE CAMBIO DE ALFOMBRA OFICINA GERENTE GENERAL, PROVEEDOR: RCA, VALOR: $5.946.183, CASO: 85005;GESTIÓN DE INFRAESTRUCTURA Y PLANTA FÍSICA;04/08/2026;SRV MTTO INFRAESTR;5.946.183,00
1000024763;ADECUACION TOMAS Y RED EAN ACTIVA;SERVICIO MANTO. CONSTRUCCIONES Y EDIFICA;julio;COP; SERVICIO DE ADECUACION TOMAS ELECTRICAS Y PUNTOS DE RED PARA MAQUINAS EAN ACTIVA, PROVEEDOR: SIETE+, VALOR: $2.331.223, CASO:85;GESTIÓN DE INFRAESTRUCTURA Y PLANTA FÍSICA;04/08/2026;SRV MTTO INFRAESTR;2.331.224,00
1000024764;INSTALACION DUCTO PIRALU OF GERENTE RH;MANTENIMIENTO MAQUINARIA Y EQUIPO;julio;COP; SERVICIO DE SUMINISTRO E INSTALACION DUCTO DE DESCARGA PIRALU OFICINA GERENTE DE RECURSOS HUMANOS, PROVEEDOR: CLIMANTE, VALOR:;GESTIÓN DE INFRAESTRUCTURA Y PLANTA FÍSICA;03/08/2026;SRV MTTO INFRAESTR;1.074.094,00
1000024588;TRANSPORTE;TRANSPORTE FLETES ACARREOS;julio;COP; Proveedor: MAQUINAS DE CONFECCION AG SAS NIT: 900.835.284 Objeto de la compra: Adquisición de maquinaria especializada para co;CONTRATACIÓN PÚBLICA;30/07/2026;TRANSPORTE ;230.350.032,00
1000024651;TRANSPORTE;TRANSPORTE FLETES ACARREOS;julio;COP; Adquisición de kits e insumos para procesos de formación, incluyendo herramientas de medición, patronaje, confección, marro;CONTRATACIÓN PÚBLICA;30/07/2026;TRANSPORTE ;63.925.200,00
1000024734;BROCHURS;IMPRESOS PUBLICACIONES;julio;COP; BROCHURS EDUCACION CONTINUA EVENTO EAN TRANSFORMA Impresión: Litográfica Tamaño final: 18.1 x 23 cms. Tintas: 4 x 4 Material;EDUCACIÓN CONTINUADA COMERCIAL;30/07/2026;IMPRESOS ;1.535.100,00
1000024708;SERV. VIGILANCIA GRABACION T18.07.2026;VIGILANCIA;julio;COP; SERVICIO VIGILANCIA APOYO GRABACION TIS PRODUCCIONES 18.07.2026;GESTIÓN DE INFRAESTRUCTURA Y PLANTA FÍSICA;31/07/2026;ASEO Y CAFETERIA ;120.077,00
1000024736;ESTACION DE CAFE;COCTEL - ESTACION (CAFE, AROMATICA, AGUA;julio;COP; estacion de cafe evento EXPO EAN POSGRADOS 30 de julio proveedor grupo promo iva incluido;POSGRADO;30/07/2026;ALIMENTACION Y REF;1.543.000,00
1000024738;ESTACION DE CAFE EAN TRANSFORMA;COCTEL - ESTACION (CAFE, AROMATICA, AGUA;julio;COP; ESTACION DE CAFE EVENTO EAN TRANSFORMA PROVEEDOR GRUPO PROMO IVA INCLUIDO;EDUCACIÓN CONTINUADA COMERCIAL;31/07/2026;ALIMENTACION Y REF;4.336.600,00
1000024739;COCTEL PASABOCAS DULCES Y SALADOS Y VINO;ALIMENTOS (DESAYU-REFRIG-ALMUERZO);julio;COP; COCTEL PARA LA CEREMONIA DE GRADOS EN POPAYAN. PROVEEDOR: GRACE;REGIONES;03/08/2026;ALIMENTACION Y REF;3.660.000,00
1000024729;SUSCRIPCION ENVATO;SUSCRIPCIONES;julio;USD; SUSCRIPCION Plan IA Envato - Equipo de diseño;PUBLICIDAD;31/07/2026;LICENCIAS Y SUBSCR;187,77
1000024744;Kit de elementos becarios BBVA;INGRESOS TERCEROS;julio;COP; Pago de: Extension electrica, regularo de tension, sillas plasticas y cajas organizadoras para los becarios de la beca BBVA por;GERENCIA DE INTERNACIONALIZACIÓN Y RELACIONES INSTITUCIONALES;30/07/2026;PAPELERÍA ;1.503.565,00
1000024751;LICENCIA LOVABLE X 12 MESES;TRAMITES LICENCIAS;julio;COP; LICENCIA LOVABLE X 12 MESES  BP -1000358322 doc 32-0749731 LOVABLE LADS INCORPORRATED;EAN IMPACTA;03/08/2026;LICENCIAS Y SUBSCR;1.674.578,00
1000024703;POLIZAS PSICOLOGIA 2026-2;SEGURO ESTUDIANTIL;julio;COP;" ""MOTIVO: Polizas en Psicologia para estudiantes de práctica 2026-2 PROVEEDOR: 1000000302 ASEGURADORA SOLIDARIA DE COLOMBIA E V";FACULTAD DE HUMANIDADES Y CIENCIAS SOCIALES;30/07/2026;SEGUROS;570.050,00
1000024737;MAESTRO DE CEREMONIA GRADOS;GRADOS;julio;COP; SERVICIO DE MAESTRO DE CEREMONIA, GRADOS 31 DE JULIO 2026 (1 SESION) PROVEEDOR: GABRIELA DIAZ SALAZAR;REGIONES;03/08/2026;GRADOS Y EVENTOS ;340.000,00
1300003367;Tiquete internacional - Andres Guarnizo;PASAJES AEREOS;julio;COP; Compra de tiquete aéreo a Boston para el docente Wilken Rodríguez.;DIRECCIÓN DE INVESTIGACIONES;31/08/2026;VIAJES;3.520.225,00
1300003401;Tiquetes WEEF 3 estudiantes;PASAJES AEREOS;julio;COP; Tiquetes Bogota Cartagena Bogota WEEF (World Engineering Education Forum)para 3 personas por valor de 1.963.398;GERENCIA DE INTERNACIONALIZACIÓN Y RELACIONES INSTITUCIONALES;03/08/2026;VIAJES;1.963.407,00
1300003402;Tiquete WEEF 1 estudainte;PASAJES AEREOS;julio;COP; Tiquete Bogota Cartagena Bogota WEEF para una estudiante que regresa un día antes;GERENCIA DE INTERNACIONALIZACIÓN Y RELACIONES INSTITUCIONALES;03/08/2026;VIAJES;523.212,00
1000024742;ASESORIA SECRET SALUD - PSICOLOGIA;HONORARIOS ASESORIA TECNICA;julio;COP;" ""MOTIVO: ASESORÍA TECNICA SECRETARIA DE SALUD - APERTURA DEL CAP PROVEEDOR: 1000328102 - SANCHEZ LOPEZ LIZ MAYID VALOR: 200.00";FACULTAD DE HUMANIDADES Y CIENCIAS SOCIALES;30/07/2026;SERVICIOS PROFESIO;200.000,00
1000024709;Inscripcipon de Eventos;INSCRIPCION EVENTOS NACIONAL - INTERNACI;julio;COP; Inscripción de particiipación al  XX ENCUENTRO NACIONAL Y VIII INTERNACIONAL DE PRÁCTICAS MEDELLÍN 2026, el cual se desarro;PRÁCTICAS PROFESIONALES Y TRABAJOS DE GRADO;31/07/2026;EVENTOS ;1.096.200,00
1000024753;CORRECTIVO TUBERIA BAÑO DAMAS LP1;SERVICIO MANTO. CONSTRUCCIONES Y EDIFICA;julio;COP; SERVICIO DE CORRECTIVO EN FISURA DE TUBERIA PVC BAÑO DAMAS LP1, PROVEEDOR: LLERAS, VALOR: $695.853, CASO:85040;GESTIÓN DE INFRAESTRUCTURA Y PLANTA FÍSICA;03/08/2026;SRV MTTO INFRAESTR;695.853,00
1000024773;TRANSPORTE;TRANSPORTE FLETES ACARREOS;julio;COP; Contratación de EVENTOS LEBRUN S.A.S. (NIT 901250873-3) para prestación de servicios de coffee break en la Rueda de Negocios;CONTRATACIÓN PÚBLICA;04/08/2026;TRANSPORTE ;4.773.120,00
1000024754; TUBO LED T5 16W 6500K PHILIPS;;julio;COP; SUMINISTRO DE LUMINRIAS T5 PHILIPS PARA EDIFICIO FUNDADORES, PROVEEDOR: RUSINEKE, VALOR: $4.355.400, CASO:85083;GESTIÓN DE INFRAESTRUCTURA Y PLANTA FÍSICA;03/08/2026;ELEM. FERRETERIA C;4.355.400,00
1000024765;FLEXOMETRO 8M STANLEY;;julio;COP; SUMINISTRO MATERIALES DE FERRETERIA PARA TALLER DE MANTENIMIENTO MES JULIO COT 3052, PROVEEDOR: FERRETERIA LA 73, VALOR: $2.338;GESTIÓN DE INFRAESTRUCTURA Y PLANTA FÍSICA;03/08/2026;ELEM. FERRETERIA C;2.338.598,00
1000024745;COMPRA 5 BONOS H&M;PREMIOS - BONOS;julio;COP; compra de cinco (5) bonos de regalo de H<(>&<)>M, cada uno por valor de $100.000, para un total de $500.000.  La adquisición d;EDUCACIÓN CONTINUADA PROYECTOS;21/08/2026;BONOS ;500.000,00
1000024771;Alojamiento en Cali - JCALDERON;ALOJAMIENTO;julio;COP; Alojamiento para evento IV Congreso Internacional de Biblioteca CIBIC Ciudad Cali Colaborador Jacqueline Calderón Rojas Fecha;BIBLIOTECA;06/08/2026;ARRENDAMIEN Y ALQU;0
1000024665;Otro si 10 OPS 2330 Mejoras y Evolutivos;;julio;COP; Otro si 10 OPS 2330 Mejora y Evolutivos SAP Supervisor: Luz H Pineda Proveedor: Consultoría Organizacional Valor de la compra:;PROYECTOS TECNOLÓGICOS;04/08/2026;LICENCIAS Y SUBSCR;0
1000024706;POLIZA DIADF;SEGUROS POLIZAS CUMPLIMIENTO;julio;COP; POLIZA proceso 201-COGFM DIADF 2026 1505005249101 SEGUROS BOLIVAR;DIRECCIÓN DE EXTENSIÓN COMERCIAL;30/07/2026;SEGUROS;83.300,00
1000024770;Tiquetes para Cali evento CIBIC;PASAJES AEREOS;julio;COP; Tiquetes para asistir al Congreso Internacional de Biblioteca CIBIC 2026 Destino Bogotá a Cali el 11 agosto en la mañana y Re;BIBLIOTECA;25/08/2026;VIAJES;474.922,00
1300003391;PASAJ TERREST RUBERTH 31 JUL AL 01 AGO;PASAJES TERRESTRES;julio;COP; NOMBRE DEL PROFESOR: PEREZ MARIN RUBERTH ALEXANDER CC: 75077266 UNIDAD DE ESTUDIO: POP INICIATIVA Y EMPREND SOSTENIBLE M5G2 FEC;FACULTAD DE ADMINISTRACION;30/07/2026;VIAJES;1.125.000,00
1300003403;Tiquetes  II Congreso Internacional de I;PASAJES AEREOS;julio;COP; compra tiquetes bogotá bucaramanga bogotá para  II Congreso Internacional de Ingeniería por valor de 1935784 por 3 estudiant;GERENCIA DE INTERNACIONALIZACIÓN Y RELACIONES INSTITUCIONALES;31/08/2026;VIAJES;1.935.788,00
1000024755;Acciones de construcción de paz desde la;HONORARIOS GESTION DEL CONOCIMIENTO;julio;COP; Proveedor: JUAN CARLOS VELÁSQUEZ SÁNCHEZ RUT: 80227806 BP: 1000011348 Servicio Profesionas: Corrección de estilo 1- REAN_99.;PUBLICACIONES CIENTIFICAS Y DOCENTES;03/08/2026;SERVICIOS PROFESIO;1.570.580,00
1000024772;Diseño editorial portafolio SBN;INGRESOS TERCEROS;julio;COP; Diseño de portafolio de soluciones basadas en la naturaleza (SBN) y desarrollo de Landing page - proyecto Territorio vivo  Pro;RECTORÍA;31/07/2026;SERVICIOS PROFESIO;7.497.000,00
1000024756;LICENCIAS Vidnoz;LICENCIAS Y SOFTWARE;julio;USD; Vidnoz WISE REWARD LTD EIN: 99-2583655 5900 BALCONES DRIVE SUITE 100 AUSTIN, TX 78731  Vidnoz AI - Plan de negocios anual de 36;MEDIACIONES DIDÁCTICAS;11/08/2026;SOFTWARE ;1.600,00
1000024766;TRANSPORTE X 2;TRANSPORTE FLETES ACARREOS;julio;COP; La presente contratación se realiza en el marco del Convenio CAR-CONV-ASO-3120-2024, suscrito entre la Corporación Autónoma;CONTRATACIÓN PÚBLICA;04/08/2026;TRANSPORTE ;3.475.000,00
1000024759;207 títulos con 338 accesos;;julio;COP;" Renovación suscripción ""Biblioteca digital Ediciones de la U"" Suscripción anual durante el periodo 14 Agosto 2026 al 13 Agos";BIBLIOTECA;13/08/2026;LIBROS ELECTRONICO;20.300.280,00
1000024778;STAND Expo estudiantes;ALQUILER STAND - CARPAS;julio;COP; STAND EXPO ESTUDIANTES STRUKTUR SEPTIEMBRE IVA INCLUIDO;POSGRADO;28/08/2026;INSTITUCIONALES ;24.990.000,00
1000024780;Chaquetas para Biblioteca;ACTIV CULTURALES CIVICAS Y DEPORTIVAS;julio;COP; Compra de chaquetas institucionales para Biblioteca en color gris con negro;BIBLIOTECA;20/08/2026;DOTACIÓN Y ELEM. D;1.571.038,00
1000024666;DIPLOMAS Y CALIGRAFIAS EXTENSION;;julio;COP; IMPRESIÓN DIGITAL EN VINILO ADHESIVO;EDUCACIÓN CONTINUADA PROYECTOS;04/08/2026;IMPRESOS ;464.100,00
1000024757;DIPLOMAS Y CALIGRAFIAS EXTENSION;;julio;COP; SERVICIOS AUROS MES JULIO PARA PAGO EN AGOSTO;FORMACIÓN A LA MEDIDA;24/08/2026;IMPRESOS ;7.241.125,00
1000024776;SERV. VIGILANCIA EVENTO ONIC;VIGILANCIA;julio;COP; SERVICIO VIGILANCIA APOYO EVENTO ONIC 30.07.2026;GESTIÓN DE INFRAESTRUCTURA Y PLANTA FÍSICA;03/08/2026;ASEO Y CAFETERIA ;192.098,00
1000024777;gasto cancelacion de bonos;OTROS SERVICIOS;julio;COP; coreccion ordenes de compra duplicadas bonos BIG PASS;VICERRECTORÍA ADMINISTRATIVA Y FINANCIERA;31/07/2026;BONOS ;94.032,00
1000024746;Licencia Sofware ZLZ Anime Shader;LICENCIAS Y SOFTWARE;julio;USD; Proveedor: UNITY ASSET STORE. BP: 1000293548 Compra:Liciencia de Sofware ZLZ Anime Shader Valor: 54,99 USD;UNIDAD DE DESARROLLO;31/07/2026;LICENCIAS Y SUBSCR;54,99
1000024747;Licencias Sofware POLYGONPaquete de tien;LICENCIAS Y SOFTWARE;julio;USD; Proveedor: UNITY ASSET STORE. BP: 1000293548 Compra:  Liciencia de POLYGONPaquete de tiendas Arte de Synty Valor: 199,99;UNIDAD DE DESARROLLO;31/07/2026;LICENCIAS Y SUBSCR;199,99
1000024758;Renovación suscripción SIBILA 2026;SUSCRIPCIONES BASES DE DATOS;julio;COP; Renovación de suscripción anual de SIBILA 2026 a 2027 Periodo de suscripción: 16 de octubre 2026 al 15 de octubre 2027 Forma;BIBLIOTECA;01/09/2026;LICENCIAS Y SUBSCR;5.843.250,00
1000024775;POLIZA CUMPLIMIENTO FAMISANAR;CUMPLIMIENTO;julio;COP; Póliza Contrato CONSULTORÍA No. CO 3103 - ANDI Póliza a la cual accede N°:1540132643601;DIRECCIÓN DE EXTENSIÓN COMERCIAL;31/07/2026;SEGUROS;142.243,00
1000024774;Capacitacion Paula Latorre 2026;HONORARIOS ASESORIA TECNICA;julio;COP; Formacion Flujo de caja Colaboradora: Paula Latorre Valor: $1.116.368;EVALUACIÓN Y DESARROLLO INTEGRAL;10/08/2026;SERVICIOS PROFESIO;1.116.368,00
1000024781;APOYO EVENTO;SERVICIOS PARA EVENTOS;julio;COP; SOLICITUD DE SERVICIO DE PERSONAL LOGISTICO Y BRIGADISTAS PARA EVENTO EVENTO NUEVO COMPRADOR - CAMACOL . PROVEEDOR ADVANTAGE;GESTIÓN COMERCIAL EVENTOS EXTERNOS;04/08/2026;SERVICIOS PROFESIO;2.303.840,00
1000024784;Servicio limpieza y desinfección Bibliot;OTROS SERVICIOS;julio;COP; Servicio de Limpieza y desinfección para el control de microorganimos nocivos en el material bibliográfico de la Biblioteca U;BIBLIOTECA;18/08/2026;SERVICIOS PROFESIO;0
1000024164;¿Qué Prefieres Ser: Empresario Joven O E;;junio;COP; Compra de libros electrónicos por accesos relacionados en el acta de compra 003 de 2026. Proveedor Ediciones de la U. Periodo;BIBLIOTECA;02/06/2026;LIBROS ELECTRONICO;1.365.000,00
1000024163;SUMINISTRO E INSTALACIÓNBACKING;SERVICIOS PARA EVENTOS;junio;COP; SOLICITUD DE BACKINGS PARA EVENTO FINTECH. PROVEERDOR KATODE.;GESTIÓN COMERCIAL EVENTOS EXTERNOS;05/06/2026;IMPRESOS ;2.460.000,00
1000024195;Guida per stranieri alla letteratura ita;;junio;COP; Compra libros impresos de italiano para Biblioteca relacionado en Acta 003 2026 Proveedor Lenguas Modernas Editores Contacto Mi;BIBLIOTECA;03/06/2026;LIBROS ;1.536.000,00
1000024197;SEÑALES. Dimensiones: Ancho 79,13 cm x A;PROMOCION DIVULGACION;junio;COP; SOLICITUD DE CASOS Actividad:  Avisos para uso de servicio médico y atención psicosocial Descripción: Avisos informativos di;BIENESTAR UNIVERSITARIO;02/06/2026;IMPRESOS ;376.257,00
1000024147;Alimentación equipo logistico mesas de a;ALIMENTOS (DESAYU-REFRIG-ALMUERZO);junio;COP; Alimentación equipo logistico mesas de autoevaluación Renovación Acreditación Institucional;OFICINA DE PROYECTOS PMO;03/06/2026;ALIMENTACION Y REF;939.600,00
1000024183;Auxiliar de servicio;SERVICIOS PARA EVENTOS;junio;COP; ADICIONALES DE SERVICIO DE ALIMENTACIÓN EVENTO CONEXIÓN 2026 CANAL UNO .PROVEEDOR GRUPO PROMO.;GESTIÓN COMERCIAL EVENTOS EXTERNOS;02/06/2026;ALIMENTACION Y REF;642.600,00
1000024196;REFRIGERIO;COCTEL - ESTACION (CAFE, AROMATICA, AGUA;junio;COP; Solicitud Café visita Policía 3 de junio  cotización y gestión de un servicio de café y amasijos para un espacio que tend;PREGRADO;02/06/2026;ALIMENTACION Y REF;200.000,00
1000024199;CONCILIACION TC;GASTOS DE REPRESENTACION;junio;COP; CONCILIACION TARJETA DE CREDITO GASTO REPRESENTACION MISTRAL;CONSULTORIA PRIVADA;04/06/2026;ALIMENTACION Y REF;160.939,00
1000024179;MANTENIMIENTO BALANZAS DE LABORATORIO;MANTENIMIENTO MAQUINARIA Y EQUIPO;junio;COP; Mantenimiento balanzas de laboratorio Proveedor: Dimssa SAS BP: 1000275067;LABORATORIOS DE INGENIERÍA;03/06/2026;ELEM. LABORATORIO ;3.998.400,00
1000024184;Balon rotavapor N/S 29/32 250ml;;junio;COP; Balones de evaporación esmerilados Proveedor: Química Vital SAS BP: 1000356047;LABORATORIOS DE INGENIERÍA;03/06/2026;ELEM. LABORATORIO ;633.913,00
1000024200;MANTENIMIENTO PLANCHAS DE CALENTAMIENTO;MANTENIMIENTO MAQUINARIA Y EQUIPO;junio;COP; Mantenimiento  planchas de calentamiento, turbidimetro y baterias Proveedor: Dimssa SAS BP: 1000275067;LABORATORIOS DE INGENIERÍA;03/06/2026;ELEM. LABORATORIO ;3.355.800,00
1000024198;POLIZA CONVENIO CAR;SEGUROS  POLIZAS;junio;COP; pólizas Convenio CAR-CONV-ASO-3120-2024 EAN LIBERTY SEGUROS;DIRECCIÓN DE EXTENSIÓN COMERCIAL;02/06/2026;SEGUROS;1.099.080,00
1300003283;Aloja. Argentina x Fredy Reyes;ALOJAMIENTO;junio;COP; Pago por Reserva de Alojamiento en el hotel Argenta Suites Belgrano, para FREDY JAVIER REYES NEGRETE, quien viajó a Buenos Air;GERENCIA DE INTERNACIONALIZACIÓN Y RELACIONES INSTITUCIONALES;16/06/2026;VIAJES;2.387.465,00
1300003284;Tqte a Leticia-Fabricio Ferreira;PASAJES AEREOS;junio;COP; Compra de TIQUETE para FABRICIO DE SOUZA FERREIRA y SOFIA MORRAYE, quienes viajarían a Leticia, Amazonas - Colombia, para real;GERENCIA DE INTERNACIONALIZACIÓN Y RELACIONES INSTITUCIONALES;16/06/2026;VIAJES;2.452.492,00
1300003285;Tqte a China x Adriana P. Martínez;PASAJES AEREOS;junio;COP; Compra de TIQUETE para ADRIANA PAOLA MARTINEZ VARGAS, quien se desplazó a Shanghai - China, del 18 al 27 de mayo de 2026, para;GERENCIA DE INTERNACIONALIZACIÓN Y RELACIONES INSTITUCIONALES;16/06/2026;VIAJES;7.154.096,00
1300003286;5 Tqtes x Barranquilla-ACOFI 2026;PASAJES AEREOS;junio;COP; Compra de 5 TIQUETES para el Prof. LEONARDO ANDRES PEREZ CORTES y los Est. MARIA JOSE BARBOSA ESTUPINAN, MARIA ALEJANDRA ROZO A;GERENCIA DE INTERNACIONALIZACIÓN Y RELACIONES INSTITUCIONALES;16/06/2026;VIAJES;5.745.280,00
1300003287;Tqte. a Miami-Jeffrey León P.;PASAJES AEREOS;junio;COP; Compra de TIQUETE para JEFFREY LEON PULIDO quien viajó a Miami, Florida - EEUU, para participar en la celebración de los 20 a;GERENCIA DE INTERNACIONALIZACIÓN Y RELACIONES INSTITUCIONALES;16/06/2026;VIAJES;2.402.229,00
1300003288;3 Tqtes x Pereira-ACOFI 2026;PASAJES AEREOS;junio;COP; Compra de 3 TIQUETES para el Prof. JOSE ALEXANDER FUENTES MONTOYA y las Est. LINA JULIANA RAMIREZ SANCHEZ y ANNY LINSDEY SANDOV;GERENCIA DE INTERNACIONALIZACIÓN Y RELACIONES INSTITUCIONALES;16/06/2026;VIAJES;1.459.263,00
1000024146;PLATAFORMA INFORMA COLOMBIA;HONORARIOS ASESORIA TECNICA;junio;COP; SERVICIO CONSULTA PLATAFORMA INFORMA COLOMBIA POR 12 MESES  Valor $ 29.773.800;GESTIÓN DE INFRAESTRUCTURA Y PLANTA FÍSICA;01/06/2026;SERVICIOS PROFESIO;29.773.800,00
1000024203;STICKERS;IMPRESOS PUBLICACIONES;junio;COP; STICKERS CON DISEÑO: Dimensiones: 8 cm x 8 cm. Impresión digital sobre vinilo adhesivo blanco, tintas UV. Corte de contorno e;PERMANENCIA ESTUDIANTIL;03/06/2026;IMPRESOS ;329.504,00
1000024204;PENDON;IMPRESOS PUBLICACIONES;junio;COP; ROLLUP PORTA PENDÓN - TIPO 01. Dimensiones: 1 m x 2 m. Estructura retráctil en aluminio. Incluye maletín sencillo. Impresió;PERMANENCIA ESTUDIANTIL;03/06/2026;IMPRESOS ;298.928,00
1000024148;Refrigerios VAF;ALIMENTOS (DESAYU-REFRIG-ALMUERZO);junio;COP; refrigerios para evento entrega de chaquetas y desayunos despedida de personal de recursos financieros proveedor frutice;VICERRECTORÍA ADMINISTRATIVA Y FINANCIERA;03/06/2026;ALIMENTACION Y REF;1.320.565,00
1000024201;compra de refrigerios;ALIMENTOS (DESAYU-REFRIG-ALMUERZO);junio;COP; compra de refrigerios Evento retos )hackathon a cargo de Jaime Reyes   con la caferteria del 6 piso del edificio legacy  doeato;VICERRECTORÍA DE INNOVACIÓN ACADÉMICA;03/06/2026;ALIMENTACION Y REF;164.800,00
1000024202;Refrigerios Salida Empresarial - Semille;ALIMENTOS (DESAYU-REFRIG-ALMUERZO);junio;COP; Caso mesa de servicios: 81524. Refrigerios Salida Empresarial 05 de junio / 2026. Costo $12.500 bebida en botella de vidrio, co;DIRECCIÓN DE INVESTIGACIONES;04/06/2026;ALIMENTACION Y REF;472.500,00
1000024165;Solución electrolítica oxígeno (30 ml);;junio;COP; Solución electrolítica oxígeno (30 ml) - HANNA Proveedor: Química Vital SAS BP: 1000356047;LABORATORIOS DE INGENIERÍA;17/06/2026;ELEM. LABORATORIO ;198.730,00
1000024210;BONOS ACTIVACION EAN VIRTUAL;PROMOCION DIVULGACION;junio;COP; TARJETA REGALO BANO DE ACTIVACION EAN VIRTUAL DISFRAZ MELI BIGPASS;PREGRADO;02/06/2026;BONOS ;255.977,00
1000024167;RENOVACION DATASPHERE LICENCIAS SAC 2026;;junio;USD; RENOVACION DATASPHERE Y LICENCIAS SAC 2026  Supervisor: Yerly García  Proveedor: MQA BUSINESS CONSULTANTS S.A.S  Valor de la c;ANALYTICA;17/06/2026;LICENCIAS Y SUBSCR;0
1300003229;Tiquetes Barranquilla ENEIQ;PASAJES AEREOS;junio;COP; Tiquetes Bogota - Barranquilla - Bogota para ENEIQ por valor de 3.951.936 para los estudiantes: Esteban aldemar, Michael Peña,;GERENCIA DE INTERNACIONALIZACIÓN Y RELACIONES INSTITUCIONALES;18/06/2026;VIAJES;3.951.948,00
1300003300;Pasaje Alejandro Kerpel Newyork;PASAJES AEREOS;junio;COP; Tiquete Aejandro Kerpel a Newyork por valor de 4.789.216.;GERENCIA DE INTERNACIONALIZACIÓN Y RELACIONES INSTITUCIONALES;18/06/2026;VIAJES;4.789.217,00
1000024166;Liquidación de regalías del 01 de ener;GASTOS DE REGALIAS;junio;COP; Liquidación de regalías del 01 de enero de 2025 a 31 de diciembre de 2025 correspondiente a la venta de 110 libros de la ob;PUBLICACIONES CIENTIFICAS Y DOCENTES;09/06/2026;SERVICIOS PROFESIO;1.576.292,00
1000024206;Agencia de Marketing LCSOLARTE;PROMOCION DIVULGACION;junio;USD; Esta propuesta tiene los siguientes objetivos a cumplir: Servir como agencia interna de EAN X para el manejo de su marketing en;EAN X PROYECTOS;26/08/2026;SERVICIOS PROFESIO;65.000,00
1000024207;MTTO. Y REVERDERIZACION MATERAS CANOPY;SERVICIO MANTO. CONSTRUCCIONES Y EDIFICA;junio;COP; MANTENIMIENTO Y REVERDERIZACION ZONAS MATERAS CANOPY URBANO  Valor $9.612.000 Proveedor Nucleo Ambiental;GESTIÓN DE INFRAESTRUCTURA Y PLANTA FÍSICA;09/06/2026;SRV MTTO INFRAESTR;6.000.000,00
1000024208;ASI Y MTTO JARDINES CANOPY Y EXTERIORES;SERVICIO MANTO. CONSTRUCCIONES Y EDIFICA;junio;COP; MANTENIMIENTO Y ASISTENCIA TECNICA DE LOS JARDINES UBICADOS EN EL CANNOPY URBANO Y ZONAS EXTERIORIORES CAMPUS NOGAL, PLANTAS Y;GESTIÓN DE INFRAESTRUCTURA Y PLANTA FÍSICA;12/06/2026;SRV MTTO INFRAESTR;22.800.000,00
1000024209;Transporte 05/Junio;TAXIS BUSES;junio;COP; Caso mesa de servicios:81645. Visita Empresarial BANCO DE LA REPUBLICA. Personas: 35. Fecha: Viernes 5 de junio de 2026. Recorr;DIRECCIÓN DE INVESTIGACIONES;04/06/2026;TRANSPORTE ;700.000,00
1000024211;CABIFY RECTORIA MAYO 2026;TAXIS BUSES;junio;COP; SERVICIO DE TRANSPORTE CABIFY DEL MES MAYO PARA PAGO EN JUNIO POR VALOR DE $1.753.670. LAS ÁREAS SON: RECTORIA, INNOVACIONTRAN;GESTIÓN DE INFRAESTRUCTURA Y PLANTA FÍSICA;09/06/2026;TRANSPORTE ;1.753.670,00
1000024230;PENDONES MAESTRIAS;PROMOCION DIVULGACION;junio;COP;  PENDÓN TIPO ARAÑA - TIPO DE LUJO. Dimensiones: 100 cm x 200 cm. Impresión digital sobre banner mate blackout con ojaletes.;PREGRADO;17/06/2026;INSTITUCIONALES ;835.622,00
1000024232;PAUTA SAPIENCIA;PROMOCION DIVULGACION;junio;COP; PAUTA SAPIENCIA;REGIONES;24/06/2026;INSTITUCIONALES ;6.000.000,00
1000024233;PAUTA GOBERNACION DE CUNINAMARCA;PROMOCION DIVULGACION;junio;COP; PAUTA GOBERNACION DE CUNDINAMARCA;REGIONES;16/06/2026;INSTITUCIONALES ;2.000.000,00
1000024213;Almuerzo gourmet;ALIMENTOS (DESAYU-REFRIG-ALMUERZO);junio;COP; SOLICITUD ADICXIONAL DE SERVICIO DE BEBIDAS ENVENTO QS Quacquarelli Symonds   PROVEEDOR GRUPO PROMO.;GESTIÓN COMERCIAL EVENTOS EXTERNOS;09/06/2026;ALIMENTACION Y REF;2.003.535,00
1000024223;ADICIONALES GRADOS ALMUERZO;ALIMENTOS (DESAYU-REFRIG-ALMUERZO);junio;COP; ADICIONALES DE GRADOS ALIMENTOS PROVEEDOR: GRUPO PROMO;PROTOCOLO Y GESTIÓN DE EVENTOS INTERNOS;04/06/2026;ALIMENTACION Y REF;148.620,00
1000024222;NINHIDRINA;;junio;COP; Compra de reactivos para laboratorio Proveedor: Auros Químicos Ltda BP: 1000011817;LABORATORIOS DE INGENIERÍA;17/06/2026;ELEM. LABORATORIO ;643.876,00
1000024221;VALOR CARGA;PROMOCION DIVULGACION;junio;COP; RECARGA PROMOTORES MES MAYO BIGPASS;EDUCACIÓN CONTINUADA COMERCIAL;04/06/2026;BONOS ;5.229.539,00
1000024231;Pago artículo de investigación MDPI;INSCRIPCION EVENTOS NACIONAL - INTERNACI;junio;USD;" Caso mesa de servicios:81667. Publicación artículo de investigación:  ""Green Chemistry and Computational Energy Analysis for";DIRECCIÓN DE INVESTIGACIONES;04/06/2026;LICENCIAS Y SUBSCR;2.762,66
1000024168;SEGURO DE CONSTRUCCIÓN CL 71;;junio;COP; POLIZA SEGURO DE CONSTRUCCIÓN Póliza No.: 034001033856 VALOR ASEGURADO $10.569.488.213 VIGENCIA  DESDE  05 DE MAYO DE  2026 H;GESTIÓN DE INFRAESTRUCTURA Y PLANTA FÍSICA;03/06/2026;SEGUROS;17.608.768,00
1000024169;SEGURO DE CONSTRUCCIÓN CL 72;;junio;COP; SEGURO CONSTRUCCIÓN PÓLIZA NO.: 034001033865 VALOR ASEGURADO: $78.969.135.337 VIGENCIA: DESDE EL 05 DE MAYO DE 2026 HASTA EL;GESTIÓN DE INFRAESTRUCTURA Y PLANTA FÍSICA;03/06/2026;SEGUROS;75.178.615,00
1000024220;SEGURO DE RESPONSABILIDAD CIVIL E. CL 72;;junio;COP; SEGURO DE RESPONSABILIDAD CIVIL EXTRACONTRACTUAL PÓLIZA NO.: 013001070644 VALOR ASEGURADO: $10.000.000.000 VIGENCIA: DESDE EL;GESTIÓN DE INFRAESTRUCTURA Y PLANTA FÍSICA;04/06/2026;SEGUROS;26.577.871,00
1000024212;Juzgamiento deportivo futsala un solo ar;ACTIV CULTURALES CIVICAS Y DEPORTIVAS;junio;COP; SOLICITUD DE CASOS Actividad: Juzgamiento Torneos Internos Descripción: Pago de juzgamiento de los torneos internos de fútbol;BIENESTAR UNIVERSITARIO;03/06/2026;SERVICIOS PROFESIO;2.235.900,00
1000024224;SERV. VIGILANCIA EVENTO BANCO INTERAMERI;VIGILANCIA;junio;COP; SERVICIO APOYO VIGILANCIA EVENTO BANCO INTERAMERICANO;GESTIÓN DE INFRAESTRUCTURA Y PLANTA FÍSICA;05/06/2026;SERVICIOS PROFESIO;393.832,00
1000024225;SERV. VIGILANCIA GRABACION GUAYACAN ESTU;VIGILANCIA;junio;COP; SERVICIO VIGILANCIA APOYO GRABACION GUAYACAN ESTUDIOS;GESTIÓN DE INFRAESTRUCTURA Y PLANTA FÍSICA;05/06/2026;SERVICIOS PROFESIO;522.547,00
1000024226;SERV. ASEO EVENTO BIME;ASEO;junio;COP; SERVICIO ASEO APOYO EVENTO BIME;GESTIÓN DE INFRAESTRUCTURA Y PLANTA FÍSICA;05/06/2026;SERVICIOS PROFESIO;1.927.645,00
1000024235;RENOVACION LW X 12 MESES;;junio;USD; Renovación proveedor LEARNWORLDS por 8388 USD, por el monto no va a comité de compras. Caso No. 81228 En 2022 se adelantó el;EAN X PROYECTOS;19/06/2026;ACTIVOS Y/O EQUIPO;8.388,00
1000024244;SERVICIO DE TRANSPORTE;TRANSPORTE PERSONAS;junio;COP; TRANSPORTE A EVENTOS Municipio de Tabio: 05 de junio Colegio Gabriel Echavarría, Madrid: 19 de junio RUTANSCOL;PREGRADO;05/06/2026;TRANSPORTE ;450.000,00
1000024243;ACIDO NITRICO AAL 65%;INGRESOS TERCEROS;junio;COP; Creación de caso:81726. Compra de proyecto externo: Biomonitoreo de metales. ACIDO NITRICO AAL 65% PEROXIDO DE HIDROGENO AL 30;DIRECCIÓN DE INVESTIGACIONES;05/06/2026;ELEM. LABORATORIO ;800.275,00
1000024228;Membresía NDLTD 2026;LICENCIAS Y SOFTWARE;junio;USD; Afiliación a la membresía Networked Digital Library of Theses and Dissertations (NDLTD)para el año 2026. El pago se realiza;BIBLIOTECA;12/06/2026;LICENCIAS Y SUBSCR;300
1000024240;Conciliacion TC ITAU GOOGLE MAY;AVISOS Y PROPAGANDA;junio;COP; Conciliación TC 1474 ITAÚ Pauta Google Ads mayo;EAN X PROYECTOS;09/06/2026;LICENCIAS Y SUBSCR;670.899,00
1000024241;Conciliacion TC ITAU TICTOK PROM MAY;AVISOS Y PROPAGANDA;junio;COP; Conciliación TC 1474 ITAÚ Pauta TIKTOK PROMOTE Mayo;EAN X PROYECTOS;09/06/2026;LICENCIAS Y SUBSCR;333.136,00
1000024242;Conciliacion TC ITAU FACEBOOK MAY;AVISOS Y PROPAGANDA;junio;COP; Conciliación TC 1474 ITAÚ FACEBOOK Mayo;EAN X PROYECTOS;09/06/2026;LICENCIAS Y SUBSCR;7.942.626,00
1000024246;CERTIFICADO JUNTA CENTRAL DE CONTADORES;TRAMITES LICENCIAS;junio;COP; TRAMITE CERTIFICADOS JUNTA CENTRAL DE CONTADORES ANTICIPO Se requiere la compra de dos (2) certificados, uno correspondiente a;DIRECCIÓN DE EXTENSIÓN COMERCIAL;09/06/2026;LICENCIAS Y SUBSCR;90.000,00
1000024227;libro Humanise Guía para un“maker” sob;HONORARIOS GESTION DEL CONOCIMIENTO;junio;COP;" Ella Johanna Suárez Pérez BP: 1000174330 RUT 52.424.219-5 Servicio:Libro Humanise. Guía para un ""maker"" sobre cómo construi";PUBLICACIONES CIENTIFICAS Y DOCENTES;05/06/2026;SERVICIOS PROFESIO;3.372.800,00
1000024234;APOYO EVENTO;SERVICIOS PARA EVENTOS;junio;COP; SOLICITUD DE PERSONAL DE LOGISTICA PARA QUINTA TEMPORADA PETROVERSO.                 PROVEEDOR ADVANTAGE.;GESTIÓN COMERCIAL EVENTOS EXTERNOS;24/06/2026;SERVICIOS PROFESIO;2.964.290,00
1000024236;CONSTRUCTION MONTH 6;;junio;USD; HEATHERWICK ADITIONAL CONSTRUCTION-MONTH 6 $22.157 DOLARES AMERICANOS Activo: 130000002 10600801  CONSTRUCCIONES EN CURSO 16150;GESTIÓN DE INFRAESTRUCTURA Y PLANTA FÍSICA;10/06/2026;SERVICIOS PROFESIO;22.157,00
1000024245;PROMOTOR BUCARAMANGA;PROMOCION DIVULGACION;junio;COP; PROMOTOR FERIA BUCARAMANGA *Suministro de personal promotor jornada de 8 horas.;REGIONES;05/06/2026;SERVICIOS PROFESIO;297.203,00
1000024214;VARIADOR FRECUENCIA ASCENSOR 3 FUNDADORE;MANTENIMIENTO MAQUINARIA Y EQUIPO;junio;COP; SERVICIOS MTTO CORRECTIVO - CAMBIO DE VARIADOR DE VELOCIDAD DEL ASCESNSOR N° 3 SCHINDLER DEL EDIFICIO FUNDADORES  Se justifica;GESTIÓN DE INFRAESTRUCTURA Y PLANTA FÍSICA;09/06/2026;SRV MTTO INFRAESTR;19.779.078,00
1000024170;BROCHURES REGIONAL;PROMOCION DIVULGACION;junio;COP;  VOLANTE. Dimensiones: Media carta 21,5 cm x 14 cm. Impresión litográfica sobre papel propalcote 150 gr. 4x0 (una cara). 15.0;REGIONES;05/06/2026;INTERNACIONALES ;2.011.100,00
1000024185;MIC. SHURE TECHO SALA JUNTAS PISO 10;;junio;COP; SUMINISTRO E INSTALACION DE MICROFONO SHURE DE TECHO PARA SALA DE JUNTAS PISO 10 - SALA GENERAL  Valor $22.133.160 Proveedor In;GESTIÓN DE INFRAESTRUCTURA Y PLANTA FÍSICA;09/06/2026;ACTIVOS Y/O EQUIPO;22.133.160,00
1000024216;EASY TAXI RECTORIA MAYO 2026 IVA;TAXIS BUSES;junio;COP; SERVICIO DE TRANSPORTE EASY TAXI DEL MES DE MAYO PARA PAGO EN JUNIO POR VALOR DE $6.785.889. LAS ÁREAS SON: RECTORIA, DR-EAN-S;GESTIÓN DE INFRAESTRUCTURA Y PLANTA FÍSICA;19/06/2026;TRANSPORTE ;6.785.889,00
1000024247;CONCILIACION TC MISTRAL;GASTOS DE REPRESENTACION;junio;COP; CONCILIACION TC GASTOS DE REPRESENTACION VARIOS PROVEEDORES;DIRECCIÓN DE EXTENSIÓN COMERCIAL;09/06/2026;ALIMENTACION Y REF;434.086,00
1000024249;REFRIGERIO;GASTOS DE REPRESENTACION;junio;COP; refrigerio reunión con la Agencia Logística del Ministerio de Defensa grupo promo;DIRECCIÓN DE EXTENSIÓN COMERCIAL;09/06/2026;ALIMENTACION Y REF;281.000,00
1000024188;Pago ISB-Liderando un futuro resiliente.;OTROS SERVICIOS;junio;COP; Proveedor Cámara Colombiana del Libro NIT 860.006.601 BP: 1000011607 Servicio: Pago correspondiente a la adquisición del ISBN;PUBLICACIONES CIENTIFICAS Y DOCENTES;09/06/2026;LICENCIAS Y SUBSCR;81.599,00
1000024248;SUSCRIPCION LOVABLE;BASE DE DATOS;junio;USD; SUSCRIPCION LATAFORMA LOVABLE PAGO CON TC;GESTIÓN DE COMUNICACIONES Y PUBLICIDAD;28/07/2026;LICENCIAS Y SUBSCR;25,87
1000024215;POLIZA SERIEDAD;SEGUROS POLIZAS CUMPLIMIENTO;junio;COP; POLIZA Solicitud Garantía de Seriedad COLSUBSIDIO- Proceso No. CE-05-215-26 UNIVERSIDAD Ean;DIRECCIÓN DE EXTENSIÓN COMERCIAL;09/06/2026;SEGUROS;250.030,00
1300003236;DLosada_Manutención;MANUTENCION;junio;COP; Gastos de viaje Danny Mauricio Losada Franco Medellín - Bogotá 12 de junio;CONSULTORÍA ESPECIALIZADA;11/06/2026;VIAJES;380.000,00
1300003237;Reserva AAHBHAX - Danny Losada;PASAJES AEREOS;junio;COP; Zeppelin Tiquetes Reserva AAHBHAX Danny Mauricio Losada Franco Med - Bog;CONSULTORÍA ESPECIALIZADA;18/06/2026;VIAJES;526.168,00
1300003259;VIATICOS ALEJO CARREÑO A PC 17.06;INGRESOS TERCEROS;junio;COP; VIATICOS PARA ALEJANDRO RIAÑO IDENTIFICACO CON CC 1073248492, PARA DAR CUMPLIMIENTO A LA MISIÓN COMERCIAL EAN ORINOQUIA EN PU;RECTORÍA;11/06/2026;VIAJES;475.000,00
1300003301;Tiquetes Barranquilla ENEIQ;PASAJES AEREOS;junio;COP; Compra de tiquetes a barranquila para estudaintes ENEIQ por valor de 2.115.784.;GERENCIA DE INTERNACIONALIZACIÓN Y RELACIONES INSTITUCIONALES;18/06/2026;VIAJES;2.115.792,00
1300003310;VIATICOS JORGE PEREZ A PC 17.06;INGRESOS TERCEROS;junio;COP; VIATICOS PARA JORGE PEREZ IDENTIFICACO CON CC 79614153, PARA DAR CUMPLIMIENTO A LA MISIÓN COMERCIAL EAN ORINOQUIA EN PUERTO CA;RECTORÍA;11/06/2026;VIAJES;475.000,00
1000024186;Patente No. NC2022/0007770 (Nuestra Ref.;HONORARIOS ASESORIA TECNICA;junio;COP; Anticipo al 100% Proveedor: Olarte Moure <(>&<)> Asociados BP: 1000353526 Pago ante la SIC UNIVERSIDAD EAN Propuesta de Servici;UNIDAD DE INNOVACIÓN Y TRANSFERENCIA;17/06/2026;SERVICIOS PROFESIO;2.065.649,00
1000024187;Validación y verificación de las observa;HONORARIOS GESTION DEL CONOCIMIENTO;junio;COP; Proveedor: Pablo Agustín Farfán Moreno Cédula de ciudadanía: 1.015.449.866 BP: 1000229763 Correo electrónico: pablo.farfan;PUBLICACIONES CIENTIFICAS Y DOCENTES;09/06/2026;SERVICIOS PROFESIO;1.700.000,00
1000024250;REFRIGERIOS AM;ALIMENTOS (DESAYU-REFRIG-ALMUERZO);junio;COP; COTIZACIÓN GRUPO PROMO | Junio 10 y 11 TOTAL CON IMPUESTOS -$5.358.850;FORMACIÓN A LA MEDIDA;08/06/2026;ALIMENTACION Y REF;0
1000024282;Casa Lolita - alquiler casa;INGRESOS TERCEROS;junio;COP; Pago alquiler casa Lolita Evento: Pride Fest 2026 Pago de alquiler por los dos dias del evento valor total: 16.707.600 IVA INCL;RECTORÍA;17/06/2026;EVENTOS ;16.707.600,00
1000024287;HONORARIOS EVENTO;OTROS SERVICIOS;junio;COP; Evento: PRIDE FEST 2026 Pago de diferentes servicios requeridos para este evento. Valor total:13.798.114 IVA INCLUIDO PROVEEDOR;RECTORÍA;17/06/2026;EVENTOS ;14.399.000,00
1000024261;SIEMBRA CESPED Y REVERDE JARDINERA 12;SERVICIO MANTO. CONSTRUCCIONES Y EDIFICA;junio;COP; SIEMBRA DE CESPED, REVERDERIZACION Y ARREGLO ZONA JARDINES CARRERA 12;GESTIÓN DE INFRAESTRUCTURA Y PLANTA FÍSICA;10/06/2026;ACTIVOS Y/O EQUIPO;5.000.000,00
1000024285;AUTO TAXI PREGRADO 2026 MAYO IVA;TAXIS BUSES;junio;COP; SERVICIOS AUTOTAXI MES DE MAYO PARA PAGO EN JUNIO 2026 POR VALOR DE $1.537.880, LAS ÁREAS QUE UTILIZARON EL SERVICIO FUERON PE;GESTIÓN DE INFRAESTRUCTURA Y PLANTA FÍSICA;10/06/2026;TRANSPORTE ;1.537.880,00
1000024253;Vestuario para mujer pantalon confeccion;;junio;COP; SOLICITUD DE CASOS Actividad: Vestuario de salsa Descripción: Adquisición de vestuario de salsa destinado a presentaciones ar;BIENESTAR UNIVERSITARIO;11/06/2026;DOTACIÓN Y ELEM. D;2.720.000,00
1000024252;Barra de sodas;ALIMENTOS (DESAYU-REFRIG-ALMUERZO);junio;COP; SOLICITUD DE SERVICIO DE BEBIDAS ENVENTO QUINTA TEMPORADA PETROVERSO PROVEEDOR GRUPO PROMO..;GESTIÓN COMERCIAL EVENTOS EXTERNOS;10/06/2026;ALIMENTACION Y REF;0
1000024255;CONCILIACION TC BOUTIQUE DE LAS CARNES;GASTOS DE REPRESENTACION;junio;COP; CONCILIACION TC GASTO DE REPRESENTACION GRUPO BDC SAS BOUTIQUE DE LAS CARNES;DIRECCIÓN DE EXTENSIÓN COMERCIAL;23/06/2026;ALIMENTACION Y REF;281.889,00
1000024288;REFRIGERIO TALLER POLINIZANDO;OTROS SERVICIOS;junio;COP; TALLER POLINIZANDO NUESTRO FUTURO EANISTA ALIMENTOS COLSUBSIDIO;CONSULTORIA PRIVADA;17/07/2026;ALIMENTACION Y REF;1.107.999,00
1000024256;SUMINISTRO DE FILTRO DE AGUA PARA NEVERA;MANTENIMIENTO MAQUINARIA Y EQUIPO;junio;COP; Mantenimiento correctivo nevera digital LG Proveedor: Dimssa SAS BP: 1000275067;LABORATORIOS DE INGENIERÍA;19/06/2026;ELEM. LABORATORIO ;148.750,00
1000024286;ALQUILER DE BOLOS Y ZAPATOS;OTROS SERVICIOS;junio;COP; TALLER POLINIZANDO NUESTRO FUTURO EANISTA-ALQULER DE BOLOS Y ZAPATOS COLSUBSIDIO;CONSULTORIA PRIVADA;17/07/2026;ARRENDAMIEN Y ALQU;1.107.999,00
1000024290;Membresía anual ADTC 26;LICENCIAS Y SOFTWARE;junio;COP; COMPRA DE MEMBRESIA DEEPTECH COLOMBIA POR UN VALOR TOTAL DE $7.504.140 SUMANDO 4 SOLPED'S 1000024160, 1000024161, 1000024290 y;DIRECCIÓN DE INVESTIGACIONES;19/06/2026;LICENCIAS Y SUBSCR;7.504.139,00
1300003320;GVargas_Pasajes terrestres;PASAJES TERRESTRES;junio;COP; Gastos de viaje Gustavo Adolfo Vargas Urrego Pereria - 13 de junio;CONSULTORÍA ESPECIALIZADA;11/06/2026;VIAJES;120.000,00
1000024251;CONTROL INSECTOS  VOLADORES Y RASTREROS;OTROS SERVICIOS;junio;COP; PROYECTO CALLE 72 ASUNTO: AS  EN FUMIGACIONES  S.A.S OBJETO: CONTROL DE ROEDORES Y  CONTROL DE INSECTOS VOLADORES VALOR$ 650.00;GESTIÓN DE INFRAESTRUCTURA Y PLANTA FÍSICA;01/07/2026;SERVICIOS PROFESIO;650.000,00
1000024254;BRANDEO COLOMBOCHINO;SERVICIO ACCESORIOS Y ELEMEN DECORATIVOS;junio;COP;" ""MOTIVO: BRANDEO DE NUEVO CENTRO COLOMBO CHINO OCTAVO PISO LEGACY FECHA: 18 DE JUNIO PROVEEDOR: KATODE - BP: 1000011959 VALOR:";FACULTAD DE HUMANIDADES Y CIENCIAS SOCIALES;09/06/2026;SERVICIOS PROFESIO;4.219.845,00
1000024260;Mantenimiento Equilibrio Junio;HONORARIOS ASESORIA TECNICA;junio;COP; Equipo de mantenimiento y monitoreo para dar servicio a la infraestructura instalada en Azure. Incluye: ➔ Monitoreo Core y Al;EAN X PROYECTOS;17/06/2026;SERVICIOS PROFESIO;4.400.000,00
1000024270;CONVALIDACIÓN + FINANCIERA;ESTUDIO DE SEGURIDAD;junio;COP; ASEC PAGO JUNIO;SELECCIÓN DEL TALENTO Y CALIDAD DE VIDA;09/06/2026;SERVICIOS PROFESIO;4.395.265,00
1000024280;Revista EAN Marcación de artículos XML +;HONORARIOS GESTION DEL CONOCIMIENTO;junio;COP; Proveedor William Leonardo Jimenez BP: 1000192817 Servicio Profesional: Cotización: Marcación de artículos XML + HTML De acu;PUBLICACIONES CIENTIFICAS Y DOCENTES;12/06/2026;SERVICIOS PROFESIO;12.600.000,00
1000024281;Libro Humanise - traducción a Español.;HONORARIOS GESTION DEL CONOCIMIENTO;junio;COP; Proveedor Juan Carlos Vera Garzón BP: 1000350207 Servicio Profesional: servicio de revisión e inserción de 313 correcciones;PUBLICACIONES CIENTIFICAS Y DOCENTES;10/06/2026;SERVICIOS PROFESIO;800.000,00
1000024283;COMISION CORPADEIN;COMISIONES VENTA EXTERNA;junio;COP; COMISIONES CORPADEIN COHORTE IV 35 estudiantes Comisión x estudiante: $3.500.000 IVA incluido Comisión total: $122.500.000 IV;CONSULTORIA PRIVADA;19/06/2026;SERVICIOS PROFESIO;122.500.000,00
1000024284;Diagramación Memorias de XXXI Congreso I;HONORARIOS GESTION DEL CONOCIMIENTO;junio;COP; Ángela Viviana Díaz Torres BP: 1000331930 CC: 1.014.198.798 e-mail: avivianadiaz@gmail.com Servicio Profesional: diagramació;PUBLICACIONES CIENTIFICAS Y DOCENTES;10/06/2026;SERVICIOS PROFESIO;1.065.780,00
1000024291;PAGO POR IPC  A LA OPS 2977 CALLE 72;;junio;COP; PROYECTO CALLE 72- OPS 2977 CONTRATISTA ACOSTA IRREÑO Y ASOCIADOS OBJETO: PAGO POR IPC  DEL CONTRATO 2977 ASESORÍA JURÍDICA;GESTIÓN DE INFRAESTRUCTURA Y PLANTA FÍSICA;17/06/2026;SERVICIOS PROFESIO;169.998.640,00
1000024265;ADECUACIONES LABORATORIO FUNDICIÓN;SERVICIO MANTO. CONSTRUCCIONES Y EDIFICA;junio;COP; ADECUACIONES LABORATORIO DE FUNDICIÓN - PROVEEDOR: REMODELACIONES Y CONSTRUCCIONES ARQUITECTÓNICAS - VALOR: 6'805.458;GESTIÓN DE INFRAESTRUCTURA Y PLANTA FÍSICA;18/06/2026;SRV MTTO INFRAESTR;6.805.458,00
1000024264;PUESTO DE TRABJO EN L CON CAJONERA;;junio;COP; ACTIVOS REGIONALES PROVEEDOR INOFFICE;REGIONES;17/06/2026;ACTIVOS Y/O EQUIPO;11.281.200,00
1000024263;volante SENA;PROMOCION DIVULGACION;junio;COP;  impresión volante SENA BROCHURE SENA Impresión: Litográfica Tamaño carátula: 14 x 21.5 cms. Media carta Papel: Propalcote;POSGRADO;11/06/2026;IMPRESOS ;1.767.150,00
1000024300;REFRIGERIOS AM;ALIMENTOS (DESAYU-REFRIG-ALMUERZO);junio;COP; COTIZACIÓN GRUPO PROMO | Grupo Promo TOTAL CON IMPUESTOS -$5.358.850;FORMACIÓN A LA MEDIDA;16/06/2026;ALIMENTACION Y REF;5.358.850,00
1000024262;POLIZA DASCD;CUMPLIMIENTO;junio;COP; Solicitud modificación póliza # 801048414 - Contrato DASCD No. CPS-P-091-2025;DIRECCIÓN DE EXTENSIÓN COMERCIAL;16/06/2026;SEGUROS;79.730,00
1000024292;DOMINIO TANGARA IR;INGRESOS TERCEROS;junio;COP; PAGO DEL DOMINIO DE TANGARA IR, PAGO POR TC  BP: 1000169481 GODADDY.COM,LLC;EAN IMPACTA;11/06/2026;VIAJES;271.210,00
1300003321;Aloj. en Leticia para Fabricio Ferreira;ALOJAMIENTO;junio;COP; Pago por RESERVA DE ALOJAMIENTO en el hotel RESERVA NATURAL NATURA PARK LETICIA, para FABRICIO DE SOUZA FERREIRA, quien viajó;GERENCIA DE INTERNACIONALIZACIÓN Y RELACIONES INSTITUCIONALES;16/06/2026;VIAJES;1.199.618,00
1300003322;Tqte. a Grecia-Paola Acevedo-% Proyecto;INGRESOS TERCEROS;junio;COP; Compra de TIQUETE para PAOLA ANDREA ACEVEDO PABON quien viajará a la Isla de Kos en Grecia, para participar en la KOS 2026-13t;GERENCIA DE INTERNACIONALIZACIÓN Y RELACIONES INSTITUCIONALES;16/06/2026;VIAJES;6.986.859,00
1300003323;Aloj. en Miami-Jeffrey León;ALOJAMIENTO;junio;COP; Pago por RESERVA DE ALOJAMIENTO en el HOTEL TRUMP NATIONAL DORAL MIAMI, para JEFFREY LEON, quien viajó a Miami-Estados Unidos,;GERENCIA DE INTERNACIONALIZACIÓN Y RELACIONES INSTITUCIONALES;16/06/2026;VIAJES;3.772.067,00
1300003330;Aloj. en Kos-Paola Acevedo;ALOJAMIENTO;junio;COP; Pago por RESERVA DE ALOJAMIENTO en el HOTEL CONTINENTAL PALACE PSALIDI, para PAOLA ANDREA ACEVEDO PABÓN, quien viajó a la Isl;GERENCIA DE INTERNACIONALIZACIÓN Y RELACIONES INSTITUCIONALES;16/06/2026;VIAJES;3.076.334,00
1000024257;"Pago ""Hablame""";INGRESOS TERCEROS;junio;COP; pago hablame por un valor de $4.985 COP;GERENCIA DE INTERNACIONALIZACIÓN Y RELACIONES INSTITUCIONALES;01/07/2026;SERVICIOS PROFESIO;2.526.429,00
1000024258;Residuos peligrosos mayo;TRANSPORTE FLETES ACARREOS;junio;COP; Recolección y transporte de residuos peligrosos generados en las sedes avenida chile (proyecto Humanise), laboratorios y campu;GESTIÓN DE CALIDAD Y DE LOS PROCESOS;12/06/2026;SERVICIOS PROFESIO;747.838,00
1000024259;Residuos Orgánicos mayo 2026;TRANSPORTE FLETES ACARREOS;junio;COP; Recolección y transporte de residuos orgánicos generados en la universidad durante el mes de mayo, se amplió la recolección;GESTIÓN DE CALIDAD Y DE LOS PROCESOS;12/06/2026;SERVICIOS PROFESIO;730.219,00
1000024272;Afiliación RECLA 2026;SUSCRIPCION MEDIOS DE INFORMACION;junio;COP;;EDUCACIÓN CONTINUADA COMERCIAL;10/06/2026;SERVICIOS PROFESIO;0
1000024266;LENTE SONY;;junio;COP; LENTE PARA CAMARA MARCA SONY COMPRA POR INTERNET PAGO CON TC;GESTIÓN DE COMUNICACIONES Y PUBLICIDAD;06/08/2026;ACTIVOS Y/O EQUIPO;2.336.905,00
1000024267;TRANSPORTE;TAXIS BUSES;junio;COP; TRANSPORTE EVENTO Hora de recogida 1:00 pm Lugar: Universidad ean Destino: Cl. 22 #2-50, Madrid, Cundinamarca Casa de la mujer;REGIONES;11/06/2026;TRANSPORTE ;450.000,00
1000024274;Cajas frases Kit psicosocial;PROMOCION DIVULGACION;junio;COP; SOLICITUD DE CASOS Actividad: Cajas frases Kit psicosocial Descripción: Adquisición de cajas con frases motivacionales y cont;BIENESTAR UNIVERSITARIO;12/06/2026;IMPRESOS ;464.100,00
1000024269;GASTO DE REPRE;GASTOS DE REPRESENTACION;junio;COP; CONCILIACION TC GASTO DE RERESENTACION NUESTRA COCINA ARTESANAL SAS NIT 900201094;DIRECCIÓN DE EXTENSIÓN COMERCIAL;16/06/2026;ALIMENTACION Y REF;158.317,00
1000024322;REFRIGERIOS ASOHOST;ALIMENTOS (DESAYU-REFRIG-ALMUERZO);junio;COP;" ""MOTIVO: REFRIGERIOS ASOHOST PROVEEDOR: GRUPO PROMO VALOR: 155.520""";FACULTAD DE HUMANIDADES Y CIENCIAS SOCIALES;17/06/2026;ALIMENTACION Y REF;155.520,00
1000024273;"CMS EMPACK NYLON (BARRAS) 2"" (50 mm)";;junio;COP; Insumos y elementos para mecanizado Proveedor: Química Vital SAS BP: 1000356047;LABORATORIOS DE INGENIERÍA;19/06/2026;ELEM. LABORATORIO ;2.327.640,00
1000024302;BONOS (SODEXHO-BIGPASS) PROMOCION Y DIV;;junio;COP; Compra bonos regalo monitores 2026-1;FACULTAD DE INGENIERÍA;12/06/2026;BONOS ;2.594.310,00
1000024310;Pago membresía ASOCOLFHCS 2026;AFILIACIONES MEMBRESIAS INTERNACIONALES;junio;COP; Pago membresía 2026 ASOCOLFHCS- ACOFAHCS. Valor sopled: 3.046.290 COP;GERENCIA DE INTERNACIONALIZACIÓN Y RELACIONES INSTITUCIONALES;19/06/2026;LICENCIAS Y SUBSCR;3.046.290,00
1000024311;Pago membresía ACODAL 2026;AFILIACIONES MEMBRESIAS INTERNACIONALES;junio;COP; Pago membresía ACODAL 2026. Valor solped: 9.700.000 COP;GERENCIA DE INTERNACIONALIZACIÓN Y RELACIONES INSTITUCIONALES;19/06/2026;LICENCIAS Y SUBSCR;9.700.000,00
1000024320;TRAMITE;TRAMITES LICENCIAS;junio;COP; CONCILIACION TC TRAMITE O LICENCIA SUPERINTENDENCIA DE INSDUSTIA Y COMERCIO 800176089 NIT;CONSULTORIA PRIVADA;28/07/2026;LICENCIAS Y SUBSCR;63.893,00
1000024321;TRAMITE;TRAMITES LICENCIAS;junio;COP; CONCILIACION TC TRAMITE O LICENCIA SUPERINTENDENCIA DE INSDUSTIA Y COMERCIO 800176089 NIT;DIRECCIÓN DE EXTENSIÓN COMERCIAL;28/07/2026;LICENCIAS Y SUBSCR;63.893,00
1300003331;Diferencia Tiquete jose gutierrez;PASAJES AEREOS;junio;COP; modificacion de tiquete jose gutierrez ENEIQ - barranquilla por valor de 211.680.;GERENCIA DE INTERNACIONALIZACIÓN Y RELACIONES INSTITUCIONALES;16/07/2026;VIAJES;214.037,00
1300003340;TIQUETE CARTAGENA EDGAR G;PASAJES AEREOS;junio;COP; VIAJE COMERCIAL A CARTAGENA EDGAR ARTURO GONZALEZ TIQUETE IDA Y REGRESO;CONSULTORIA PRIVADA;18/06/2026;VIAJES;997.546,00
1300003341;HOSPEDAJE;ALOJAMIENTO;junio;COP; HOSPEDAJE HOTEL IBIS CARTAGENA VIAJE COMERCIAL EDGAR ARTURO GONZALEZ 10 DE JUNIO;CONSULTORIA PRIVADA;25/06/2026;VIAJES;430.525,00
1300003342;VIATICOS;MANUTENCION;junio;COP; VIATICOS A NOMBRE DE EDGAR GONZALEZ M VIAJE COMERCIAL CARTAGENA 10 Y 11 DE JUNIO;CONSULTORIA PRIVADA;18/06/2026;VIAJES;490.000,00
1000024268;contratacion influencer;PROMOCION DIVULGACION;junio;COP;" ""NICOLAS ABRIL CHARLA TED DE 30Min A 1 HORA Administrador, economista y actualmente, uno de los creadores financieros más infl";EDUCACIÓN CONTINUADA COMERCIAL;12/06/2026;SERVICIOS PROFESIO;8.886.920,00
1000024289;Hablame MAYO;PROMOCION DIVULGACION;junio;COP; Hablame mayo;DIRECCIÓN DE EXPERIENCIA ESTUDIANTIL;01/07/2026;SERVICIOS PROFESIO;2.526.429,00
1000024293;SERV. VIGILANCIA EVENTO MODA CAR;VIGILANCIA;junio;COP; SERVICIO APOYO VIGILANCIA EVENTO RED MODA CAR;GESTIÓN DE INFRAESTRUCTURA Y PLANTA FÍSICA;12/06/2026;SERVICIOS PROFESIO;139.485,00
1000024301;Payment Method Fees;HONORARIOS;junio;USD; MEMBERSHIP FEES JUNIO - ONTOP;SELECCIÓN DEL TALENTO Y CALIDAD DE VIDA;17/06/2026;SERVICIOS PROFESIO;255,03
1000024295;Coffe Break;ALIMENTOS (DESAYU-REFRIG-ALMUERZO);junio;COP;;GESTIÓN COMERCIAL EVENTOS EXTERNOS;16/06/2026;ALIMENTACION Y REF;695.800,00
1000024312;Inscripción evento ENEIQ 2026.;INSCRIPCION EVENTOS NACIONAL - INTERNACI;junio;COP; Creación de caso:82170. Inscripción y participación de 10 estudiantes de los Semilleros de Investigación de la Universidad;DIRECCIÓN DE INVESTIGACIONES;17/06/2026;LICENCIAS Y SUBSCR;3.328.000,00
1300003350;Cambio tqte. Fabricio Ferreira;INGRESOS TERCEROS;junio;COP; Valor a cancelar por CAMBIO DE TIQUETE comprado para FABRICIO DE SOUZA FERREIRA, quien viajó a Puerto Carreño del 04 al 08 de;GERENCIA DE INTERNACIONALIZACIÓN Y RELACIONES INSTITUCIONALES;18/06/2026;VIAJES;119.370,00
1300003360;Aloj. B/qlla x Lina S. y Karol D.-ENEIQ;ALOJAMIENTO;junio;COP; Pago por RESERVA DE ALOJAMIENTO en el hotel IBIS BARRANQUILLA, para las estudiantes LINA SOFIA MARTÍNEZ BERMÚDEZ, KAROL DANIE;GERENCIA DE INTERNACIONALIZACIÓN Y RELACIONES INSTITUCIONALES;18/06/2026;VIAJES;4.911.432,00
1000024275;SOLUCIONES DE MEDICION;BASE DE DATOS;junio;COP; ADSMURAI Nuevo alcance del proyecto: 1. Implementación de conversiones Offline para TikTok para CRM Zoom 2. Configuración GA4;PUBLICIDAD;12/06/2026;SERVICIOS PROFESIO;0
1000024296;Operación técnica y manejo profesional d;SERVICIOS PARA EVENTOS;junio;COP; SOLICITUD DE SERVICIO Operación técnica y manejo profesional de iluminación durante el evento SEVIOS DE QUINTA SECION PETROV;GESTIÓN COMERCIAL EVENTOS EXTERNOS;16/06/2026;SERVICIOS PROFESIO;400.000,00
1000024326;IMPLEMENTACION+HOSTING 2026;;junio;COP; PROYECTO PAGINA WEB IMLEMENTACION HOSTING 2026-2027.2028 Y 2029  IMPLEMENTACION PAGINA NUEVO PORTAL WEB UEAN SOPORTE HOSTING;GESTIÓN DE COMUNICACIONES Y PUBLICIDAD;15/07/2026;SERVICIOS PROFESIO;1.364.670.417,00
1000024329;ADEACUACION ESTAPILLADO DRYWALL SALA RES;SERVICIO MANTO. CONSTRUCCIONES Y EDIFICA;junio;COP; SERVICIO DE ADEACUACION ESTAPILLADO DRYWALL SALA RESPIRA P5 FUNDADORES, PROVEEDOR: LLERAS, VALOR: $1.578.825, CASO:;GESTIÓN DE INFRAESTRUCTURA Y PLANTA FÍSICA;18/06/2026;SRV MTTO INFRAESTR;1.578.825,00
1000024340;PINTURA CON EPOXICO PISO BODEGA S1;SERVICIO MANTO. CONSTRUCCIONES Y EDIFICA;junio;COP; SERVICIO DE PINTURA CON EXPOSICO PISO BODEGA SOTANO 1, PROVEEDOR: RCA, VALOR: $744.705, CASO:82310;GESTIÓN DE INFRAESTRUCTURA Y PLANTA FÍSICA;18/06/2026;SRV MTTO INFRAESTR;744.705,00
1000024341;ADECUACION ESPACIO GESTION DOCUMENTAL;SERVICIO MANTO. CONSTRUCCIONES Y EDIFICA;junio;COP; SERVICIO DE ADECUACION-OBRA ESPACIO GESTION DOCUMENTAL, PROVEEDOR: RCA, VALOR:$2.220.367, CASO:82321;GESTIÓN DE INFRAESTRUCTURA Y PLANTA FÍSICA;18/06/2026;SRV MTTO INFRAESTR;2.220.367,00
1000024342;INSTALACION DE BRANDING SALA RESPIRA P5;AVISOS Y COMUNICADOS ;junio;COP; SERVICIO DE INSTALACION BRANDING SALA RESPIRA DE SALA DE PROFESORES P5 FUNDADORES, PROVEEDOR: KATODE, VALOR: $1.411.670, CASO:8;GESTIÓN DE INFRAESTRUCTURA Y PLANTA FÍSICA;18/06/2026;SRV MTTO INFRAESTR;1.411.671,00
1000024298;MATERIAL DE APOYO;;junio;COP; SERVICIOS AUROS MES MAYO PARA PAGO EN JUNIO, VALOR TOTAL $ $ 2.534.484. LAS ÁREAS QUE ADQUIRIERON SERVICIOS EN TIENDAS SON: GE;GESTIÓN DE INFRAESTRUCTURA Y PLANTA FÍSICA;23/06/2026;IMPRESOS ;2.534.479,00
1000024319;IMPRESION DIGITAL VINILO;IMPRESOS PUBLICACIONES;junio;COP; PROYECTO CALLE 72- KATODE S.A.S VALOR TOTAL $ 1.383.587 OBJETO: SEÑALES VALLA Y OBRA PARA INSTALAR EN LA CALLES 71 Y 72. CARGU;GESTIÓN DE INFRAESTRUCTURA Y PLANTA FÍSICA;16/06/2026;IMPRESOS ;1.383.587,00
1000024313;SERV.ASEO CEREMONIA DE GRADOS;ASEO;junio;COP; SERVICIO DE ASEO APOYO CEREMONIAS DE GRADO PRIMER SEMESTRE;GESTIÓN DE INFRAESTRUCTURA Y PLANTA FÍSICA;17/06/2026;ASEO Y CAFETERIA ;3.154.328,00
1000024314;REFRIGERIOS;ALIMENTOS (DESAYU-REFRIG-ALMUERZO);junio;COP; Mini wrap de pollo – Elaborado en una tortilla de harina blanca, con pechuga de pollo, queso, tomate y salsa de la casa acomp;PERMANENCIA ESTUDIANTIL;18/06/2026;ALIMENTACION Y REF;472.500,00
1000024316;Estacion de café con galletas, aromatica;ALIMENTOS (DESAYU-REFRIG-ALMUERZO);junio;COP; SOLICITUD DE SERVICIO DE BEBIDAS ENVENTO REUNION CEPE  PROVEEDOR GRUPO PROMO.;GESTIÓN COMERCIAL EVENTOS EXTERNOS;17/06/2026;ALIMENTACION Y REF;1.529.840,00
1000024330;Barra de sodas;ALIMENTOS (DESAYU-REFRIG-ALMUERZO);junio;COP; SOLICITUD DE SERVICIO DE BEBIDAS ENVENTO DOPLA L’OREAL PROVEEDOR GRUPO PROMO.;GESTIÓN COMERCIAL EVENTOS EXTERNOS;17/06/2026;ALIMENTACION Y REF;336.960,00
1000024332;Montaje corredor con lamparas chinas y e;ALIMENTOS (DESAYU-REFRIG-ALMUERZO);junio;COP; EVENTO: Colombo Chino Fecha: 18 de junio de 2026 Personas encargadas: FAFCE y FHCS;FACULTAD DE ADMINISTRACION;17/06/2026;ALIMENTACION Y REF;6.851.625,00
1000024297;SUSCRIPCION;SUSCRIPCION MEDIOS DE INFORMACION;junio;COP; SERVICIO ADSMURAI  Licencia y uso Adsmurai Marketing Platform Licencia de uso de la Adsmurai Marketing Platform (AMP) ○ Adsmu;PUBLICIDAD;01/07/2026;LICENCIAS Y SUBSCR;26.418.000,00
1000024299;Pago artículo de investigación MDPI;INSCRIPCION EVENTOS NACIONAL - INTERNACI;junio;USD;" Caso mesa de servicios:82311. Publicación artículo de investigación:  ""Detection of Bovine Leukemia Virus in Bone Marrow of";DIRECCIÓN DE INVESTIGACIONES;23/06/2026;LICENCIAS Y SUBSCR;901,6
1000024331;Renovacion BD Knovel 2026;SUSCRIPCIONES BASES DE DATOS;junio;USD; Renovación a la Base de Datos Académica Knovel por un año, periodo 15 de junio 2026 a 14 de junio 2027 El valor es exento de;BIBLIOTECA;23/06/2026;LICENCIAS Y SUBSCR;4.750,00
1000024303;POLIZA INPEC;SEGUROS POLIZAS CUMPLIMIENTO;junio;COP; Solicitud Póliza de Seriedad de la Oferta // Selección Abreviada No. 01 de 2026 - INPEC  óliza N°: 1505004316801;DIRECCIÓN DE EXTENSIÓN COMERCIAL;17/06/2026;SEGUROS;106.469,00
1300003361;ALOJAMIENTO PERU;INGRESOS TERCEROS;junio;COP; ALOJAMIENTO EN LA CIUDAD DE PERU BAJO LA FACTURA NO. FECZ82787;EAN IMPACTA;18/06/2026;VIAJES;367.487,00
1000022495;FASE II ARRASTRE SALDO AÑO 2025;;junio;COP; CONTRATISTA COMPAÑIA COLOMBIANA DE CERAMICAS S.A.S VALOR CONTRATO $468.960.000 CONCEPTO: RECUBRIMIENTO ARQUITECTÓNICO PERSONA;GESTIÓN DE INFRAESTRUCTURA Y PLANTA FÍSICA;16/06/2026;SERVICIOS PROFESIO;558.062.400,00
1000024315;PAGO ONTOP JUAN MANUEL ARIAS;HONORARIOS ASESORIA TECNICA;junio;USD; OnTop: Pago Docente Internacional Juan Manuel Arias Autor AVEs: Mtr. Branding con propósito y marketing sostenible Esp. Constr;MEDIACIONES DIDÁCTICAS;17/06/2026;SERVICIOS PROFESIO;2.150,00
1000024317;APOYO EVENTO;SERVICIOS PARA EVENTOS;junio;COP; SOLICITUD DE SERVICIO DE PERSONAL LOGISTICO Y BRIGADISTAS PARA EVENTO DOPLA L’OREAL . PROVEEDOR ADVANTAGE;GESTIÓN COMERCIAL EVENTOS EXTERNOS;17/06/2026;SERVICIOS PROFESIO;1.984.920,00
1000024318;Operador de dispositivos de audio y vide;SERVICIOS PARA EVENTOS;junio;COP; SOLICITUD DE SERVICIO DE CAMAROGRAFOS PARA EVENTO DOPLA L’OREAL  PROVEEDOR CAMILO PINZON .;GESTIÓN COMERCIAL EVENTOS EXTERNOS;17/06/2026;SERVICIOS PROFESIO;1.010.000,00
1000024343;Examenes Médicos Ocupacionales;HONORARIOS SERVICIO MEDICO;junio;COP; Examenes Médicos Ocupacionales Colsubsidio;SISTEMA DE GESTIÓN DE LA SEGURIDAD Y SALUD EN EL TRABAJO;18/06/2026;SERVICIOS PROFESIO;2.987.700,00
1000024304;HOODIES;INGRESOS TERCEROS;junio;COP; Compra material pop para pride fest 2026 valor total: 4.159.050 iva incluido proveedor: MARKETING Y PUBLICIDAD ESTRATEGICA;RECTORÍA;17/06/2026;PUBLIC – MATER POP;4.159.050,00
1000024344;HONORARIOS DJ;INGRESOS TERCEROS;junio;COP; CONTRATACION DE PILLOW HOUSE PARA EVENTO PRIDE FEST 2026 VALOR TOTA:5.100.000 IVA INCLUDIO;RECTORÍA;17/06/2026;EVENTOS ;5.100.000,00
1000024345;ANTICIPO 100% PRIDE FEST;INGRESOS TERCEROS;junio;COP; ANTICIPO 100% PARA Brigitte Baptiste Motivo: pagos extra evento Pride fest 2026;RECTORÍA;17/06/2026;EVENTOS ;2.000.000,00
1000024351;SERV. TRANSPORTE Y ACARREOS TRATEOS CHIL;TRANSPORTE FLETES ACARREOS;junio;COP; SERVICIO DE TRANSPORTE PARA TRASLADO DE ELEMENTOS BIBLIOTECA Y EAN X DE LA AV. CHILE A NOGAL - ORDEN DE COMPRA ABIERTA;GESTIÓN DE INFRAESTRUCTURA Y PLANTA FÍSICA;19/06/2026;SRV MTTO INFRAESTR;1.540.000,00
1000024352;ADECUACIÓN BODEGA HEMAROTECA S1 FUNDADO;SERVICIO MANTO. CONSTRUCCIONES Y EDIFICA;junio;COP; ADECUACIÓN OBRA CIVIL BODEGA HEMEROTECA SÓTANO 1 FUNDADORES. PROCESO DE COMPRAS CUADRO COMPARATIVO CASO 81841 PROVEEDOR LLERA;GESTIÓN DE INFRAESTRUCTURA Y PLANTA FÍSICA;18/06/2026;SRV MTTO INFRAESTR;6.548.031,00
1000024277;"Tablet 10"" Tcl Tab10L 64GB WFi";;junio;COP;" Compra de 2 TABLET Tablet 10"" Tcl Tab10L 64GB WFi c/u $429.900 Y 2 Lápiz Kalley Stylus Pen KLT $65.900 c/u. COMPRA: 2 TABLET $";GESTIÓN DOCUMENTAL;01/07/2026;ACTIVOS Y/O EQUIPO;1.031.600,00
1000024276;FACTURA SERVIENTREA Nro. 3 5109354 JUNIO;CORREO, PORTES Y TELEGRAMAS;junio;COP;;GESTIÓN DOCUMENTAL;23/06/2026;TRANSPORTE ;226.128,00
1000024278;Sesión Bogotá - Chía;PASAJES TERRESTRES;junio;COP; Bogotá, 16 Junio 2026 Señores UNIVERSIDADEAN HANSREINALESROJAS Cordial Saludo. Dando respuesta a su solicitud y agradeciendo;CONTRATACIÓN PÚBLICA;18/06/2026;TRANSPORTE ;650.000,00
1000024279;PHOTO BOOT;PROMOCION DIVULGACION;junio;COP; PHOTO Babina photoboot IA personalizada con formato de lámina del álbum mundial 2026 jornada de 2 horas para tomas y entrega;POSGRADO;19/06/2026;INSTITUCIONALES ;1.710.625,00
1000024350;PAUTA TIK TOK;PROMOCION DIVULGACION;junio;COP; PAUTA TIK TOK META 2MILLONES NO IVA;PUBLICIDAD;23/06/2026;INSTITUCIONALES ;2.000.000,00
1000024360;ANTICIPO SUPERINTENDECIA DE INDUSTRIA Y;TRAMITES LICENCIAS;junio;COP; ANTICIPO PAGO FACTURAS SUPERINTENDECIA DE INDUSTRIA Y COMERCIO NIT 800.176.089;CONSULTORIA PRIVADA;23/06/2026;INSTITUCIONALES ;4.042.000,00
1000024336;VINILTEX BLANCO 1501 CANECA;;junio;COP; SUMINISTRO MATERIALES DE FERRETERIA PARA INTERVENCION DE MITAD DE AÑO, PROVEEDOR: FERRETERIA LA 73, VALOR: $4.073.000, CASO:;GESTIÓN DE INFRAESTRUCTURA Y PLANTA FÍSICA;18/06/2026;ELEM. FERRETERIA C;4.073.000,00
1000024362;TUBOS ELD T5 DE 120 CM PHILIPS;;junio;COP; SUMINISTRO DE MATERIALES ELECTRICOS PARA TALLER DE MANTENIMIENTO, PROVEEDOR: ELECTRODO LA 18, VALOR: $893.095, CASO:82417;GESTIÓN DE INFRAESTRUCTURA Y PLANTA FÍSICA;19/06/2026;ELEM. FERRETERIA C;893.095,00
1000024371;VOLANTE EXPO EAN POSGRADOS;PROMOCION DIVULGACION;junio;COP; VOLANTES EXPOEAN Impresión:   Tamaño carátula:  Papel:    Tintas:    Terminados:    Cantidad:   Valor Unitario:  $ 900    Li;POSGRADO;22/06/2026;IMPRESOS ;535.500,00
1000024306;REFRIGERIOS IDECUT;ALIMENTOS (DESAYU-REFRIG-ALMUERZO);junio;COP; COTIZACIÓN REFRESHMENT -(+57) 3004895998 refreshment20@gmail.com Costo $16.000 bebida en botella de vidrio, componente, golosi;FORMACIÓN A LA MEDIDA;23/06/2026;ALIMENTACION Y REF;1.792.000,00
1000024361;REFRIGERIOS TRADING COHORTE III;ALIMENTOS (DESAYU-REFRIG-ALMUERZO);junio;COP; 806 REFRIGERIOS PARA LA 4 COHORTE DEL DIPLOMADO TRADING E INVERSIONES DE EDUCACIÓN CONTINUA. PROVEEDOR: LA FOCACCIA FECHA: DEL;EDUCACIÓN CONTINUADA PROYECTOS;24/06/2026;ALIMENTACION Y REF;15.247.440,00
1000024372;7 ALMUERZOS THE WINE STORE;ALIMENTOS (DESAYU-REFRIG-ALMUERZO);junio;COP; compra correspondiente a 7 almuerzos para reunión corporativa convocada por rectoria el día 18 de junio en el restaurante The;RECTORÍA;19/06/2026;ALIMENTACION Y REF;2.846.480,00
1000024348;MICROPIPETA TRANSFERPETTE 0.5 - 10 UL;INGRESOS TERCEROS;junio;COP; Creación caso:82354. Compra proyecto externo Agrosavia. MICROPIPETA TRANSFERPETTE VOLUMEN VARIABLE 0.5 - 10 UL MICROPIPETA TRA;DIRECCIÓN DE INVESTIGACIONES;22/06/2026;ELEM. LABORATORIO ;5.497.800,00
1000024307;CARGA;PREMIOS - BONOS;junio;COP; MOTIVO:  BONOS REGALO PARA ESTUDIANES DE LEXIA 360 - 2026-1 PROVEEDOR: BIG PASS VALOR: $1.735.611;FACULTAD DE HUMANIDADES Y CIENCIAS SOCIALES;02/07/2026;BONOS ;1.735.611,00
1000024346;Revista Harvard Deusto 2026-2027;SUSCRIPCION MEDIOS DE INFORMACION;junio;COP; Renovación de suscripción anual de revista Harvard Deusto Business Review Periodo junio 01 del 2026 a 31 de mayo del 2027 Pag;BIBLIOTECA;18/06/2026;LICENCIAS Y SUBSCR;1.715.000,00
1000024308;TRANSPORTE - JAVIER MORALES;PASAJES TERRESTRES;junio;COP;" ""MOTIVO: VIATICOS PARTICIPANTES VILLAJAZZ DOCENTE: JAVIER MORALES - BP: 1000088033 VALOR TOTAL: 980.000 FECHA: 26 AL 29 DE JUNI";FACULTAD DE HUMANIDADES Y CIENCIAS SOCIALES;18/06/2026;VIAJES;980.000,00
1000024309;TRANSPORTE - ALEJANDRA PARDO;PASAJES TERRESTRES;junio;COP;" ""MOTIVO: VIATICOS PARTICIPANTES VILLAJAZZ ESTUDIANTE 1: ALEJANDRA PARDO - BP: 1000295898 VALOR TOTAL: 460.000 FECHA: 26 AL 29 D";FACULTAD DE HUMANIDADES Y CIENCIAS SOCIALES;18/06/2026;VIAJES;460.000,00
1000024380;TRANSPORTE - JACOBO VARGAS;PASAJES TERRESTRES;junio;COP;" ""MOTIVO: VIATICOS PARTICIPANTES VILLAJAZZ ESTUDIANTE 2: JACOBO VARGAS - BP: 1000332273 VALOR TOTAL: 460.000 FECHA: 26 AL 29 DE";FACULTAD DE HUMANIDADES Y CIENCIAS SOCIALES;18/06/2026;VIAJES;460.000,00
1000024381;TRANSPORTE - KATHERINE MONROY;PASAJES TERRESTRES;junio;COP;" ""MOTIVO: VIATICOS PARTICIPANTES VILLAJAZZ ESTUDIANTE 3: KATHERINE MONROY  - BP: 1000227538 VALOR TOTAL: 460.000 FECHA: 26 AL 29";FACULTAD DE HUMANIDADES Y CIENCIAS SOCIALES;18/06/2026;VIAJES;460.000,00
1300003325;Pago Imp. Cancelacion SM;ALOJAMIENTO;junio;COP; Pago impuesto cancelacion alojamiento Sofia Morraye por valor de $62.118 COP en Leticia;GERENCIA DE INTERNACIONALIZACIÓN Y RELACIONES INSTITUCIONALES;18/06/2026;VIAJES;62.118,00
1300003332;Alojamiento Est ENEIQ Barranquilla;ALOJAMIENTO;junio;COP; Alojamiento Barranquilla 6 estudiantes ENEIQ 2 habitaciones Sencillas 2 habitaciones dobles por un valor de $9.199.400 COP;GERENCIA DE INTERNACIONALIZACIÓN Y RELACIONES INSTITUCIONALES;18/06/2026;VIAJES;9.198.868,00
1000024305;Revisoria fiscal BDO;HONORARIOS ENTES DE CONTROL REV FIS CTRO;junio;COP; Según propuesta de junio de 2026, contratación de la firma BDO Aseguramiento SAS, para prestar los servicios profesionales de;SALA GENERAL;26/08/2026;SERVICIOS PROFESIO;89.467.637,00
1000024333;Contratacion Mango tatto;INGRESOS TERCEROS;junio;COP; Pago honorarios contracion Mango tatto bajo el marco del pride fest 2026;RECTORÍA;23/06/2026;SERVICIOS PROFESIO;4.735.147,00
1000024335;Servicio de Desarme y traslado de máquin;MANTENIMIENTO MAQUINARIA Y EQUIPO;junio;COP; SOLICITUD DE CASOS Actividad: Servicio de Desarme y traslado de máquinas de cardio Descripción: El servicio de Desarme y Tras;BIENESTAR UNIVERSITARIO;23/06/2026;SERVICIOS PROFESIO;1.600.000,00
1000024347;PAGO 1 HONORARIOS ROBINSON;HONORARIOS;junio;COP; PAGO CUENTA DE COBRO ROBINSON POR SERVICIOS DE MANTENIMIENTO DE ASEO Y CUIDADOS DE CULTIVOS DE LOS TERRENOS DE PUERTO CARREÑO;RECTORÍA;17/06/2026;SERVICIOS PROFESIO;2.000.000,00
1000024364;SERVICIOS MENSUALES 2026;HONORARIOS ASESORIA TECNICA;junio;COP; RENOVACIÓN PLAN DE MITIGACIÓN – SOC 2026 Supervisor: Nestor Cantor Proveedor: B-secure Valor total de la compra:     ;SEGURIDAD INFORMÁTICA;24/06/2026;SERVICIOS IT ;0
1000024357;OBRA CIVIL CONSULTORIOS PSICOLOGIA;;junio;COP; ADECUACIÓN LOCATIVA PARA CONSULTORIOS DE PSICOLOGIA PISO 7 EDIFICIO FUNDADORES, INCLUYE OBRA CIVIL, DESMONTES, TRASLADOS, ADEC;GESTIÓN DE INFRAESTRUCTURA Y PLANTA FÍSICA;16/07/2026;SRV MTTO INFRAESTR;99.810.096,00
1000024356;Silla masajeadora - Sillón masajeador re;;junio;COP; Elementos de dotación para sala de Dsconexión Laboral Security Windows;SISTEMA DE GESTIÓN DE LA SEGURIDAD Y SALUD EN EL TRABAJO;22/06/2026;MUEBLES Y ENSERES ;15.113.000,00
1000024354;FRANJAS DE CARTULINA;PROMOCION DIVULGACION;junio;COP; 48 franjas KATODE Dimensión: 38 cm x 8 cm. Cartulina Iris o similar 160 gr color café oscuro. Marca con tinta blanca, grafado;GESTIÓN DE COMUNICACIONES Y PUBLICIDAD;22/06/2026;IMPRESOS ;183.260,00
1000024353;RENOVACION LICENCIAS CESIM 2026;;junio;USD; RENOVACION LICENCIAS CESIM 2026 Supervisor: Henry Diaz Proveedor: Publiciencia Valor de la compra: USD 40.000 Forma de pago: Fa;EXPERIENCIA DE USUARIO;08/09/2026;LICENCIAS Y SUBSCR;40.000,00
1000024355;Conciliacion TC ITAU MAILERLITE MAY;LICENCIAS Y SOFTWARE;junio;COP; Conciliación Tarjeta ITAÚ 1474 plataforma MAILERLITE.COM;EAN X PROYECTOS;23/06/2026;LICENCIAS Y SUBSCR;153.446,00
1000024382;MEMBRESIA DEEPTECH COLOMBIA;AFILIACIONES MEMBRESIAS INTERNACIONALES;junio;COP; COMPRA DE MEMBRESIA DEEPTECH COLOMBIA POR UN VALOR TOTAL DE $7.504.140 SUMANDO 4 SOLPED'S 1000024160, 1000024161, 1000024290 y;GERENCIA DE INTERNACIONALIZACIÓN Y RELACIONES INSTITUCIONALES;19/06/2026;LICENCIAS Y SUBSCR;7.504.139,00
1000024337;ASIST MEDICA INTERNACIONAL MIEMBRO SALA;OTROS SERVICIOS;junio;COP; SEGUN FACTURA nO FECA81851 ASISTENCIA MEDICA INTERNACIONAL MIEMBRO SALA GENERAL DOCTORA ANAMARIA GIRALDO COMISION NEW YORK;SALA GENERAL;23/06/2026;VIAJES;279.789,00
1300003333;LEGALIZACIÓN FECZ82382;PASAJES AEREOS;junio;COP; LEGALIZACIÓN FECZ82382;RECTORÍA;19/06/2026;VIAJES;570.479,00
1300003351;TRASPORTE WILMAR BERNAL;PASAJES TERRESTRES;junio;COP; LEVANTAMIENTO ACTIVOS FIJOS, EAN ORINOQUIA WILMAR OSBALDO BERNAL CASTILLO;VICERRECTORÍA ADMINISTRATIVA Y FINANCIERA;18/06/2026;VIAJES;830.000,00
1300003352;MANUTENCION NELSON ARANGO;MANUTENCION;junio;COP; LEVANTAMIENTO ACTIVOS FIJOS, EAN ORINOQUIA NELSON ARANGO PEÑA;VICERRECTORÍA ADMINISTRATIVA Y FINANCIERA;18/06/2026;VIAJES;540.000,00
1000024383;Afiliación RECLA 2026;SUSCRIPCION MEDIOS DE INFORMACION;junio;COP; Reafiliación RECLA 2026;EDUCACIÓN CONTINUADA COMERCIAL;03/07/2026;SERVICIOS PROFESIO;1.171.750,00
1000024366;TRANSPORTE;TAXIS BUSES;junio;COP; ORIGEN 4:00 Universidad Ean Carrera 11 #78-47 DESTINO Agua de Dios Cundinamarca RETORNO 13:00 Universidad Ean Carrera 11 #78-47;REGIONES;22/06/2026;TRANSPORTE ;950.000,00
1000024384;Refrigerios de cierre PORTUGUÉS;ALIMENTOS (DESAYU-REFRIG-ALMUERZO);junio;COP; Beatriz Cavelier La Focaccia Gourmet NIT 51.739.006 -2 Tels: 315- 893 9399  ALTERNATIVA No. 1: CON REFRIGERIOS BOTELLITA VIDRIO;EDUCACIÓN CONTINUADA PROYECTOS;25/06/2026;ALIMENTACION Y REF;887.000,00
1000024358;SOXLETH DE 1 LITRO COMPLETO;;junio;COP; Elementos de vidriería (montaje soxleth) Proveedor: Auros Químicos BP: 1000011817;LABORATORIOS DE INGENIERÍA;02/07/2026;ELEM. LABORATORIO ;833.000,00
1000024339;VALOR TOTAL CARGA;BONOS SODEXHO ;junio;COP; Bono de alimentación directores Junio;FACULTAD DE ADMINISTRACION;23/06/2026;BONOS ;9.749.270,00
1000024390;José Antonio Fernández Pérez;HONORARIOS ASESORIA TECNICA;junio;USD; Profesores internacionales Ontop;VICERRECTORÍA DE INNOVACIÓN ACADÉMICA;23/06/2026;BONOS ;5.153,20
1000024359;Renovacion Web of Science;BASE DE DATOS;junio;USD; Renovación suscripción Base de Datos Académica, Isi Web of Science/ InCites por un año, periodo julio 20 del 2026 a julio 1;BIBLIOTECA;07/09/2026;LICENCIAS Y SUBSCR;27.122,00
1000024373;LEGALIZACION GITLAB 120 USD;LICENCIAS Y SOFTWARE;junio;USD; LEGALIZACION GITLAB;SISTEMAS DE INFORMACIÓN;30/06/2026;LICENCIAS Y SUBSCR;120
1300003334;pasajes aÃƒÂ©reos doctorados;PASAJES AEREOS;junio;COP; Compra de tiquetes destino pereira conversatorio asistido por el docente Milton january Rueda 29 de mayo;FACULTAD DE INGENIERÍA;23/06/2026;VIAJES;603.637,00
1000024365;PUBLICACION REVISTA ICFES;PROMOCION DIVULGACION;junio;COP;" REVISTA ICFES  estrategia de comunicación institucional del ICFES, ""Visibilizar lo Invisible"", nos permitimos presentar la edi";REGIONES;24/06/2026;SERVICIOS PROFESIO;5.950.000,00
1000024367;Alquiler de escenarios deportivos Carmel;ALQUILER CANCHA DEPORTIVA;junio;COP; SOLICITUD DE CASOS  Actividad:  Alquiler de Escenarios deportivos Club El Carmel  Descripción:   Alquiler de cancha de fútbol;BIENESTAR UNIVERSITARIO;25/08/2026;ARRENDAMIEN Y ALQU;48.315.648,00
1000024387;INST BRANDING SALA RESPIRA P5 LEGACY;SERVICIO ACCESORIOS Y ELEMEN DECORATIVOS;junio;COP; SERVICIO SUMINISTRO E INSTALACION DE BRANDING SALA RESPIRA P5 LEGACY, PROVEEDOR: KATODE, VALOR: $4.613.902, CASO:82647;GESTIÓN DE INFRAESTRUCTURA Y PLANTA FÍSICA;24/06/2026;SRV MTTO INFRAESTR;4.613.903,00
1000024368;Barra de sodas;ALIMENTOS (DESAYU-REFRIG-ALMUERZO);junio;COP; SOLICITUD DE SERVICIO DE BEBIDAS ENVENTO DOPLA GRABACION DE TLESET  PROVEEDOR GRUPO PROMO.;GESTIÓN COMERCIAL EVENTOS EXTERNOS;23/06/2026;ALIMENTACION Y REF;226.800,00
1000024392;PAQUETES DE CONFITERIA DAVI;ALIMENTOS (DESAYU-REFRIG-ALMUERZO);junio;COP; Formalmente informo la gestión del pedido correspondiente a la adquisición de dulces  destinados al proyeco de Davibank  El p;FORMACIÓN A LA MEDIDA;22/06/2026;ALIMENTACION Y REF;148.393,00
1000024400;Dulces Cajas ESENTTIA;ALIMENTOS (DESAYU-REFRIG-ALMUERZO);junio;COP; E- Mail : ventas@comercializadoraesan1.com PBX: 7909942-3112524102 NIT : 900. 585. 886 - 3 - REGIMEN COMÚN No somos grandes co;FORMACIÓN A LA MEDIDA;22/06/2026;ALIMENTACION Y REF;161.721,00
1000024391;TRAJETAS REGALO;PROMOCION DIVULGACION;junio;COP; 22 BONOS REGALO BIGPASS BONOS PARA CAMPAÑAS COMERCIALES 22 CADA UNA POR UN VALOR DE $1.000.000;POSGRADO;01/07/2026;BONOS ;22.843.852,00
1000024369;TALLER LA PEDRADA PRIDE FEST;INGRESOS TERCEROS;junio;COP;;RECTORÍA;25/06/2026;SERVICIOS PROFESIO;1.020.400,00
1000024388;PLANTAS VIVAS;EVENTOS ESPECIALES;junio;COP; Formalmente informo la gestión del pedido correspondiente a la adquisición de Plantas Naturales para eventos en la universida;FORMACIÓN A LA MEDIDA;09/07/2026;EVENTOS ;500.000,00
1000024404;DESKTOP CON MONITOR PRO ULTRA 7 SSD;;junio;COP; COMPRA 474 EQUIPOS DE COMPUTO AÑO 2026 Supervisor: Henry Diaz Proveedor: LENOVO Valor de la compra: COP $3.502.866.031 IVA inc;EXPERIENCIA DE USUARIO;17/07/2026;HARDWARE ;0
1000024068;FACTURA SERVIENTREA JUNIO;CORREO, PORTES Y TELEGRAMAS;junio;COP;;GESTIÓN DOCUMENTAL;28/07/2026;TRANSPORTE ;280.534,00
1000024374;SERVICIO TRANSPORTE MIEMBROS SALA GENERA;PASAJES TERRESTRES;junio;COP; SEGUN CUENTA DE COBRO No.74 SERVICIO DE TRANSPORTE MIEMBROS SALA GENERAL, SEMANA DE SESIONES JUNIO.;SALA GENERAL;23/06/2026;TRANSPORTE ;567.000,00
1000024393;TRANSPORTE;TAXIS BUSES;junio;COP; REFRIGERIO EXPO EAN POSGRADOS PETUNIA SABADO 20 DE JUNIO;POSGRADO;25/06/2026;TRANSPORTE ;7.193.550,00
1000024394;VOLANTEO;PROMOCION DIVULGACION;junio;COP; Volanteador mujer promotora en la ciudad de Bogotá, servicio x 4 horas (ropa negra) 1 día PROVEEDOR GRUPO SELLO;POSGRADO;25/06/2026;INSTITUCIONALES ;351.050,00
1000024376;CARTUCHO SANITARIO  GENEBRE;;junio;COP; SUMINISTRO DE MATERIALES DE FERRETERIA PARA TALLER DE MANTENIMIENTO COT 2958, PROVEEDOR: FERRETERIA LA 73, VALOR: $ 4.296.798,;GESTIÓN DE INFRAESTRUCTURA Y PLANTA FÍSICA;25/06/2026;ELEM. FERRETERIA C;4.296.776,00
1000024389;DESAYUNOS DECAMERÓN;ALIMENTOS (DESAYU-REFRIG-ALMUERZO);junio;COP; Formalmente informo la gestión del pedido correspondiente a la adquisición de desayunos destinados al proyecto de Decamerón.;FORMACIÓN A LA MEDIDA;02/07/2026;ALIMENTACION Y REF;1.686.528,00
1000024410;SERVICIO DE ALIMENTACIÓN - ESENTTIA;ALIMENTOS (DESAYU-REFRIG-ALMUERZO);junio;COP; Beatriz Cavelier La Focaccia Gourmet NIT 51.739.006 -2 Tels: 315- 893 9399   ESTACION DE CAFÉ CON GALLETAS: 30 pax Café, arom;FORMACIÓN A LA MEDIDA;30/06/2026;ALIMENTACION Y REF;2.640.600,00
1000024395;CINTA TRANSPARENTE;;junio;COP; Compra insumos papeleria para cubrir las nesecidades del Proceso de gestion Documental;GESTIÓN DOCUMENTAL;24/06/2026;PAPELERÍA ;0
1000024401;SUSCRIPCION PASSPORT;BASE DE DATOS;junio;USD; Suscripción por primera vez a la base de datos académica Passport por un año.Periodo Julio 15 2026 a Julio 14 2027. Unico pa;BIBLIOTECA;18/08/2026;LICENCIAS Y SUBSCR;16.625,00
1000024402;MATERIAL DIDACTICO DIGITAL;;junio;COP; LICENCIAS DE EXCEL MARZO Y ABRIL 2026  DIPLOMADO EXCEL VIRTUAL COHORTE 3 - 8 PARTICIPANTES: $3.648.000 CURSO EXCEL VIRTUAL COHO;EDUCACIÓN CONTINUADA PROYECTOS;01/07/2026;LICENCIAS Y SUBSCR;16.148.000,00
1000024403;MATERIAL DIDACTICO DIGITAL;;junio;COP; LICENCIAS EXCEL MAYO 2026  CURSO EXCEL PAT COHORTE 3 - 24 PARTICIPANTES: $11.808.000 CURSO EXCEL VIRTUAL COHORTE 4 - 8 PARTICIP;EDUCACIÓN CONTINUADA PROYECTOS;01/07/2026;LICENCIAS Y SUBSCR;55.012.000,00
1300003353;MANUTENCION;MANUTENCION;junio;COP; VIATICOS ANDRES OTALORA DEL 8 AL 11 DE JULIO PUERTO CARREÑO CIERRE FASE 1 PROYECTO CLUA;RECTORÍA;24/06/2026;VIAJES;500.000,00
1000024375;CONVALIDACIÓN;ESTUDIO DE SEGURIDAD;junio;COP; Estudio de seguridad inscritos al semillero profesoral;SELECCIÓN DEL TALENTO Y CALIDAD DE VIDA;24/06/2026;SERVICIOS PROFESIO;1.814.750,00
1000024396;Recertificación Friendly Biz Corporativo;TRAMITES LICENCIAS;junio;COP; Se requiere la recertificación con el Sello Internacional Friendly Biz para fortalecer y dar continuidad a la estrategia insti;GESTIÓN DE CALIDAD Y DE LOS PROCESOS;26/06/2026;SERVICIOS PROFESIO;23.800.000,00
1000024397;HONORARIOS AUDITORIA 2026-2;HONORARIOS;junio;COP; Contratación Auditoría Interna para la vigencia 2026 -2029 Proveedor: KPMG Advisory, Tax <(>&<)> Legal S.A.S;RECTORÍA;07/07/2026;SERVICIOS PROFESIO;1.401.421.951,00
1000024399;SERVICIO DE INTERNET STARLINK POPAYAN;SERVICIO INTERNET;junio;COP; SERVICIO DE INTERNET – POPAYAN Supervisor: Henry Diaz Proveedor: Starlink Valor de la compra: COP $905.884 incluido Vigencia:;EXPERIENCIA DE USUARIO;25/06/2026;SERVICIOS IT ;905.884,00
1000024420;EDTECH MAYO 2026;HONORARIOS;junio;COP; EDTECH SOLUCIONES DE COLOMBIA SAS 58 solicitudes realizadas en el mes de Mayo 2026  c/u 42.490,20;DIRECCIÓN DE RECURSOS FINANCIEROS;24/06/2026;OUTSOURCING ;2.464.432,00
1000024378;VINILO PAPELERIA;;junio;COP; Compra impresiones en Vinilos para sala de formación de Biblioteca. BP de proveedor KATODE 1000011959 Contacto: Andrea Avilés;BIBLIOTECA;01/07/2026;IMPRESOS ;1.100.239,00
1000024377;45 REFRIGERIOS PROGRAMA DE GRADO;ALIMENTOS (DESAYU-REFRIG-ALMUERZO);junio;COP; 45 REFRIGERIOS PARA REALIZAR COCTEL DE CIERRE PARA PROGRAMA DE GRADO COHORTE 3 Y 4 - CORPADEIN. EDUCACIÓN CONTINUA.;EDUCACIÓN CONTINUADA PROYECTOS;06/07/2026;ALIMENTACION Y REF;1.879.216,00
1000024411;Estacion de café con galletas, aromatica;ALIMENTOS (DESAYU-REFRIG-ALMUERZO);junio;COP; ADICIONAL DE SERVICIO DE BEBIDAS ENVENTO REUNION CEPE  PROVEEDOR GRUPO PROMO.;GESTIÓN COMERCIAL EVENTOS EXTERNOS;25/06/2026;ALIMENTACION Y REF;77.760,00
1000024379;COMISION;PROMOCION DIVULGACION;junio;COP; BONOS REGALO 22 BIGPASS ACTIVIDADES COMERCIALES PYC;CENTRO DE CONTACTO;01/07/2026;BONOS ;22.843.852,00
1000024398;5 LICENCIAS CLAUDE INVESTIGACIONES;LICENCIAS Y SOFTWARE;junio;USD; LICENCIAS CLAUDE INVESTIGACIONES Proveedor: Anthropic Supervisor: Henry Diaz Valor de la compra: USD $1.200 Exento de IVA Forma;EXPERIENCIA DE USUARIO;25/06/2026;LICENCIAS Y SUBSCR;1.200,00
1300003362;Manutenación_Maria Monica Ruiz;MANUTENCION;junio;COP; Gastos de viaje Maria Monica Ruiz Escobar Neiva 7 de julio;GERENCIA DE PROYECCIÓN Y CRECIMIENTO;26/06/2026;VIAJES;400.000,00
1300003363;Clic - Reserva AAHBGWP;PASAJES AEREOS;junio;COP; Zeppelin tiquetes Reserva AAHBGWP Maria Monica Ruiz Escobar Bogotá - Neiva / Clic Neiva - Bogota / Avianca;GERENCIA DE PROYECCIÓN Y CRECIMIENTO;30/06/2026;VIAJES;953.599,00
1000024405;PROYECTO ACTUALIZACION;HONORARIOS;junio;COP;;GESTIÓN DOCUMENTAL;01/07/2026;SERVICIOS PROFESIO;0
1400015910;Servicios sergio orjuela;HONORARIOS ASESORIA TECNICA;junio;COP; Servicio Asesooria Sergio Orjuela Valor: 1.200.000 primer pago;EVALUACIÓN Y DESARROLLO INTEGRAL;02/07/2026;SERVICIOS PROFESIO;1.200.000,00
1000024406;096 ESCRITORIO 1,30*0,73 METALICO ENCHAP;;junio;COP; SUMINISTRO E INSTALACION 16 MESAS SALA DE PC L510  Valor $17.707.200 Proveedor Arca servicio;GESTIÓN DE INFRAESTRUCTURA Y PLANTA FÍSICA;26/06/2026;ACTIVOS Y/O EQUIPO;17.707.200,00
1000024409;BOG0001118943;;junio;COP;  Proveedor: EYS Envíos S.A.S. BP: 1000340074 Desde la Gerencia de Investigación y Transferencia, en el mes de julio de 2025,;UNIDAD DE DESARROLLO;01/07/2026;ACTIVOS Y/O EQUIPO;323.700,00
1000024407;HERRAMIENTAS Y ACCESORIOS;;junio;COP; SUMINISTRO  DE 20 DISPENSADORES DE JABON LIQUIDO EN ACERO INOXIDABLE PARA BAÑOS PISO 4, 5 Y 6 Ed.LEGACY  Valor $6.330.800 Prov;GESTIÓN DE INFRAESTRUCTURA Y PLANTA FÍSICA;30/06/2026;ELEM. FERRETERIA C;6.330.800,00
1000024408;TROND Outlet Extender SurgeProtector 2 P;;junio;USD; Proveedor Amazón BP: 1000254772 Compras:Herramientas y Accesorios / Materiales de Laboratorio 1- TROND Outlet Extender SurgePr;UNIDAD DE DESARROLLO;14/07/2026;ELEM. FERRETERIA C;185,46
1000024412;ALMUERZO EJECUTIVO;GASTOS DE REPRESENTACION;junio;COP; ALMUERZO EJECUTIVO CONCILIACION TC GASTO DE REPRESENTACION;DIRECCIÓN DE EXTENSIÓN COMERCIAL;30/06/2026;ALIMENTACION Y REF;436.600,00
1000024452;REFRIGERIO ESTANDAR;ALIMENTOS (DESAYU-REFRIG-ALMUERZO);junio;COP; SERVICIO DE ALIMENTOS Y BEBIDAS BOENBENIDA REGIONALES. PROVEEROR GRUPO PROMO;PROTOCOLO Y GESTIÓN DE EVENTOS INTERNOS;25/06/2026;ALIMENTACION Y REF;572.600,00
1000024441;PATRON DE TURBIDEZ 0,02 NTU, 500 ML;;junio;COP; Patrones de turbidez (turbidimetro Merck) Proveedor: DIMSSA SAS BP: 1000275067;LABORATORIOS DE INGENIERÍA;02/07/2026;ELEM. LABORATORIO ;1.963.500,00
1000024421;SUSCRIPCION;SUSCRIPCIONES;junio;COP; ADSMURAI Nuevo alcance del proyecto: 1. Implementación de conversiones Offline para TikTok para CRM Zoom 2. Configuración GA4;PUBLICIDAD;06/07/2026;LICENCIAS Y SUBSCR;15.113.000,00
1300003354;Manutención (Alimentación);INGRESOS TERCEROS;junio;COP; Gastos manutención bootcamp Choco del 10 de Julio al 13 de Julio QUE INCLUYEN TRANSPORTES INTERNOS, TRANSPORTES AEROPUERTO NUT;EAN IMPACTA;30/06/2026;VIAJES;1.112.000,00
1300003355;TIQUETE AAHERMW - BOG - CHOCO;INGRESOS TERCEROS;junio;COP; JOSE LUIS VALLE BENEDETTI COP COP 527,952 Salida Llegada Cia Vuelo El Dorado (BOG) 10-jul.-2026 - 14:20 Quibdo (UIB) 10-jul.-20;EAN IMPACTA;10/07/2026;VIAJES;535.663,00
1000024422;DESTRUCCION DE MATERIAL POP;OTROS SERVICIOS;junio;COP; DESTRUCCION DE MATERIAL POP MILLONARIOS Eliminación del residuo mediante Termo destrucción controlada garantizando: • Destr;PUBLICIDAD;21/07/2026;SERVICIOS PROFESIO;390.000,00
1000024440;Mantenimiento Equilibrio Julio;HONORARIOS ASESORIA TECNICA;junio;COP; MANTENIMIENTO EQUILIBRIO JULIO;EAN X PROYECTOS;03/07/2026;SERVICIOS PROFESIO;4.400.000,00
1000024450;PAGO ONTOP FERNANDA GUADALUPE;HONORARIOS ASESORIA TECNICA;junio;USD; OnTop: Pago Docente Internacional Fernanda Guadalupe Autor Aves;MEDIACIONES DIDÁCTICAS;25/06/2026;SERVICIOS PROFESIO;2.150,00
1000024451;Estructura Roll Up Regionales;AVISOS Y PROPAGANDA;junio;COP;;REGIONES;10/08/2026;SERVICIOS PROFESIO;0
1000024453;SERV SISO PARA MTTO ILUMINACION LEGACY;HONORARIOS ASESORIA TECNICA;junio;COP; SERVICIO DE ACOMPAÑAMIENTO SISO PARA MANTENIMIENTO DE ILUMINACION, PROVEEDOR: HIGT LIGHTS, VALOR: $452.200, CASO:83004;GESTIÓN DE INFRAESTRUCTURA Y PLANTA FÍSICA;30/06/2026;SRV MTTO INFRAESTR;452.200,00
1000024454;SERV INSTA TAPETE NUEVA OF GESTION DOCUM;SERVICIO MANTO. CONSTRUCCIONES Y EDIFICA;junio;COP; SERVICIO INSTALACION DE ALFOMBRA NUEVA OFICINA GESTION DOCUMENTAL, PROVEEDOR: EXPOPISOS, VALOR: $452.200, CASO:;GESTIÓN DE INFRAESTRUCTURA Y PLANTA FÍSICA;30/06/2026;SRV MTTO INFRAESTR;502.920,00
1000024424;Anticipo Pisa alfombra batiente puerta d;MANTENIMIENTO AUTOMOTRIZ;junio;COP; Anticipo 100% mantenimiento general (LATONERIA Y PINTURA), de la camioneta asignada a la Rectoría.;RECTORÍA;30/06/2026;ELEM. FERRETERIA C;1.497.415,00
1000024442;LIBROS Y MATERIAL BIBLIOGRAFICO;;junio;COP; enguas Modernas Editores S.A.S  NIT: 830.005.414-1 Tel: Asesor: Forma de Pago: UNIVERSIDAD EAN / COTIZACION 2 Cra 11 # 78-47 Ca;FORMACIÓN A LA MEDIDA;30/06/2026;LIBROS ;2.373.000,00
1000024423;REFRIGERIOS PORTUGUÉS [FOCACCIA];ALIMENTOS (DESAYU-REFRIG-ALMUERZO);junio;COP; COTIZACIÓN 875 LA FOCACCIA GOURMET Beatriz Cavelier La Focaccia Gourmet NIT 51.739.006 -2 Tels: 315- 893 9399  UNIVERSIDAD EAN;EDUCACIÓN CONTINUADA PROYECTOS;30/06/2026;ALIMENTACION Y REF;459.860,00
1000024457;Estacion permanente de café, aromatica,a;ALIMENTOS (DESAYU-REFRIG-ALMUERZO);junio;COP; SERVICIO DE ALMENTO Y BEBIDAS EVENTO COLOMBIA ECXELENTE .PROVEEDO GRUPO PROMO;GESTIÓN COMERCIAL EVENTOS EXTERNOS;07/07/2026;ALIMENTACION Y REF;6.943.700,00
1000024455;Impresión cartilla tamaño;INGRESOS TERCEROS;junio;COP; Bogotá 22 junio de 2026 COTIZACION Señor(es): Universidad EAN Nit - 860026058 Dando respuesta a su amable solicitud con mucho;EAN IMPACTA;30/06/2026;PAPELERÍA ;378.600,00
1000024456;lapiz midado;INGRESOS TERCEROS;junio;COP; COTIZACION Señor(es): Universidad EAN Dando respuesta a su amable solicitud con mucho gusto les estamos cotizando los siguient;EAN IMPACTA;01/07/2026;PAPELERÍA ;414.000,00
1000024458;MICROFONO ULXD SM58;ALQUILER EQUIPO AUDIOVISUAL;junio;COP; SOLICITUD DE SERVICIO DE AUDIOVISUAL PARA EVENTO COLOMBIA ECXELENTE. PROVEEDOR NEXTPRO.;GESTIÓN COMERCIAL EVENTOS EXTERNOS;01/07/2026;SERVICIOS PROFESIO;404.600,00
1000024425;ADICION CORREOS MASIVOS 2026;LICENCIAS Y SOFTWARE;junio;COP; LICENCIA DE CORRREOS MASIVOS Supervisor: Henry Diaz Proveedor: Correos masivos Colombia Valor total de la compra: COP $6.854.40;EXPERIENCIA DE USUARIO;09/07/2026;LICENCIAS Y SUBSCR;6.854.400,00
1000024460;POLIZA GARANTIA DE SERIEDAD COLSUBSIDIO;SEGUROS POLIZAS CUMPLIMIENTO;junio;COP; POLIZA GARANTIA DE SERIEDAD COLSUBSIDIO SERIEDAD: 01200 4534708 $ 500.058;DIRECCIÓN DE EXTENSIÓN COMERCIAL;01/07/2026;SEGUROS;500.058,00
1300003335;Tiquete Prof. Enrique Monsalve;PASAJES AEREOS;junio;COP; Compra tiquete Querataro Bogota Queretaro para el profesor Enrique Monsalve Basurto del 13 al 23 de agosto por valor de 2.457.9;GERENCIA DE INTERNACIONALIZACIÓN Y RELACIONES INSTITUCIONALES;10/07/2026;VIAJES;2.455.446,00
1300003356;Reserva AAHFLWQ - Sandra Bulla;PASAJES AEREOS;junio;COP; Zeppelin Tiquetes Reserva AAHFLWQ Bogotá - Pereira - Bogotá 14 - 17 de julio Consultoría Aris Mining;CONSULTORÍA ESPECIALIZADA;14/07/2026;VIAJES;2.548.116,00
1300003357;Reserva AAHFLYY - Danny Losada;PASAJES AEREOS;junio;COP; Zeppelin Tiquetes Reserva AAHFLYY Medellin - Pereira 14 de julio Consultoría Aris Mining;CONSULTORÍA ESPECIALIZADA;15/07/2026;VIAJES;261.657,00
1300003358;Reserva AAHFMEK - Danny Losada;PASAJES AEREOS;junio;COP; Zeppelin Tiquetes Reserva AAHFMEK Pereira - Bogota 17 de julio Consultoria Aris Mining;CONSULTORÍA ESPECIALIZADA;15/07/2026;VIAJES;533.289,00
1300003359;Reserva AAHFMCU - Silvio Lopez;PASAJES AEREOS;junio;COP; Zeppelin Tiquetes Reserva AAHFMCU Bogotá - Pereira - Bogotá 16 - 17 de julio Consultoria Aris Mining;CONSULTORÍA ESPECIALIZADA;15/07/2026;VIAJES;874.362,00
1300003370;Reserva AAHFMIZ - Maria Monica Ruiz;PASAJES AEREOS;junio;COP; Zeppelin Tiquetes Reserva AAHFMIZ Bogotá - Cartagena - Bogotá 2 - 6 de septiembre Consultoría Minera Cobre;CONSULTORÍA ESPECIALIZADA;15/07/2026;VIAJES;2.098.384,00
1000024459;Maquillaje profesional Brigitte Baptiste;HONORARIOS;junio;COP; prestación del servicio de maquillaje para la rectora, Brigitte, para sesión de fotos profesionales, a cargo de TANIA CRUZ MO;RECTORÍA;01/07/2026;SERVICIOS PROFESIO;500.000,00
1000023149;SALIDA ACAD-BIMBO;PASAJES TERRESTRES;marzo;COP; Solicitud tramite trasporte  salida de campo  Bimbo Panadería/Planta: Bimbo de Colombia, Tenjo 1 Dirección: KM 12 AUTOPISTA M;FACULTAD DE INGENIERÍA;02/03/2026;TRANSPORTE ;900.000,00
1000023102;ESPECIAL EDUCATIVO REVISTA SEMANA;PROMOCION DIVULGACION;marzo;COP; Especial Educación Revista Semana 2025 Impreso Content o Publi 1 pági + adaptación a digital + distribución en RRSS;CONSULTORIA PRIVADA;05/03/2026;INSTITUCIONALES ;21.420.000,00
1000023158;PATROCINIO- EMPRESARIO DEL AÑO LA REPUBL;PROMOCION DIVULGACION;marzo;COP; Descripción del evento: El Empresario del Año es uno de los reconocimientos más emblemáticos del diario La República, con;GESTIÓN DE COMUNICACIONES Y PUBLICIDAD;05/03/2026;INSTITUCIONALES ;20.000.000,00
1000023126;KIT CONTROL DE DERRAMESHAZMAT 5 GALONE;;marzo;COP; kIT DE DERRAMES PARA SUSTANCIAS QUIMICAS SEGAMCOL SAS SEGURIDAD AMBIENTAL DE COLOMBIA S.A.S.;SISTEMA DE GESTIÓN DE LA SEGURIDAD Y SALUD EN EL TRABAJO;02/03/2026;DOTACIÓN Y ELEM. D;159.936,00
1000023138;CHUPA BAÑO  INDUTRIAL AZUL;;marzo;COP; SUMINISTRO MATERIALES DE FERRETERIA PARA TALLER DE MANTENIMIENTO, PROVEEDOR: FERRETERIA LA 73, VALOR: $2.403.700,CASO:75971;GESTIÓN DE INFRAESTRUCTURA Y PLANTA FÍSICA;04/03/2026;ELEM. FERRETERIA C;2.403.776,00
1000023127;SER. MTTO Y JARDINERIA EORI 2026;HONORARIOS;marzo;COP; SERVICIO DE MANTENIMIENTO Y JARDINERIA POR DIEZ (10) MESES DE LA SEDE EAN ORINOQUIA  Valor Mes $3.046.329 Proveedor: Miyer Hern;EAN ORINOQUIA;04/03/2026;ASEO Y CAFETERIA ;3.046.329,00
1000023159;REUNIÓN IAGORA MARZO 2;GASTOS DE REPRESENTACION;marzo;COP; REFRIGERIOS REUNIÓN IAGORA 2 DE MARZO;GERENCIA DE PROYECCIÓN Y CRECIMIENTO;02/03/2026;ALIMENTACION Y REF;258.320,00
1000023105;Tasa Anual Para Patentes 9 a 12 año en l;TRAMITES LICENCIAS;marzo;COP;" Anticipo al 100% Tasa Anual para Patentes de Invención del 9 a al 12 año en línea RESOLUCIÓN NÚMERO 77243 DE 2025 ""Por la";UNIDAD DE INNOVACIÓN Y TRANSFERENCIA;09/03/2026;LICENCIAS Y SUBSCR;904.000,00
1000023106;Tasa Anual Para Patentes 5 a 82 año en l;TRAMITES LICENCIAS;marzo;COP;" Anticipo al 100% Tasa Anual para Patentes de Invención del 5 a 8 año en linea RESOLUCIÓN NÚMERO 77243 DE 2025 ""Por la cual";UNIDAD DE INNOVACIÓN Y TRANSFERENCIA;09/03/2026;LICENCIAS Y SUBSCR;603.500,00
1000023107;Tasa Anual Para Patentes 5 a 82 año en l;TRAMITES LICENCIAS;marzo;COP;" Anticipo al 100% Tasa Anual para Patentes de Invención del 5 a 8 año en linea RESOLUCIÓN NÚMERO 77243 DE 2025 ""Por la cual";UNIDAD DE INNOVACIÓN Y TRANSFERENCIA;07/04/2026;LICENCIAS Y SUBSCR;603.500,00
1000023129;Inscripción congreso COMRED 2026.;INSCRIPCION EVENTOS NACIONAL - INTERNACI;marzo;EUR; Creación de Caso [76081] Pago de inscripción al congreso COMRED 2026. Estudiantes:  Tomas Daniel Mesa - Nathalia Bustos Canto;DIRECCIÓN DE INVESTIGACIONES;04/03/2026;LICENCIAS Y SUBSCR;360
1000023139;Pago plataforma Google;LICENCIAS Y SOFTWARE;marzo;COP; Automatización de campañas de EanX por medio de software de gestión de la red social Google.;EAN X PROYECTOS;03/03/2026;LICENCIAS Y SUBSCR;2.820.812,00
1300003042;COMPRA TIQUETES AAGJNBO;;marzo;COP; PROYECTO CALLE 72 COMPRA DE TIQUETES DEL 03 AL 07 DE MARZO DE 2026. VALOR TOTAL $ 5.599.978 OBJETO: SOCIALIZACIÓN PROYECTO HUM;GESTIÓN DE INFRAESTRUCTURA Y PLANTA FÍSICA;06/03/2026;VIAJES;2.150.418,00
1000023125;WORKSHOP LIDERANDO EN EL CAMBIO;HONORARIOS ASESORIA TECNICA;marzo;COP; WORKSOP LIDERANDO EN EL CAMBIO - PLURUM 1. Apertura y Encuadre (20 min): Generar seguridad psicológica y reconocer la carga em;GERENCIA DE PROYECCIÓN Y CRECIMIENTO;03/03/2026;SERVICIOS PROFESIO;9.401.000,00
1000023128;Pago THE;TRAMITES LICENCIAS;marzo;USD; pago de Ranking Times Higher Education Impact;OFICINA DE PROYECTOS PMO;05/03/2026;SERVICIOS PROFESIO;4.690,00
1000023174;congreso inter contratacion publica;STAND FERIA;marzo;COP; Participación del equipo de EAN Empresas en el Congreso Internacional de Contratación Pública 18,19 y 20 de 2026 Barranquill;GERENCIA DE PROYECCIÓN Y CRECIMIENTO;10/03/2026;EVENTOS ;1.500.000,00
1000023183;SUMINISTRO E INSTALACION DE MALLAS POLID;SERVICIO MANTO. CONSTRUCCIONES Y EDIFICA;marzo;COP; SUMINISTRO E INSTALACION DE MALLAS PARA VENTANAS POLIDEPORTIVO, PROVEEDOR: MALLAS Y REDES J.U, VALOR: $ 1.965.000,CASO:76120;GESTIÓN DE INFRAESTRUCTURA Y PLANTA FÍSICA;18/03/2026;SRV MTTO INFRAESTR;1.965.000,00
1000023171;MICROFONOS PARA COM. IMPACTA;;marzo;COP; COMPRA DE MICROFONOS PARA COMUNICACIONES DE LA GERENCIA IMPACTA;EMPRENDIMIENTO;04/03/2026;ACTIVOS Y/O EQUIPO;523.481,00
1000023182;TRANSPORTE A BOGOTA COMPLETO;TRANSPORTE FLETES ACARREOS;marzo;COP; Buen día, por favor tramitar el alquiler de los siguientes productos y servicios para el Open day de prácticas 2026-2 que se;PRÁCTICAS PROFESIONALES Y TRABAJOS DE GRADO;04/03/2026;TRANSPORTE ;8.218.021,00
1000023109;HERRAMIENTAS Y ACCESORIOS;;marzo;COP; Kit de Emergencias para brigad PROYECCIÓN X;SISTEMA DE GESTIÓN DE LA SEGURIDAD Y SALUD EN EL TRABAJO;03/03/2026;DOTACIÓN Y ELEM. D;1.530.000,00
1000023163;Carnets de tamizaje a postgrados;PROMOCION DIVULGACION;marzo;COP; SOLICITUD DE CASOS Actividad: Carnets de tamizaje a postgrados Descripción:  Carnets de tamizaje a postgrados para factores de;BIENESTAR UNIVERSITARIO;03/03/2026;IMPRESOS ;170.170,00
1000023108;Barra de sodas;ALIMENTOS (DESAYU-REFRIG-ALMUERZO);marzo;COP; ADICIONALES DE SERVICIO DE BEBIDAS ENVENTO EMBAJADA DE FRANCIA PROVEEDOR GRUPO PROMO.;GESTIÓN COMERCIAL EVENTOS EXTERNOS;05/03/2026;ALIMENTACION Y REF;1.609.800,00
1000023160;Refrigerios reunión procesos biblioteca;ALIMENTOS (DESAYU-REFRIG-ALMUERZO);marzo;COP; SOLICITUD DE CASOS  Actividad:  Refrigerios para procesos Biblioteca  Descripción:  Refrigerios para equipo de Biblioteca y to;BIENESTAR UNIVERSITARIO;03/03/2026;ALIMENTACION Y REF;189.000,00
1000023173;EL CORRAL GASTO DE REPRESENTACION;GASTOS DE REPRESENTACION;marzo;COP; gasto de representacion -el corral-TC;GERENCIA DE PROYECCIÓN Y CRECIMIENTO;05/03/2026;ALIMENTACION Y REF;252.875,00
1000023180;BARRA DE SONAS;ALIMENTOS (DESAYU-REFRIG-ALMUERZO);marzo;COP; SERVICIO DE ALIMENTOS Y BEBIDAS  CALA IMPACTA . PROVEEDOR GRUPO PROMO;GESTIÓN COMERCIAL EVENTOS EXTERNOS;05/03/2026;ALIMENTACION Y REF;178.200,00
1000023181;REFRIGERIOS VOCEROS;ALIMENTOS (DESAYU-REFRIG-ALMUERZO);marzo;COP; MOTIVO: Refrigerio para Voluntarios de Cuerpo de PAZ - FHCS PROVEEDOR: DOEAT -   BP: 1000100192 VALOR: $114.400;FACULTAD DE HUMANIDADES Y CIENCIAS SOCIALES;05/03/2026;ALIMENTACION Y REF;114.400,00
1000023161;Pago membresía AFADECO 2026;AFILIACIONES MEMBRESIAS INTERNACIONALES;marzo;COP; Pago membresía AFADECO 2026. Valor solped: 2.252.715 COP;GERENCIA DE INTERNACIONALIZACIÓN Y RELACIONES INSTITUCIONALES;06/03/2026;LICENCIAS Y SUBSCR;5.252.715,00
1000023164;14 LICENCIAS ACCESO PLATAFORMA CERTIPROF;ALQUILER DE SOFTWARE Y LICENCIAS;marzo;COP;" COMPRA LICENCIAS (VOUCHER) ACCESO A PLATAFORMA PARA PRESENTAR EXAMEN CERTIPROF ""SCRUM MASTER"" - PROGRAMA EDUCACIÓN CONTINUA -";EDUCACIÓN CONTINUADA PROYECTOS;11/03/2026;LICENCIAS Y SUBSCR;7.309.575,00
1000023191;PASAJES TERRESTRES RIVERA 11 AL 14 MARZO;PASAJES TERRESTRES;marzo;COP; NOMBRE DEL PROFESOR: JUAN CARLOS RIVERA RUEDA CC: 79864218 EVENTO: ASAMBLEA AFADECO FECHA IDA Y REGRESO:11 AL 14 DE MARZO DE 20;FACULTAD DE ADMINISTRACION;05/03/2026;VIAJES;1.200.000,00
1300003051;TRANSPORTE TERRESTRE;PASAJES TERRESTRES;marzo;COP; VIÁTICOS TRANSPORTE Y ALIMENTACIÓN - VIAJE BECAS POR COLOMBIA ARMENIA  BRIGITTE LUIS GUILLERMO BAPTISTE BALLERA - CC. 7915745;REGIONES;05/03/2026;VIAJES;270.000,00
1300003052;TRANSPORTE TERRESTRE;PASAJES TERRESTRES;marzo;COP; VIÁTICOS TRANSPORTE Y ALIMENTACIÓN - VIAJE ARMENIA BECAS POR COLOMBIA  MARIA FERNANDA ROZO CORREA - CC. 35419791 - BP 1000047;REGIONES;05/03/2026;VIAJES;530.000,00
1300003053;TRANSPORTE TERRESTRE;PASAJES TERRESTRES;marzo;COP; VIÁTICOS TRANSPORTE Y ALIMENTACIÓN - VIAJE ARMENIA BECAS POR COLOMBIA  JOSE ALFONSO MORENO LOBO - CC. 88247153 - BP 100004701;REGIONES;05/03/2026;VIAJES;270.000,00
1300003054;PASAJES TERRESTRES CARLOS 06 AL 08 MARZO;PASAJES TERRESTRES;marzo;COP; NOMBRE DEL PROFESOR: RODRIGUEZ BENAVIDES CARLOS EDUARDO CC: 80087985 CELULAR: 3167429405 UNIDAD DE ESTUDIO: POP ELEC III COSTOS;FACULTAD DE ADMINISTRACION;19/03/2026;VIAJES;425.000,00
1300003055;Alojamiento Diego Matituy en Londres;ALOJAMIENTO;marzo;COP; Pago por RESERVA DE ALOJAMIENTO para DIEGO ARMANDO MATITUY TORRES, en Londres – Reino Unido, en el HOTEL HILTON LONDON METROP;GERENCIA DE INTERNACIONALIZACIÓN Y RELACIONES INSTITUCIONALES;06/03/2026;VIAJES;4.334.841,00
1300003056;TRANSPORTE TERRESTRE;PASAJES TERRESTRES;marzo;COP; VIÁTICOS TRANSPORTE Y ALIMENTACIÓN - VIAJE COMERCIAL POPAYÁN  MARIA DEL PILAR PATIÑO HERRERA - CC. 1012389723 - BP 10001926;REGIONES;05/03/2026;VIAJES;985.000,00
1300003057;Tiquete a Pittsburgh para Lucy Guerrero;PASAJES AEREOS;marzo;COP; Compra de TIQUETE para LUCY ESTELA GUERRERO LINDARTE quien visitará la Indiana University of Pennsylvania, en el marco de la c;GERENCIA DE INTERNACIONALIZACIÓN Y RELACIONES INSTITUCIONALES;06/03/2026;VIAJES;3.137.614,00
1300003058;Tiquete a Cali para Lucy E. Guerrero;PASAJES AEREOS;marzo;COP; Compra de TIQUETE para LUCY ESTELA GUERRERO LINDARTE, quien participará en la Asamblea General de CCYK que se realizará en Ca;GERENCIA DE INTERNACIONALIZACIÓN Y RELACIONES INSTITUCIONALES;06/03/2026;VIAJES;664.003,00
1000023162;Residuos peligrosos febrero;TRANSPORTE FLETES ACARREOS;marzo;COP; Recolección y transporte de residuos peligrosos generados en las sedes laboratorios y campus El Nogal para el mes de febrero.;GESTIÓN DE CALIDAD Y DE LOS PROCESOS;09/03/2026;SERVICIOS PROFESIO;129.039,00
1000023190;Espacio de Sinergia y Construcción Colec;ASISTENCIA TECNICA;marzo;COP; Espacio de Sinergia y Construcción Colectiva Proveedor: Gira Consultoría Valor de la compra: $6.545.000 IVA incluido Forma de;PROYECTOS TECNOLÓGICOS;16/03/2026;SERVICIOS PROFESIO;6.545.000,00
1000023192;SERVICIO INSTALACION DE ORINALES S1 LEGA;SERVICIO MANTO. CONSTRUCCIONES Y EDIFICA;marzo;COP; SERVICIO SUMINISTRO E INSTALACION DE ORINALES EN DUCHAS DE SOTANO 1 LEGACY, PROVEEDOR: RCA, VALOR: $5.144.193, CASO:76168;GESTIÓN DE INFRAESTRUCTURA Y PLANTA FÍSICA;06/03/2026;SRV MTTO INFRAESTR;5.144.193,00
1000023193;SUMINI E INST PUNTOS DE ANCLAJE TANQUES;SERVICIO MANTO. CONSTRUCCIONES Y EDIFICA;marzo;COP; SERVICIO DE SUMINUSTRO E INSTALACION PUNTOS DE ANCLAJE EN TANQUES DE ALMACENAMIENTO DE AGUA, PROVEEDOR: SEINTEG, VALOR: $3.360.;GESTIÓN DE INFRAESTRUCTURA Y PLANTA FÍSICA;06/03/2026;SRV MTTO INFRAESTR;3.360.242,00
1000023186;FF Eureka (Regular, Italia y Bold) 1 Paq;OTROS SERVICIOS;marzo;USD; Caso 76182 Proveedor MyFonts In BP: 1000350711 Servicio: Se realiza en el marco del desarrollo de la traducción del libro Huma;PUBLICACIONES CIENTIFICAS Y DOCENTES;06/03/2026;INTERNACIONALES ;198,99
1000023188;Taller DM - Villeta - Yacopi;PASAJES TERRESTRES;marzo;COP; Bogotá, 04 Marzo 2026 Señores UNIVERSIDADEAN MAURICIOAVILASANCHEZ Cordial Saludo. Dando respuesta a su solicitud y agradecien;CONTRATACIÓN PÚBLICA;09/03/2026;TRANSPORTE ;1.250.000,00
1000023195;CABIFY VAF FEBRERO 2026;TAXIS BUSES;marzo;COP; SERVICIOS CABIFY MES FEBRERO PARA PAGO EN MARZO 2026 VALOR TOTAL DE $ 1.089.389 LAS AREAS SOLICITANTES SON: EVENTOS Y PROYECTOS;GESTIÓN DE INFRAESTRUCTURA Y PLANTA FÍSICA;27/03/2026;TRANSPORTE ;1.089.389,00
1000023196;TRANSPORTE;TRANSPORTE FLETES ACARREOS;marzo;COP; Buen día, por favor tramitar la compra de 120 refrigerios. Valor total $ 2.228.400 120 refrigerios X $16.500 = $ 1.980.000 8%;PRÁCTICAS PROFESIONALES Y TRABAJOS DE GRADO;09/03/2026;TRANSPORTE ;2.228.400,00
1000023165;CAJAS PILLOW ONCES RECTORES;PROMOCION DIVULGACION;marzo;COP; 60 CAJAS TIPO PILLOW Impresión: Digital Tamaño final: 30 de alto - 23 de ancho - 3 de profundidad Tintas: 4 x 0 Material: Mau;PREGRADO;04/03/2026;INSTITUCIONALES ;2.713.200,00
1000023187;Kit crecimiento lideres;PROMOCION DIVULGACION;marzo;COP; Elementos kit de energia de crecimiento Workshop lideres 6 de marzo;PREGRADO;09/03/2026;INSTITUCIONALES ;1.171.111,00
1000023194;INSTALACIÓN DE PANELES ECOLÓGICOS;SERVICIO ACCESORIOS Y ELEMEN DECORATIVOS;marzo;COP; SUMINISTRO E INSTALACIÓN DE PANELES ECOLÓGICOS MUROS DE ACCESO A AUDITORIOS - VALOR: $2'990.470;GESTIÓN DE INFRAESTRUCTURA Y PLANTA FÍSICA;06/03/2026;DOTACIÓN Y ELEM. D;2.990.470,00
1000023206;UNIFORMES DEPORTIVOS DE FUTBOL;;marzo;COP; SOLICITUD DE CASOS Actividad:  Uniformes deportivos 2026-1 Descripción:  Compra de uniformes para los grupos representativos d;BIENESTAR UNIVERSITARIO;05/03/2026;DOTACIÓN Y ELEM. D;6.112.000,00
1000023169;Barra de sodas;ALIMENTOS (DESAYU-REFRIG-ALMUERZO);marzo;COP; SOLICITUD DE SERVICIO DE BEBIDAS ENVENTO SEGUNDA TEMPORADA PETROVERSO PROVEEDOR GRUPO PROMO;GESTIÓN COMERCIAL EVENTOS EXTERNOS;09/03/2026;ALIMENTACION Y REF;228.960,00
1000023176;BEBIDAS;ALIMENTOS (DESAYU-REFRIG-ALMUERZO);marzo;COP; MOTIVO: Compra de bebidas para los invitados al Foro de Candidatos Presidenciales PROVEEDOR:  DOEAT -   BP: 1000100192 VALOR: $;FACULTAD DE HUMANIDADES Y CIENCIAS SOCIALES;10/03/2026;ALIMENTACION Y REF;60.000,00
1000023178;SER. VIGILANCIA EVENTO 13 Y 14 DE MARZO;VIGILANCIA;marzo;COP; SERVICIO DE VIGILANCIA EVENTO 13 Y 14 DE MARZO_EMBAJADA DE FRANCIA;GESTIÓN DE INFRAESTRUCTURA Y PLANTA FÍSICA;06/03/2026;ASEO Y CAFETERIA ;392.182,00
1000023205;Refrigerios de jornadas de Bienestar par;ALIMENTOS (DESAYU-REFRIG-ALMUERZO);marzo;COP; SOLICITUD DE CASOS  Actividad:  Refrigerios de jornadas de Bienestar para estudiantes de posgrado y virtuales  Descripción:  E;BIENESTAR UNIVERSITARIO;04/03/2026;ALIMENTACION Y REF;375.000,00
1000023204;JUEGO PLUMILLAS GOMA;MANTENIMIENTO AUTOMOTRIZ;marzo;COP; ANTICIPO DEL 100% para el mantenimiento general (cambio plumillas y suspensión, corrección de camber) a la camioneta asignada;RECTORÍA;05/03/2026;MATERIALES REPUEST;660.000,00
1000023184;BONOS ALKOSTO;PREMIOS - BONOS;marzo;COP;" MOTIVO: Compra de Bonos de Regalo para evento ""Premios Buenas Practicas Docentes"". PROVEEDOR: ALKOSTO FECHA:  12 de marzo VALOR";FACULTAD DE HUMANIDADES Y CIENCIAS SOCIALES;04/03/2026;BONOS ;1.800.000,00
1000023166;HEYGEN ENERO;SUSCRIPCIONES;marzo;USD; LEGALIZACION ENERO TC;GESTIÓN JURÍDICA, LEGAL Y PROTECCIÓN DE DATOS PERSONALES;04/03/2026;LICENCIAS Y SUBSCR;29
1000023167;JUZTINA ENERO;SUSCRIPCIONES;marzo;USD; lEGALIZACIÓN DE ENERO TC;GESTIÓN JURÍDICA, LEGAL Y PROTECCIÓN DE DATOS PERSONALES;04/03/2026;LICENCIAS Y SUBSCR;60
1000023202;Renovación BD Multilegis por un año;SUSCRIPCIONES BASES DE DATOS;marzo;COP; Renovación anual a la suscripción Base de Datos Académica MultilegiS Periodo 31 de marzo 2026 a 30 de marzo 2027 El valor es;BIBLIOTECA;20/03/2026;LICENCIAS Y SUBSCR;29.118.000,00
1000023175;Bolsa de seguro internacional para viaje;SEGURO ESTUDIANTIL;marzo;COP; Bolsa internacional 3'064.617 correspondiente a continental assist;BIENESTAR UNIVERSITARIO;04/03/2026;SEGUROS;3.064.617,00
1300003029;TRANSPORTE TERRESTRE;PASAJES TERRESTRES;marzo;COP; VIÁTICOS TRANSPORTE Y ALIMENTACIÓN - VIAJE EXPO POSGRADOS MEDELLÍN Y BUCARAMANGA.  ZULEIMA NATALY HERNANDEZ TORRES - CC. 102;REGIONES;05/03/2026;VIAJES;820.000,00
1300003043;tiquetes destino bogota.medellin ida y r;PASAJES AEREOS;marzo;COP; Tiquetes destino bogota-medellin medellin-bogota a silvio andres lopez fecha 10 de marzo 2026;DIRECCIÓN DE EXTENSIÓN COMERCIAL;09/03/2026;VIAJES;475.712,00
1300003060;TRANSPORTE TERRESTRE;PASAJES TERRESTRES;marzo;COP; VIÁTICOS TRANSPORTE Y ALIMENTACIÓN - VIAJE EXPO POSGRADOS MEDELLÍN  LINDA VANESSA PULIDO BERNAL - CC. 1000063660 - BP 100011;NUEVOS MERCADOS;05/03/2026;VIAJES;295.000,00
1300003061;TRANSPORTE TERRESTRE;PASAJES TERRESTRES;marzo;COP; VIÁTICOS TRANSPORTE Y ALIMENTACIÓN - VIAJE EXPO POSGRADOS BUCARAMANGA Y BECAS POR COLOMBIA  EDGAR ARTURO GONZALEZ MONGUI - CC;NUEVOS MERCADOS;05/03/2026;VIAJES;540.000,00
1300003062;TRANSPORTE TERRESTRE;PASAJES TERRESTRES;marzo;COP; VIÁTICOS TRANSPORTE Y ALIMENTACIÓN - VIAJE BUCARAMNGA BECAS POR COLOMBIA  BRIGITTE LUIS GUILLERMO BAPTISTE BALLERA - CC. 7915;NUEVOS MERCADOS;05/03/2026;VIAJES;180.000,00
1300003063;TRANSPORTE TERRESTRE;PASAJES TERRESTRES;marzo;COP; VIÁTICOS TRANSPORTE Y ALIMENTACIÓN - VIAJE BECAS POR COLOMBIA BUCARAMANGA  MARIA FERNANDA ROZO CORREA - CC. 35419791 - BP 100;NUEVOS MERCADOS;05/03/2026;VIAJES;245.000,00
1000023168;APOYO EVENTO;SERVICIOS PARA EVENTOS;marzo;COP; SOLICITUD DE PERSONAL DE LOGISTICA PARA SEGUNDA TEMPORADA PETROVERSO.                 PROVEEDOR ADVANTAGE.;GESTIÓN COMERCIAL EVENTOS EXTERNOS;17/03/2026;SERVICIOS PROFESIO;5.340.701,00
1000023177;Manillas de hilo para dia del genero;PROMOCION DIVULGACION;marzo;COP; SOLICITUD DE CASOS Actividad: Manillas de Hilo para dia mundial del genero Descripción:  Compra de manillas para entrega a com;BIENESTAR UNIVERSITARIO;05/03/2026;SERVICIOS PROFESIO;476.000,00
1000023201;REAN_97.48_Analysis_impact_stakeholders_;HONORARIOS GESTION DEL CONOCIMIENTO;marzo;COP; TVAINS INTERNATIONAL S.A.S. BP: 1000266233 Servicio: 33435 REAN_97.48_Analysis_impact_stakeholders_companies_Vs3_co rreccion_es;PUBLICACIONES CIENTIFICAS Y DOCENTES;10/03/2026;SERVICIOS PROFESIO;1.401.895,00
1000023203;PROYECTO COIL;HONORARIOS ASESORIA TECNICA;marzo;EUR; Capacitacion enfocada en la creación de proyectos COIL,clases espejo y comparación sistémica curricular. Valor: 900 Euros -;EVALUACIÓN Y DESARROLLO INTEGRAL;14/04/2026;SERVICIOS PROFESIO;900
1000023179;REUBICACION EXTRACTOR LAB P1 LEGACY;MANTENIMIENTO MAQUINARIA Y EQUIPO;marzo;COP; SERVICIO DE REUBICACION DE EQUIPO DE EXTRACCION LABORATORIOS DE PISO 1 LEGACY, PROVEEDOR:CLIMANTE, VALOR: $3.177.706, CASO:7632;GESTIÓN DE INFRAESTRUCTURA Y PLANTA FÍSICA;11/03/2026;SRV MTTO INFRAESTR;3.177.706,00
1000023211;SUMI E INST BORNERAS TABLERO AGUA TRATAD;MANTENIMIENTO MAQUINARIA Y EQUIPO;marzo;COP; SERVICIO SUMINISTRO E INSTALACION DE BORNERAS PARA TABLERO ELECTRICO DE BOMBAS PRESION AGUA TRATADA, PROVEEDOR: ARBOMBAS, VALOR;GESTIÓN DE INFRAESTRUCTURA Y PLANTA FÍSICA;17/03/2026;SRV MTTO INFRAESTR;160.650,00
1000023220;SERVICIO DE CERRAJERIA MESA REDONDA E IN;SERVICIO MANTO. CONSTRUCCIONES Y EDIFICA;marzo;COP; SERVICIO DE CERRAJERIA PARA MESA REDONDA Y PUERTA INTERNACIONALIZACION, PROVEEDOR: LLAVES Y CERRADURAS, VALOR: $714.000, CASO:7;GESTIÓN DE INFRAESTRUCTURA Y PLANTA FÍSICA;12/03/2026;SRV MTTO INFRAESTR;714.000,00
1000023189;Pago Evertec PlaceToplay;TRAMITES LICENCIAS;marzo;COP; Se cancela saldo pendiente a diciembre 2025 y el valor del mes de Febrero 2026.;EAN X PROYECTOS;10/03/2026;SOFTWARE ;166.219,00
1000023198;PUBLIREPORTAJE IMPRESO+ DIGITAL;PROMOCION DIVULGACION;marzo;COP; PUBLIREPORTAJE IMPRESO+ DIGITAL LA REPUBLICA;GESTIÓN DE COMUNICACIONES Y PUBLICIDAD;05/03/2026;INSTITUCIONALES ;19.040.000,00
1000023240;contenido digital e impreso el tiempo;PROMOCION DIVULGACION;marzo;COP; Digital 1 Réplica contenido Impreso 1 Llamado HOME x 2 días 2,500 Clics a contenido digital 1 Salida en redes sociales todos;GESTIÓN DE COMUNICACIONES Y PUBLICIDAD;06/03/2026;INSTITUCIONALES ;23.800.000,00
1000023199;66 camisas coorporativas;PROMOCION DIVULGACION;marzo;COP; 66 Camisas formales en tela camisera con un logo frente izquierdo ( para dame y caballero);CONSULTORIA PRIVADA;05/03/2026;DOTACIÓN Y ELEM. D;6.126.120,00
1000023210;GRIFERIA AUTOMATICA REF: 46-AA-C371AB;;marzo;COP; SUMINISTRO DE GRIFERIA AUTOMATICA PARA EIDIFICIO LEGACY, PROVEEDOR: ACABADOS Y ACCESORIOS, VALOR: $ 4.928.861, CASO:76288;GESTIÓN DE INFRAESTRUCTURA Y PLANTA FÍSICA;09/03/2026;ELEM. FERRETERIA C;4.928.861,00
1000023197;SER. VIGILANCIA EVENTO 06. MARZO;VIGILANCIA;marzo;COP; SERVICIO APOYO VIGILANCIA EVENTO 06 DE MARZO;GESTIÓN DE INFRAESTRUCTURA Y PLANTA FÍSICA;09/03/2026;ASEO Y CAFETERIA ;116.512,00
1000023208;relacionamiento covox;GASTOS DE REPRESENTACION;marzo;COP; Relacionamiento covox;GERENCIA DE PROYECCIÓN Y CRECIMIENTO;06/03/2026;ALIMENTACION Y REF;168.884,00
1000023221;MATERIAL PROMOCIONAL EVENTOS;PROMOCION DIVULGACION;marzo;COP; MATERIAL PROMOCIONAL - 2000 CHOCOLATES PARA LA TIENDA EAN. PROVEEDOR Kaoxue Chocolate;TIENDA EAN;09/03/2026;ALIMENTACION Y REF;2.276.820,00
1000023212;HORNO MICROONDAS INDUSTRIAL PANASONIC;;marzo;COP; SUMINISTRO DE CINCO (5) HORNOS MICROONDAS PARA ZONAS DE ALIMENTACION PISO 1 Y 6 ED. LEGACY  Valor $11.600.001 Proveedor: Jose r;GESTIÓN DE INFRAESTRUCTURA Y PLANTA FÍSICA;16/03/2026;SERVICIOS PROFESIO;11.599.995,00
1000023230;Mantenimiento Equilibrio Marzo;HONORARIOS ASESORIA TECNICA;marzo;COP; Equipo de mantenimiento y monitoreo para dar servicio a la infraestructura instalada en Azure. Incluye: ➔ Monitoreo Core y Al;EAN X PROYECTOS;09/03/2026;SERVICIOS PROFESIO;4.400.000,00
1000023231;SERVICIOS DE CONTRATACION;HONORARIOS;marzo;USD; ontop - servicios de contratación;SELECCIÓN DEL TALENTO Y CALIDAD DE VIDA;18/03/2026;SERVICIOS PROFESIO;240,03
1000023232;SERVICIOS DE CONTRATACIÓN 1;HONORARIOS;marzo;USD; ONTOP - SERVICIOS DE CONTRATACIÓN;SELECCIÓN DEL TALENTO Y CALIDAD DE VIDA;18/03/2026;SERVICIOS PROFESIO;800
1000023225;REPARACIÓN COLUMNA EN ÁREA DE GALERÍA;SERVICIO MANTO. CONSTRUCCIONES Y EDIFICA;marzo;COP; REPARACIÓN DE COLUMNA ÁREA DE GALERÍA PISO 2 LEGACY - VALOR:     $1'429.680;GESTIÓN DE INFRAESTRUCTURA Y PLANTA FÍSICA;11/03/2026;SRV MTTO INFRAESTR;1.429.680,00
1000023214;Puff 4° piso salon de juegos;;marzo;COP; SOLICITUD DE CASOS  Actividad:   Puff para 4° piso  Descripción:   Compra de puff's para uso del 4° piso para actividades de;BIENESTAR UNIVERSITARIO;10/03/2026;ACTIVOS Y/O EQUIPO;1.249.500,00
1000023215;Tablero Cardio BOX;;marzo;COP; SOLICITUD DE CASOS  Actividad:   Tablero cardio Box  Descripción:   Compra de tablero cardio Box para uso del gimnasio para us;BIENESTAR UNIVERSITARIO;10/03/2026;ACTIVOS Y/O EQUIPO;559.300,00
1000023223;Celular de Bienestar;;marzo;COP; SOLICITUD DE CASOS  Actividad:  Celular de Bienestar Universitario  Descripción:   Compra de celular de Bienestar Universitari;BIENESTAR UNIVERSITARIO;10/03/2026;ACTIVOS Y/O EQUIPO;519.900,00
1000023213;Obsequios de Cumpleaños Lideres;OBSEQUIOS;marzo;COP; Compra de Obsequio para lideres Nit. 901.640.957-7 - 16 Kit de Vino ceco: 10500112 BIENESTAR COLABORADORES Cuenta mayor: 511190;DISEÑO ORGANIZACIONAL Y GESTIÓN DEL CAMBIO;09/03/2026;INSTITUCIONALES ;2.600.150,00
1000023216;SEÑALETICA Y BRANDEO DE IMAGEN;SERVICIO ACCESORIOS Y ELEMEN DECORATIVOS;marzo;COP; ADECUACIONES GENERALES DE SEÑALÉTICA EDIFICIO LEGACY -  VALOR: 1'935.840;GESTIÓN DE INFRAESTRUCTURA Y PLANTA FÍSICA;11/03/2026;DOTACIÓN Y ELEM. D;1.935.840,00
1000023224;LICENCIAS MONDAY;LICENCIAS Y SOFTWARE;marzo;USD; La TC inicialmente fue descontado, ya que quedó anclado en la suscripción inicial. En este momento solo se requiere la entrad;MEDIACIONES DIDÁCTICAS;11/03/2026;LICENCIAS Y SUBSCR;950
1000023233;PAGO VISA HERBERT PERICO;GASTOS DE REPRESENTACION;marzo;USD; TRAMITE VISAS COMISIÓN INDIA MIEMBROS SALA GENERAL.;SALA GENERAL;06/05/2026;VIAJES;77,67
1300002995;Avianca BMMNNS;PASAJES AEREOS;marzo;COP; Avianca Passenger: Diaz Rosales Jader Mauricio (ADT) Booking ref: BMMNNS Ticket number: 134 2154063771;CONSULTORÍA ESPECIALIZADA;19/03/2026;VIAJES;835.780,00
1300002996;Reserva AAGKXNM - Alejandro Borrero;PASAJES AEREOS;marzo;COP; Zeppelin LOC Interno: AAGKXNM ALEJANDRO MAXIMILIANO BORRERO FERNANDEZ;CONSULTORÍA ESPECIALIZADA;19/03/2026;VIAJES;365.532,00
1300002997;Reserva AAGKXOI - Alejandro Borrero;PASAJES AEREOS;marzo;COP; Zeppelin LOC Interno: AAGKXOI ALEJANDRO MAXIMILIANO BORRERO FERNANDEZ;CONSULTORÍA ESPECIALIZADA;19/03/2026;VIAJES;177.512,00
1300002998;Rerserva AAGKXLE - MElvira Paez;PASAJES AEREOS;marzo;COP; Zeppelin LOC Interno: AAGKXLE Maria Elvira Paez Moreno;CONSULTORÍA ESPECIALIZADA;19/03/2026;VIAJES;560.416,00
1300002999;Avianca BHT69E;PASAJES AEREOS;marzo;COP; Avianca Passenger: Reyes Paez Jaime Andres (ADT) Booking ref: BHT69E Ticket number: 134 2154049266;CONSULTORÍA ESPECIALIZADA;19/03/2026;VIAJES;351.980,00
1300003070;Avianca BJBNU7;PASAJES AEREOS;marzo;COP; Avianca Passenger: Baptiste Brigitte (ADT) Booking ref: BJBNU7 Ticket number: 134 2154052865;CONSULTORÍA ESPECIALIZADA;19/03/2026;VIAJES;422.190,00
1300003071;Reserva AAGKXSP - Beatriz Barreal;PASAJES AEREOS;marzo;COP; Zeppelin LOC Interno: AAGKXSP Beatriz Barreal Danel;CONSULTORÍA ESPECIALIZADA;19/03/2026;VIAJES;2.349.195,00
1000023209;LAVADO TANQUES FUNDA -CLL 71-CLL74 JUN;SERVICIO MANTO. CONSTRUCCIONES Y EDIFICA;marzo;COP; LAVADO Y DESINFECCIÓN DE TANQUES AÑO 2026 JUNIO Y DICIEMBRE) SEDE FUNDADORES (4 TANQUES SUBTERRANEOS Y 1 FIBRA) SEDE CALLE 71;GESTIÓN DE INFRAESTRUCTURA Y PLANTA FÍSICA;13/04/2026;SRV MTTO INFRAESTR;10.483.900,00
1000023252;SUSCRIPCION ELEVENLABS;LICENCIAS Y SOFTWARE;marzo;USD; Se solicta el pago con tarjeta de credito para la plataforma Elevenlabs, para la necesidad puntual de EANX.;EAN X PROYECTOS;11/03/2026;SOFTWARE ;253
1000023218;EASY TAXI INNOVA-TRANSFEREN FEB 2026;TAXIS BUSES;marzo;COP; SERVICIO DE TRANSPORTE EASY TAXI DEL MES DE FEBRERO PARA PAGO EN MARZO POR VALOR DE $4.802.060. LAS ÁREAS SON: VIA, BIENESTAR;GESTIÓN DE INFRAESTRUCTURA Y PLANTA FÍSICA;17/03/2026;TRANSPORTE ;4.802.061,00
1000023219;Transporte Voluntariado;TAXIS BUSES;marzo;COP; SOLICITUD DE CASOS Actividad:  Transporte voluntariado salida de campo Descripción:  Transporte para 40 personas para la salid;BIENESTAR UNIVERSITARIO;11/03/2026;TRANSPORTE ;900.000,00
1000023227;SALIDA CAMPO BOSQUE EAN;PASAJES TERRESTRES;marzo;COP; Solicitud transporte salida a campo LUGAR: Guasca RESERVA DEL ENCENILLO  Bosque Ean Fecha : 14 de marzo Solicitande Profe Juli;FACULTAD DE INGENIERÍA;12/03/2026;TRANSPORTE ;2.750.000,00
1000023244;BUS - BOSQUE EAN - 14 DE MARZO;PASAJES TERRESTRES;marzo;COP; LUGAR: BOSQUE EAN - GUASCA CUNDINAMARCA FECHA: 14 DE MARZO DE 2026 ESTUDIANTES: 40 PROFESOR ENCARGADO: JULIAN DAVID ANTORVEZA G;FACULTAD DE ADMINISTRACION;12/03/2026;TRANSPORTE ;2.750.000,00
1000023228;CHOCOLATES EVENTOS EAN;PROMOCION DIVULGACION;marzo;COP; CHOCOLATES EVENTOS EAN;PREGRADO;11/03/2026;INSTITUCIONALES ;610.905,00
1000023254;PLATAFORMA IA ARA LEADS;PROMOCION DIVULGACION;marzo;USD; PLATAFORMA DAPTA IA PARA CAPTAR LEADS;CENTRO DE CONTACTO;23/04/2026;INSTITUCIONALES ;4.497,00
1000023217;ESTACIÓN DE CAFÉ DECORADA;ALIMENTOS (DESAYU-REFRIG-ALMUERZO);marzo;COP; Desayuno Master Class - Sector salud PROVEEDOR: PETUNIA;POSGRADO;10/03/2026;ALIMENTACION Y REF;2.510.900,00
1000023235;CATERING MASTER CLASS 11 DE MARZO - 17 P;ALIMENTOS (DESAYU-REFRIG-ALMUERZO);marzo;COP; EVENTO: Advisory Board Administración de Empresas FECHA: 11 DE MARZO DE 2026 PERSONA A CARGO: NOE VELAZQUEZ ESPINOZA PROVEEDOR;FACULTAD DE ADMINISTRACION;10/03/2026;ALIMENTACION Y REF;2.900.030,00
1000023250;Buretas de Vidrio 50 ml;;marzo;COP; Buretas de Vidrio 50 ml Proveedor: Kasalab SAS BP: 1000211510;LABORATORIOS DE INGENIERÍA;16/03/2026;ELEM. LABORATORIO ;856.800,00
1000023253;VARILLA DE AGITACIÓN DE 7X250MM;;marzo;COP; Elementos y reactivos de laboratorio Proveedor: Auros Químicos Ltda. BP: 1000011817;LABORATORIOS DE INGENIERÍA;16/03/2026;ELEM. LABORATORIO ;2.200.310,00
1000023256;LUGOL DE GRAM;;marzo;COP; Reactivos para laboratorio Proveedor: Auros Químicos Ltda BP: 1000011817;LABORATORIOS DE INGENIERÍA;16/03/2026;ELEM. LABORATORIO ;1.589.700,00
1000023226;Inscripción ASCOLFA 2026;INSCRIPCION EVENTOS NACIONAL - INTERNACI;marzo;COP; Creación de caso: 76493 Apoyo para el pago de inscripción a la Conferencia ASCOLFA 2026. Estudiantes: • Emily Giovanna Sala;DIRECCIÓN DE INVESTIGACIONES;11/03/2026;LICENCIAS Y SUBSCR;1.070.000,00
1000023234;PAGO X CULTURE 2026-1;MEMBRESIAS;marzo;USD; Pago inscripción X-culture hace parte integral de la unidad Intercultural Management, del programa de Negocios Internacionales;FACULTAD DE ADMINISTRACION;09/03/2026;LICENCIAS Y SUBSCR;100
1000023242;CERTIFICADO JUNTA CENTRAL DE CONTADORES;TRAMITES LICENCIAS;marzo;COP; CERTIFICADO JUNTA CENTRAL DE CONTADORES;DIRECCIÓN DE EXTENSIÓN COMERCIAL;19/03/2026;LICENCIAS Y SUBSCR;90.000,00
1000023251;POLIZA DE CUMPLIMIENTO;SEGUROS POLIZAS CUMPLIMIENTO;marzo;COP; Poliza De Cumplimiento N°: 1505004180901;DIRECCIÓN DE EXTENSIÓN COMERCIAL;11/03/2026;LICENCIAS Y SUBSCR;83.300,00
1000023246;HERRAMIENTAS Y ACCESORIOS;;marzo;COP; COMPRA DE 1.000 PINES PARA GRADOS CON EL PROVEEDOR  PRISMARK;PROTOCOLO Y GESTIÓN DE EVENTOS INTERNOS;13/03/2026;GRADOS Y EVENTOS ;15.470.000,00
1300003059;Alejandro Borrero - Manutenciión;MANUTENCION;marzo;COP; Gastos de viaje Alejandro Maximilano Borrero Fernandez 19 al 21 de marzo Barranquilla;CONSULTORÍA ESPECIALIZADA;12/03/2026;VIAJES;460.000,00
1300003065;Mauricio Diaz_Manutención;MANUTENCION;marzo;COP; Gastos de viaje Mauricio Diaz Rosales 13 de marzo - Barranquilla;CONSULTORÍA ESPECIALIZADA;12/03/2026;VIAJES;260.000,00
1300003080;Maria Elvira Paez - Manutención;MANUTENCION;marzo;COP; Gastos de viaje Maria Elvira Paez Moreno 20 al 21 de marzo Barranquilla;CONSULTORÍA ESPECIALIZADA;12/03/2026;VIAJES;360.000,00
1300003081;Jaime Reyes - Manutención;MANUTENCION;marzo;COP; Gastos de viaje Jaime Andres Reyes Paez 20 al 21 de marzo Barranquilla;CONSULTORÍA ESPECIALIZADA;12/03/2026;VIAJES;360.000,00
1300003082;Brigitte Baptiste - Manutención;MANUTENCION;marzo;COP; Gastos de viaje Brigitte Baptiste 21 de marzo Barranquilla;CONSULTORÍA ESPECIALIZADA;12/03/2026;VIAJES;100.000,00
1000023236;Acompañamiento consultivo – Proyecto Pre;HONORARIOS ASESORIA TECNICA;marzo;COP; Razón social: Fabián Eduardo Villarreal Velandia NIT: CC. 79.883.998 / BP 1000065986 Dirección: Tv 1 este # 65C 41 Ciudad: B;UNIDAD DE INNOVACIÓN Y TRANSFERENCIA;19/03/2026;SERVICIOS PROFESIO;5.000.000,00
1000023245;DISEÑADOR PARA PROMOCIÓN Y DIVULGACIÓN;PROMOCION DIVULGACION;marzo;COP; SE REALIZA LA CONTRATACIÓN DEL DIEÑADOR PARA TEMAS DE PROMOCION Y DIVULGACIÓN DE IMPACTA, QUIEN SE ENCARGARA DE HACER PIEAZA;GERENCIA IES;17/03/2026;SERVICIOS PROFESIO;13.500.000,00
1000023257;SUBTOTAL SIN IVA;SERVICIO MANTO. CONSTRUCCIONES Y EDIFICA;marzo;COP; ADECUACIONES ELECTRICAS Y RED LEGACY Supervisor: Henry Diaz Proveedor: Intelred Valor de la compra:   o Subtotal: COP $1.112.21;EXPERIENCIA DE USUARIO;30/03/2026;SERVICIOS IT ;1.276.376,00
1000023258;SUBTOTAL SIN IVA;SERVICIO MANTO. CONSTRUCCIONES Y EDIFICA;marzo;COP; ADECUACIONES ELECTRICAS Y RED LEGACY Supervisor: Henry Diaz Proveedor: Intelred Valor de la compra:   o Subtotal: COP $1.313.92;EXPERIENCIA DE USUARIO;30/03/2026;SERVICIOS IT ;1.507.858,00
1000023259;Monitor- 5TR3DQ-B.AUWQ;;marzo;COP;" Caso de Mesa de Ayuda 67684 Proveedor COLWORK S.A.S. BP: 1000302661 5TR3DQ-B.AUWQ Total15TR3DQ-B.AUWQ Monitor Interactivo75"" LG";UNIDAD DE DESARROLLO;13/03/2026;ACTIVOS Y/O EQUIPO;6.955.811,00
1000023280;"SOPORTE PEDESTAL PARA MONITOR 75""";;marzo;COP;" Proveedor Audiovisual Broadcasting <(>&<)> Lighting BP: 1000315756 Compra un Soporte pedestal para monitor de 75"" giratorio par";UNIDAD DE DESARROLLO;11/03/2026;ACTIVOS Y/O EQUIPO;669.375,00
1000023263;Taller DM - Bogotá - Tocaima Nariño;PASAJES TERRESTRES;marzo;COP; Bogotá, 06 Marzo 2026 Señores UNIVERSIDADEAN MAURICIOAVILASANCHEZ Cordial Saludo. Dando respuesta a su solicitud y agradecien;CONTRATACIÓN PÚBLICA;16/03/2026;TRANSPORTE ;1.100.000,00
1000023273;AUTO TAXI INFR FEBRERO 2026 IVA;TAXIS BUSES;marzo;COP; SERVICIOS AUTOTAXI MES DE FEBRERO PARA PAGO EN MARZO 2026 POR VALOR DE $ 612.326, LAS ÁREAS QUE UTILIZARON EL SERVICIO FUERON;GESTIÓN DE INFRAESTRUCTURA Y PLANTA FÍSICA;12/03/2026;TRANSPORTE ;612.327,00
1000023247;LANZAMIENTO EAN VIRTUAL  PARTE 2;PROMOCION DIVULGACION;marzo;COP; LANZAMIENTO EAN VIRTUAL PARTE 2 SERVICIO INTEGRAL DE PRODUCCION DE EVENTO QUE INCLUYE LOGISTICA, LOCACION, REGISTRO, PRODUCCION;PUBLICIDAD;11/05/2026;INSTITUCIONALES ;123.733.344,00
1000023249;EVENTO EAN EXPERINCE;COCTEL - ESTACION (CAFE, AROMATICA, AGUA;marzo;COP; EAN EXPERIENCE;POSGRADO;11/03/2026;INSTITUCIONALES ;4.672.000,00
1000023290;SPEAKER MOTIVACIONAL EXPO EAN;HONORARIOS ASESORIA TECNICA;marzo;COP; SPEAKER MOTIVACIONAL EXPO EAN;CONSULTORIA PRIVADA;13/03/2026;INSTITUCIONALES ;3.000.000,00
1000023229;BONOS (SODEXHO-BIGPASS) DOTACION;;marzo;COP; BIG PASS S.A.S NIT: 800.112.214-2 BONOS DOTACIÓN 2026 SELECCIÓN DE UNICO PROVEDOR POR VALOR TOTAL DE 210.227.424 NOTA: DEJAR;DIRECCIÓN DE CONTABILIDAD;05/05/2026;DOTACIÓN Y ELEM. D;210.227.424,00
1000023248;PARAGUAS AMARILLO;;marzo;COP; RECOMPRA MUG MAGICOS, BOTILITOS MELI Y SOMBRILLAS AMARILLAS PROVEEDOR: HOREB PUBLICIDAD TOTAL SOLPE: 4.343.500;TIENDA EAN;08/04/2026;TIENDA EAN;4.343.500,00
1000023260;PELOTA DE TENNIS DE CAMPO TARRO X 3 UND;;marzo;COP; SOLICITUD DE CASOS  Actividad:  Pelotas de tenis de campo  Descripción:   Compra de tenis de campo utilizadas en las clases de;BIENESTAR UNIVERSITARIO;16/03/2026;DOTACIÓN Y ELEM. D;1.285.200,00
1000023237;LIBROS Y MATERIAL BIBLIOGRAFICO;;marzo;COP; PODER PERSONAL S.A.S - BP 1000351070 Representante Legal de Poder Personal SAS Nit. 901.874.756-8  SANDRA SUÁREZ C.C. 43724651;FORMACIÓN A LA MEDIDA;26/03/2026;LIBROS ;780.000,00
1000023271;AUROS INFR FEBRERO 2026;DIGITALIZACION EMPASTE;marzo;COP; SERVICIOS AUROS MES DE FEBRERO PARA PAGO EN MARZO VALOR TOTAL $ 1.218.978. LAS ÁREAS QUE ADQUIRIERON SERVICIOS EN TIENDAS SON:;GESTIÓN DE INFRAESTRUCTURA Y PLANTA FÍSICA;20/03/2026;IMPRESOS ;1.218.973,00
1000023261;Refrigerios de caminata de sabado mentor;ALIMENTOS (DESAYU-REFRIG-ALMUERZO);marzo;COP; SOLICITUD DE CASOS  Actividad:  Refrigerios para caminata sendero de las moyas  Descripción:  Refrigerios para la caminata Sen;BIENESTAR UNIVERSITARIO;12/03/2026;ALIMENTACION Y REF;460.000,00
1000023262;ESTACION DE CAFE;ALIMENTOS (DESAYU-REFRIG-ALMUERZO);marzo;COP; SOLICITUD DE SERVICIO DE ALIMENTACIÓN EVENTO CONEXIÓN 2026 CANAL UNO .PROVEEDOR GRUPO PROMO.;GESTIÓN COMERCIAL EVENTOS EXTERNOS;12/03/2026;ALIMENTACION Y REF;3.526.200,00
1000023238;DOMINIOS (EAN.COM.CO-UNIEAN.COM.CO-UNIVE;LICENCIAS Y SOFTWARE;marzo;COP; RENOVACION DOMINIOS (EAN.COM.CO-UNIEAN.COM.CO-UNIVERSIDADEAN.COM.CO) Supervisor: Néstor Cantor Proveedor: Mi.com.co Valor de l;SEGURIDAD INFORMÁTICA;26/03/2026;LICENCIAS Y SUBSCR;899.910,00
1000023272;ESTOLAS PARA GRADOS PRIVADOS MARZO;GRADOS;marzo;COP; COMPRA DE 324 ESTOLAS PARA GRADOS PRIVADOS EL 27 DE MARZO DE 2026, ASI:  PREGRADO=132, ESPECIALIZACIÓN=82, MAESTRÍAS=106, DOC;PROTOCOLO Y GESTIÓN DE EVENTOS INTERNOS;12/03/2026;GRADOS Y EVENTOS ;14.290.781,00
1000023239;TIQUETE BOG - ARG . BOG;PASAJES AEREOS;marzo;COP; MOTIVO: Summit 2026: Red de Universidades de Excelencia - ARGENTINA FECHA:  30 marzo al 2 Abril PROVEEDOR: ZEPPELIN VALOR: 5.57;FACULTAD DE HUMANIDADES Y CIENCIAS SOCIALES;17/03/2026;VIAJES;5.570.386,00
1300003066;RESERVA AAGKZIH;PASAJES AEREOS;marzo;COP; VUELOS VIAJE ARMENIA - BECAS POR COLOMBIA FECHA: 10 MARZO ZEPPELIN RESERVA: AAGKZIH Y AAGLBBI;REGIONES;06/04/2026;VIAJES;1.160.556,00
1300003067;RESERVA AAGLCAX;PASAJES AEREOS;marzo;COP; VUELOS VIAJE POPAYÁN - VIAJE COMERCIAL MARIA DEL PILAR PATIÑO FECHA: 9 AL 13 MARZO ZEPPELIN RESERVA: AAGLCAX;REGIONES;25/03/2026;VIAJES;1.109.182,00
1300003068;RESERVA AAGLCLW;PASAJES AEREOS;marzo;COP; VUELOS VIAJE EXPO POSGRADOS MEDELLÍN Y BUCARAMANGA FECHA: 10 AL 13 MARZO ZEPPELIN RESERVA: AAGLCLW;NUEVOS MERCADOS;24/04/2026;VIAJES;672.649,00
1300003069;RESERVA AAGLCMI;PASAJES AEREOS;marzo;COP; VUELOS VIAJE EXPO POSGRADOS MEDELLÍN Y BUCARAMANGA - LINDA PULIDO FECHA: 10 AL 11 MARZO ZEPPELIN RESERVA: AAGLCMI;NUEVOS MERCADOS;28/04/2026;VIAJES;371.867,00
1300003090;RESERVA AAGLCOA;PASAJES AEREOS;marzo;COP; VUELOS VIAJE EXPO POSGRADOS BUCARAMANGA - EDGAR GONZALEZ FECHA: 12 AL 13 MARZO ZEPPELIN RESERVA: AAGLCOA;NUEVOS MERCADOS;25/03/2026;VIAJES;423.728,00
1300003091;MANUTENCION;MANUTENCION;marzo;COP; VIATICOS ANDRES FELIPE OTALORA BOGOTA - PUERTO CARREÑO DEL 15 AL 17 DE MARZO  VISITA AGENDA COMCAJA;RECTORÍA;12/03/2026;VIAJES;375.000,00
1000023274;APOYO EVENTO;SERVICIOS PARA EVENTOS;marzo;COP; SOLICITUD DE PERSONAL DE LOGISTICA EVENTO CONEXIÓN 2026 CANAL UNO                 PROVEEDOR ADVANTAGE.;GESTIÓN COMERCIAL EVENTOS EXTERNOS;12/03/2026;SERVICIOS PROFESIO;491.470,00
1000023281;Patente España No. 202090062 – Anualidad;HONORARIOS ASESORIA TECNICA;marzo;COP; Proveedor:  Clarke Modet NIT: 830008643-3 BP: 1000011428 PRESUPUESTO Patente España No. 202090062 – Anualidad No. 8 ESPAÑA;UNIDAD DE INNOVACIÓN Y TRANSFERENCIA;12/03/2026;SERVICIOS PROFESIO;1.568.667,00
1000023282;Renovación Semestral, de la Administraci;AFILIACIONES MEMBRESIAS NACIONALES;marzo;COP; Proveedor Hiper Texto Netizen BP: BP: 1000011564 Pago: Renovación Semestral, de la Administración y Comercialización del Eco;PUBLICACIONES CIENTIFICAS Y DOCENTES;16/03/2026;SERVICIOS PROFESIO;17.531.035,00
1000023267;CAMBIO SENSOR INFORMACION FOSO ASC FUNDA;MANTENIMIENTO MAQUINARIA Y EQUIPO;marzo;COP; SERVICIO SUMINISTRO Y CAMBIO DE SENSOR INFORMACION FOZO DE ASCENSOR FUNDADORES, PROVEEDOR: SCHINDLER, VALOR: $3.905.205, CASO:;GESTIÓN DE INFRAESTRUCTURA Y PLANTA FÍSICA;18/03/2026;SRV MTTO INFRAESTR;3.905.205,00
1000023284;SUMIN. INSTAL PLACA EN MARMOL FACHADA;SERVICIO MANTO. CONSTRUCCIONES Y EDIFICA;marzo;COP; Suministro e instalación de placa de marmol fachada edificio Legacy. Valor: $9'586.389;GESTIÓN DE INFRAESTRUCTURA Y PLANTA FÍSICA;18/03/2026;SRV MTTO INFRAESTR;9.586.389,00
1000023303;SUMINISTRO E INS PUERTAS CORREDIZAS P6;SERVICIO MANTO. CONSTRUCCIONES Y EDIFICA;marzo;COP; SERVICIO SUMINISTRO E INSTALACION DE PUERTAS CORREDIZAS TERRAZA PISO 6 LEGACY, PROVEEDOR:RCA, VALOR: $5.184.293,  CASO:76697;GESTIÓN DE INFRAESTRUCTURA Y PLANTA FÍSICA;17/03/2026;SRV MTTO INFRAESTR;5.184.293,00
1000023305;SERV MTTO CORRECTIVO GRECAS;MANTO EQ DE OFICINA;marzo;COP; SERVICIO DE MANTENIMIENTO CORRECTIVO DE GRECAS, PROVEEDOR: GRECAS Y REPUESTOS, VALOR: $446.000, CASO: 76707;GESTIÓN DE INFRAESTRUCTURA Y PLANTA FÍSICA;17/03/2026;SRV MTTO INFRAESTR;476.000,00
1000023276;ENFILADOR PLATEADO;;marzo;COP; SUMINISTRO DE DIEZ (10) ENFILADORES PARA USO EN INGRESO ASCENSORES ED. FUNDADORES;GESTIÓN DE INFRAESTRUCTURA Y PLANTA FÍSICA;16/03/2026;ACTIVOS Y/O EQUIPO;2.087.260,00
1000023241;campaña educacion continua;PROMOCION DIVULGACION;marzo;COP; Campaña Educacion continua;GESTIÓN DE COMUNICACIONES Y PUBLICIDAD;13/03/2026;INSTITUCIONALES ;3.570.000,00
1000023270;EVENTO CLUB CAMPESTRE BUCARAMANGA;SERVICIO MESERO;marzo;COP; Evento club campestre bucaramanga;GERENCIA DE PROYECCIÓN Y CRECIMIENTO;13/03/2026;INSTITUCIONALES ;2.192.600,00
1000023264;DESCANSAPIES SENCILLO OVAL;;marzo;COP; Descansapiés ergonomicos Proveedor: Artecma;SISTEMA DE GESTIÓN DE LA SEGURIDAD Y SALUD EN EL TRABAJO;08/04/2026;DOTACIÓN Y ELEM. D;1.939.700,00
1000023302;ETIQUETA TAG NFC;;marzo;COP; SUMINISTRO DE ETIQUETAS NFC PARA SOLICITUDES DE MANTENIMIENTO, PROVEEDOR: BOOM ACCESORIOS, VALOR: $2.259.810, CASO:76693;GESTIÓN DE INFRAESTRUCTURA Y PLANTA FÍSICA;16/03/2026;ELEM. FERRETERIA C;2.259.810,00
1000023304;ASIENTO ACTIVE ALONGADO BLANCO CORONA;;marzo;COP; SUMINISTRO DE ASIENTO SANITARIOS PARA MANTENIMIENTO BAÑOS, PROVEEDOR: RUSINEKE, VALOR: $3.088.942,5 ,CASO:76704;GESTIÓN DE INFRAESTRUCTURA Y PLANTA FÍSICA;26/03/2026;ELEM. FERRETERIA C;3.088.943,00
1000023300;APM Body of Knowledge;;marzo;USD; Compra libro impreso APM para Biblioteca relacionado en Acta 001 2026 Proveedor APM - página web;BIBLIOTECA;18/03/2026;LIBROS ;114
1000023301;refrigerios VAF;ALIMENTOS (DESAYU-REFRIG-ALMUERZO);marzo;COP;;VICERRECTORÍA ADMINISTRATIVA Y FINANCIERA;12/03/2026;ASEO Y CAFETERIA ;307.250,00
1000023265;AMBULANCIA DE CEREMONIA GRADOS PRIVADOS;SERVICIOS PARA EVENTOS;marzo;COP; SOLICITUD DE 2 BRIGADISTAS Y AMBULANCIA PARA GRADOS PRIVADOS DEL MES DE MARZO 2026. PROVEEDOR ADVANTAGE;PROTOCOLO Y GESTIÓN DE EVENTOS INTERNOS;12/03/2026;GRADOS Y EVENTOS ;1.199.518,00
1000023283;MAESTRO CEREMONIAS GRADOS MARZO;GRADOS;marzo;COP; SERVICIO DE MAESTRO DE CEREMONIAS GRADOS PRIVADOS MARZO 27 DE 2026 (2 SESIONES);PROTOCOLO Y GESTIÓN DE EVENTOS INTERNOS;16/03/2026;GRADOS Y EVENTOS ;680.000,00
1300003044;Legalizacion FECZ73945;PASAJES AEREOS;marzo;COP; Legalizacion FECZ73945;RECTORÍA;26/03/2026;VIAJES;1.172.046,00
1300003045;Legalizacion FECZ74265;INGRESOS TERCEROS;marzo;COP; Legalizacion FECZ74265;RECTORÍA;26/03/2026;VIAJES;1.308.846,00
1300003046;LEGALIZACION FECZ75980;PASAJES AEREOS;marzo;COP; LEGALIZACIÓN FECZ75980;RECTORÍA;26/03/2026;VIAJES;1.466.763,00
1300003047;LEGALIZACION FECZ75981;PASAJES AEREOS;marzo;COP; LEGALIZACIÓN FECZ75981;RECTORÍA;26/03/2026;VIAJES;726.921,00
1300003048;LEGALIZACION FECZ75989;PASAJES AEREOS;marzo;COP; LEGALIZACIÓN FECZ75989;RECTORÍA;26/03/2026;VIAJES;1.037.046,00
1300003083;LEGALIZACION FECZ74269;INGRESOS TERCEROS;marzo;COP; Legalizacíón factura FECZ74269;RECTORÍA;26/03/2026;VIAJES;288.834,00
1300003084;LEGALIZACION FECZ74270;INGRESOS TERCEROS;marzo;COP; LEGALIZACION FECZ74270;RECTORÍA;26/03/2026;VIAJES;336.258,00
1300003085;LEGALIZACION FECZ75104;INGRESOS TERCEROS;marzo;COP; LEGALIZACIÓN FECZ75104;RECTORÍA;26/03/2026;VIAJES;266.608,00
1300003093;LEGALIZACIÓN FECZ75434;INGRESOS TERCEROS;marzo;COP; LEGALIZACIÓN FECZ75434;RECTORÍA;26/03/2026;VIAJES;1.621.412,00
1300003094;LEGALIZACIÓN FECZ75436;INGRESOS TERCEROS;marzo;COP; LEGALIZACIÓN FECZ75436;RECTORÍA;27/03/2026;VIAJES;1.210.706,00
1300003095;LEGALIZACIÓN FECZ75437;INGRESOS TERCEROS;marzo;COP; LEGALIZACIÓN FECZ75437;RECTORÍA;27/03/2026;VIAJES;471.476,00
1300003096;LEGALICACIÓN FECZ76079;INGRESOS TERCEROS;marzo;COP; LEGALIZACIÓN FECZ76079;RECTORÍA;27/03/2026;VIAJES;1.142.692,00
1000023266;SERVICIOS EMPRESARIALES (INTRAMURAL);HONORARIOS SERVICIO MEDICO;marzo;COP; Examenes Médicos Ocupacionales Colsubcidio Colmedicos;SISTEMA DE GESTIÓN DE LA SEGURIDAD Y SALUD EN EL TRABAJO;19/03/2026;SERVICIOS PROFESIO;7.932.800,00
1000023307;A Vga Macho Cable Hdtv Cable 1m 1080p Ví;;marzo;COP; COMPRA ACCESORIOS MARZO Supervisión: Henry Diaz Proveedor: Global Sistemas Valor de la compra: $11.940.424 IVA incluido Forma;EXPERIENCIA DE USUARIO;06/04/2026;HARDWARE ;11.940.234,00
1000023286;Uniforme licrado Lafayette de dama;;marzo;COP; Dotación Personal Médico y Laboratorios de Ingeniería Proveedor: Avella;SISTEMA DE GESTIÓN DE LA SEGURIDAD Y SALUD EN EL TRABAJO;10/04/2026;DOTACIÓN Y ELEM. D;2.104.000,00
1000023268;MINI PARFRAIT;COCTEL - ESTACION (CAFE, AROMATICA, AGUA;marzo;COP; ONCES DE RECTORES CON EL PROVEEDOR PETUNIA;PREGRADO;16/03/2026;ALIMENTACION Y REF;3.153.500,00
1000023277;TC ALMUERZO ARMADA BDC;GASTOS DE REPRESENTACION;marzo;COP;;CONSULTORIA PRIVADA;12/03/2026;ALIMENTACION Y REF;393.333,00
1000023278;REFRIGERIOS ENEL MARZ-ABR [REFRESHMENT];ALIMENTOS (DESAYU-REFRIG-ALMUERZO);marzo;COP; COTIZACIÓN REFRESHMENT -(+57) 3004895998 refreshment20@gmail.com Costo: und $18.000 bebida natural, componente y fruta entera,;FORMACIÓN A LA MEDIDA;16/03/2026;ALIMENTACION Y REF;4.608.000,00
1000023285;36 REFRIGERIOS;ALIMENTOS (DESAYU-REFRIG-ALMUERZO);marzo;COP; MOTIVO: Refrigerios para evento Psicologia - 21 de marzo PROVEEDOR: LA FOCACCIA - BP 1000010679 FECHA: SÁBADO 21 DE MARZO ALTE;FACULTAD DE HUMANIDADES Y CIENCIAS SOCIALES;19/03/2026;ALIMENTACION Y REF;536.000,00
1000023243;CABLES DE EXTENSION;SERVICIOS AUROS;marzo;COP; CABLES DE EXTENSION;CONSULTORIA PRIVADA;16/03/2026;PAPELERÍA ;61.001,00
1000023279;Pago membresía ASPROMER 2026;AFILIACIONES MEMBRESIAS INTERNACIONALES;marzo;COP; Pago membresía ASPROMER 2026- Valor solped: 7.004.000 COP;GERENCIA DE INTERNACIONALIZACIÓN Y RELACIONES INSTITUCIONALES;24/03/2026;LICENCIAS Y SUBSCR;7.004.000,00
1000023287;Pago membresía CASE 2026;AFILIACIONES MEMBRESIAS INTERNACIONALES;marzo;USD; Pago membresías CASE 2026. Valor solped: 1145 USD;GERENCIA DE INTERNACIONALIZACIÓN Y RELACIONES INSTITUCIONALES;24/03/2026;LICENCIAS Y SUBSCR;1.145,00
1000023306;Pago membresía FITAC 2026;AFILIACIONES MEMBRESIAS INTERNACIONALES;marzo;COP; Pago membresía FITAC 2026. Valor solped: 5.880.000 COP;GERENCIA DE INTERNACIONALIZACIÓN Y RELACIONES INSTITUCIONALES;24/03/2026;LICENCIAS Y SUBSCR;5.880.000,00
1300003033;ALOJAMIENTO - YASMIN GALVIS;ALOJAMIENTO;marzo;COP; MOTIVO: ALOJAMIENTOYASMIN GALVIS - ASAMBLEA GENERAL ORDINARIO ACOFAHCS - CALI FECHA:  26 Y 27 DE FEBRERO 2026 VALOR: 346.825 VI;FACULTAD DE HUMANIDADES Y CIENCIAS SOCIALES;18/03/2026;VIAJES;346.825,00
1300003049;CL 72 GASTOS VIAJE P. INGA 24 Y 25 ABRIL;;marzo;COP; PROYECTO CALLE 72 CONTRATISTA SANDRA MERCHAN CONCEPTO: HONORARIOS POR SERVICIOS DE CUBRIMIENTO DE GASTOS  DE VIAJES SOBRE LA SO;GESTIÓN DE INFRAESTRUCTURA Y PLANTA FÍSICA;13/03/2026;VIAJES;11.451.000,00
1300003086;Silvio Lopez - Pasajes terrestres;PASAJES TERRESTRES;marzo;COP; Gastos de viaje Silvio Lopez Falan (Tolima)9 27 de marzo;CONSULTORÍA ESPECIALIZADA;19/03/2026;VIAJES;120.000,00
1300003087;German Hillon - Pasajes terrestres;PASAJES TERRESTRES;marzo;COP; Gastos de viaje German Hillón 27 de marzo Falan (Tolima);CONSULTORÍA ESPECIALIZADA;19/03/2026;VIAJES;120.000,00
1300003088;Liz Munera - Pasajes terrestres;PASAJES TERRESTRES;marzo;COP; Gastos de viaje Liz Munera 27 de marzo Falan (Tolima);CONSULTORÍA ESPECIALIZADA;19/03/2026;VIAJES;120.000,00
1300003089;Giselle Toro - Pasajes terrestres;PASAJES TERRESTRES;marzo;COP; Gastos de viaje Giselle Toro 27 de marzo Falan (Tolima);CONSULTORÍA ESPECIALIZADA;19/03/2026;VIAJES;120.000,00
1000023320;Taller DM - Bogotá  Cruce de Tobia - Nim;PASAJES TERRESTRES;marzo;COP; Bogotá, 12 Marzo 2026 Señores UNIVERSIDADEAN MAURICIOAVILASANCHEZ Cordial Saludo. Dando respuesta a su solicitud y agradecien;CONTRATACIÓN PÚBLICA;17/03/2026;TRANSPORTE ;780.000,00
1000023321;Taller DM - Bogotá - Soacha;PASAJES TERRESTRES;marzo;COP; Bogotá, 13 Marzo 2026 Señores UNIVERSIDADEAN MAURICIOAVILASANCHEZ Cordial Saludo. Dando respuesta a su solicitud y agradecien;CONTRATACIÓN PÚBLICA;17/03/2026;TRANSPORTE ;350.000,00
1000023269;Tarjetas Regalo Playland;OBSEQUIOS;marzo;COP; Compra de tarjeta de regalo Playland Día del niño 2026. Con colsubsidio  60 tarjetas regalo valor final 2.379.976 Ceco: 10500;DISEÑO ORGANIZACIONAL Y GESTIÓN DEL CAMBIO;17/03/2026;INSTITUCIONALES ;2.379.976,00
1000023293;Webinar - Imagen Personal;HONORARIOS;marzo;COP; Webinar - Imagen Masculina BP: 1000257912 Sandra Gaspar Costo Final total: $ 450.000 Realización el 19 de marzo 2026;DISEÑO ORGANIZACIONAL Y GESTIÓN DEL CAMBIO;18/03/2026;INSTITUCIONALES ;450.000,00
1000023292;CAFE OMA * LIBRA 500GR;;marzo;COP; SUMINISTRO DE INSUMOS DE ASEO Y CAFETERIA PARA LA OPERACION DE LA UNIVERSIDAD POR 9 MESES  Proveedor: Productos y Suministros V;GESTIÓN DE INFRAESTRUCTURA Y PLANTA FÍSICA;27/04/2026;ASEO Y CAFETERIA ;105.754.612,00
1000023311;Anticipo visita CNA;ALIMENTOS (DESAYU-REFRIG-ALMUERZO);marzo;COP; Para los días los días 24, 25 y 26 de marzo de 2026, se tiene planeada la visita de evaluación externa con fines de la Acred;REGISTROS CALIFICADOS Y ACREDITACIÓN;19/03/2026;ALIMENTACION Y REF;1.700.000,00
1000023291;Pago membresía ACOFI 2026;AFILIACIONES MEMBRESIAS INTERNACIONALES;marzo;COP; Pago membresía ACOFI 2026. Valor solped: 8.215.000 COP;GERENCIA DE INTERNACIONALIZACIÓN Y RELACIONES INSTITUCIONALES;24/03/2026;LICENCIAS Y SUBSCR;8.215.000,00
1000023310;GANCHOS LEGAJADORES;;marzo;COP; PAPELERÍA PARA EL ÁREA DE REGISTRO ACADÉMICO, QUE INCLUYE CINTA GRUESA TRANSPARENTE, PEGASTIC, GANCHOS LEGADORES, VIVNIPEL P;REGISTRO ACADÉMICO;17/03/2026;PAPELERÍA ;214.438,00
1000023288;  21-40-101255908 anexo 2 ATENEA;SEGUROS POLIZAS CUMPLIMIENTO;marzo;COP; 21-40-101255908 Anexo 2 21-40-101255908 Anexo 3 21-44-101403248 Anexo 11 21-44-101403248 Anexo 12;CONSULTORIA PRIVADA;18/03/2026;SEGUROS;12.422.494,00
1300003034;3 CENAS - 2 ALM | JESSICA PEÑA;MANUTENCION;marzo;COP; JESSICA RUTH PEÑA TORRES CC. 63555368  17 de marzo al 19 de marzo IDA REGRESO TOTAL Transporte aeropuerto Bogotá – Casa | $;CONSULTORIA PRIVADA;19/03/2026;VIAJES;920.000,00
1300003035;3 CENAS-2 ALM | BRAYAN ARIAS;MANUTENCION;marzo;COP; BRAYAN ALEXIS ARIAS MARTINEZ CC. 80031153  17 de marzo al 19 de marzo IDA REGRESO TOTAL Transporte aeropuerto Bogotá – Casa;CONSULTORIA PRIVADA;19/03/2026;VIAJES;920.000,00
1300003036;Tiquetes Comfandi Cali - AAGMMSK;PASAJES AEREOS;marzo;COP; AAGMMSK - TIQUETES IDA Y VUELTA BOGOTÁ - CALI (Comfandi) BRAYAN ALEXIS ARIAS MARTINEZ CC. 80031153 JESSICA RUTH PEÑA TORRES C;CONSULTORIA PRIVADA;17/04/2026;VIAJES;1.792.820,00
1300003072;ALOJAMIENTO CALI MAR - BRAYAN ARIAS;ALOJAMIENTO;marzo;COP; Hospedaje | Brayan Arias Hotel Chipichape CALI 2 noches CHECK IN: martes, 17 marzo 2026 ACOMODACIÓN CHECK OUT: jueves, 19 marz;CONSULTORIA PRIVADA;17/04/2026;VIAJES;626.915,00
1300003073;ALOJAMIENTO CALI MAR - JESSICA PEÑA;ALOJAMIENTO;marzo;COP; HOSPEDAJE CALI|JESSICA PEÑA HOTEL CHIPICHAPE 2 NOCHES  CHECK IN: martes, 17 marzo 2026 CHECK OUT: jueves, 19 marzo 2026;CONSULTORIA PRIVADA;17/04/2026;VIAJES;626.915,00
1000023330;Course BookApplied Knowledge -Manageme;;marzo;EUR; Compra INV-91622 02/03/2026 £148.41 TRM libras 5.036,1 TRM Euro 4.399,03;UNIDAD ACADÉMICA ADMINISTRATIVA;20/03/2026;LIBROS ;169,89
1000023331;ACCA - AppliedKnowledge -Management;;marzo;EUR; Compra INV-91731 03/03/2026 £70.00 TRM libras 5.013,35 TRM Euro 4.361,73;UNIDAD ACADÉMICA ADMINISTRATIVA;20/03/2026;LIBROS ;80,43
1000023332;ACCA - AppliedKnowledge -Management;;marzo;EUR; Compra INV-92264 11/03/2026 £10.00 TRM libras 4.971,51 TRM Euro 4.291,74;UNIDAD ACADÉMICA ADMINISTRATIVA;20/03/2026;LIBROS ;11,58
1000023333;Digital Course Book External ACCAManageA;;marzo;EUR; Compra INV-92323 12/03/2026 £19.89 TRM libras 4.922,75 TRM Euro 4.249,34;UNIDAD ACADÉMICA ADMINISTRATIVA;20/03/2026;LIBROS ;23,04
1000023343;SERVICIO DE INTERNET HOGAR;SERVICIO INTERNET;marzo;COP; SERVICIO DE INTERNET HOGAR Supervisor: Henry Diaz Proveedor: CLARO Valor de la compra: COP $1.210.800 IVA incluido Vigencia: 01;EXPERIENCIA DE USUARIO;18/03/2026;SERVICIOS IT ;1.210.800,00
1000023312;SERV. MTTO EQUIPOS AUDIOVISUALES AULAS 8;MANTENIMIENTO MAQUINARIA Y EQUIPO;marzo;COP; SERVICIO DE MANTENIMIENTO EQUIPOS AUDIOVISUALES AULAS L815-L816 Y L817;GESTIÓN DE INFRAESTRUCTURA Y PLANTA FÍSICA;19/03/2026;SRV MTTO INFRAESTR;714.000,00
1000023313;SER. MTTO JARDINES Y CANOPY POR UN MES;SERVICIO MANTO. CONSTRUCCIONES Y EDIFICA;marzo;COP; SERVICIO DE ASISTENCIA TECNICA PARA EL MANTENIMIENTO DE LOS JARDINES Y CANOPY URBANO POR UN MES;GESTIÓN DE INFRAESTRUCTURA Y PLANTA FÍSICA;23/03/2026;SRV MTTO INFRAESTR;3.500.000,00
1000023335;SERV MTTO PREVEN PARARAYOS APANTALLAMIEN;SERVICIO MANTO. CONSTRUCCIONES Y EDIFICA;marzo;COP; SERVICIO DE MANTENIMIENTO PREVENTIVO SISTEMA APANTALLAMIENTO SEDE NOGAL JUNIO 2026, PROVEEDOR: POWER ELECTRIC, VALOR: $3.649.49;GESTIÓN DE INFRAESTRUCTURA Y PLANTA FÍSICA;20/03/2026;SRV MTTO INFRAESTR;3.649.492,00
1000023342;CONCILIACION TC;COCTEL - ESTACION (CAFE, AROMATICA, AGUA;marzo;COP; FORMALIZACION TC PROVEEDOR ESPITIA NERY MARTIN EDUARDO;PREGRADO;18/03/2026;INTERNACIONALES ;42.000,00
1000023322;Pago Licencia Universia 2025-2026;LICENCIAS Y SOFTWARE;marzo;COP; Pago a UNIVERSIA por concepto de Contrato Licencia Portal de servicios de empleo Universia Jobs, por el período noviembre 2025;GERENCIA DE INTERNACIONALIZACIÓN Y RELACIONES INSTITUCIONALES;24/03/2026;SOFTWARE ;11.768.386,00
1300003101;PASAJES AEREOS CONGRESO BQUILLA;PASAJES AEREOS;marzo;COP; TIQUETES BOG/BARRANQUILLA CONGREOS INTER;DIRECCIÓN DE EXTENSIÓN COMERCIAL;23/03/2026;TRANSPORTE ;943.772,00
1300003102;PASAJES AEREOS RELACIONAMIENTO INST CALI;PASAJES AEREOS;marzo;COP; TIQUETES RELACIONAMIENTO INSTITUCIONAL VALLE DEL CAUCA;EDUCACIÓN CONTINUADA COMERCIAL;23/03/2026;TRANSPORTE ;577.135,00
1000023315;INMERSIN EJECUTIVA 30X;MEMBRESIAS;marzo;USD; Inmersión Ejecutiva 30X;CONSULTORIA PRIVADA;22/04/2026;INSTITUCIONALES ;11.400,00
1000023345;LATHAM HEALTH;IMPRESOS PUBLICACIONES;marzo;COP; Latam HealthTech Forum 2026;PREGRADO;17/03/2026;INSTITUCIONALES ;1.588.561,00
1000022613;Combos Cine Colombia;PROMOCION DIVULGACION;marzo;COP; 28 combos de Cine Colombia;GERENCIA DE PROYECCIÓN Y CRECIMIENTO;17/03/2026;ALIMENTACION Y REF;669.424,00
1000023294;65 REFRIGERIOS - CALI COMFANDI;ALIMENTOS (DESAYU-REFRIG-ALMUERZO);marzo;COP; 65refrigerios para los días 18 y 19 de marzo en la ciudad de Cali -Pimer día: Sándwich de Jamón Queso y Tocineta con bebida;CONSULTORIA PRIVADA;26/03/2026;ALIMENTACION Y REF;1.495.508,00
1000023314;SERV. SEGURIDAD EVENTO 1.03.2026;VIGILANCIA;marzo;COP; SERVICIO APOYO VIGILANCIA Y SEGURIDAD EVENTO 10 DE MARZO;GESTIÓN DE INFRAESTRUCTURA Y PLANTA FÍSICA;24/03/2026;ASEO Y CAFETERIA ;116.512,00
1000023316;66 REFIGERIOS PORTUGUÉS;ALIMENTOS (DESAYU-REFRIG-ALMUERZO);marzo;COP; 66 REFRIGERIOS PARA EL CIERRE DE PORTUGUÉS, COHORTES 1 Y 2 , DE EDUCACIÓN CONTINUA.  PROVEEDOR :A FOCACCIA;EDUCACIÓN CONTINUADA PROYECTOS;19/03/2026;ALIMENTACION Y REF;1.083.560,00
1000023340;Barra de sodas;ALIMENTOS (DESAYU-REFRIG-ALMUERZO);marzo;COP; SOLICITUD DE SERVICIO DE BEBIDAS ENEVTO SEGUNDA TEMPORADA KZEMOS PROVEEDOR GRUPO PROMO.;GESTIÓN COMERCIAL EVENTOS EXTERNOS;18/03/2026;ALIMENTACION Y REF;144.720,00
1000023344;BONOS ALKOSTO - 2026 FAFCE;PREMIOS - BONOS;marzo;COP; BONOS JORNADAS DE BIENVENIDA Y SEMANA E - 2026 FACULTAD DE ADMINISTRACIÓN;FACULTAD DE ADMINISTRACION;23/03/2026;BONOS ;5.000.000,00
1000023308;Pago membresía ASCUN 2026;AFILIACIONES MEMBRESIAS INTERNACIONALES;marzo;COP; Pago membresía ASCUN 2026. Valor solped:29.306.250 COP;GERENCIA DE INTERNACIONALIZACIÓN Y RELACIONES INSTITUCIONALES;24/03/2026;LICENCIAS Y SUBSCR;29.306.250,00
1000023334;30X;INSCRIPCION EVENTOS NACIONAL - INTERNACI;marzo;USD; INSCRIPCIÓN 30X;GERENCIA IES;22/04/2026;LICENCIAS Y SUBSCR;11.400,00
1000023341;Pago membresía ASCOLFA 2026;AFILIACIONES MEMBRESIAS INTERNACIONALES;marzo;COP; Pago membresía ASCOLFA 2026. Valor solped: 7.686.900 COP;GERENCIA DE INTERNACIONALIZACIÓN Y RELACIONES INSTITUCIONALES;24/03/2026;LICENCIAS Y SUBSCR;7.686.900,00
1300003037;PASAJES AEREOS JOSE 29 MAR AL 02 ABR ARG;PASAJES AEREOS;marzo;COP; PASAJERO: JOSE ENRIQUE ALBA ESCAMILLA EVENTO: Summit 2026: Red de Universidades de Excelencia FECHA: 30 de marzo al 2 de abril;FACULTAD DE ADMINISTRACION;26/03/2026;VIAJES;5.570.386,00
1300003038;PASAJES TERRESTRES CARLOS 13 AL 15 MARZO;PASAJES TERRESTRES;marzo;COP; NOMBRE DEL PROFESOR: RODRIGUEZ BENAVIDES CARLOS EDUARDO CC: 80087985 CELULAR: 3167429405 UNIDAD DE ESTUDIO: POP ELEC III COSTOS;FACULTAD DE ADMINISTRACION;19/03/2026;VIAJES;425.000,00
1300003100;ALOJAMIENTO CONGRESO BARRANQUILLA;ALOJAMIENTO;marzo;COP; HOSPEDAJE BARRANQUILLA CONGRESO INTER CONTR;DIRECCIÓN DE EXTENSIÓN COMERCIAL;28/04/2026;VIAJES;632.487,00
1300003103;ALOJAMIENTO RELACIONAMIENTO INST CALI;ALOJAMIENTO;marzo;COP; HOSPEDAJE RELACIONAMIENTO INSTITUCIONAL VALLE DEL CAUCA;EDUCACIÓN CONTINUADA COMERCIAL;28/04/2026;VIAJES;160.518,00
1000023309;STAGE HAND;SERVICIOS PARA EVENTOS;marzo;COP; SOLICITUD DE SERVICIO DE PERSONAL AUDIOVISUAL PARA SEGUNDA TEMPORADA THE JURY EXPERIENCE CAMACOL. PROVEEDOR NEXTPRO;GESTIÓN COMERCIAL EVENTOS EXTERNOS;17/03/2026;SERVICIOS PROFESIO;476.000,00
1000023351;Cotización No. 10567;PREMIOS - BONOS;marzo;COP; Cotización No. 10567 COBIJA CASO COTIZACIÓN N DE RADICADO MESA DE SERVICIOS U EAN: 75336  Color: a requerir Descripción: Cob;MEDIACIONES DIDÁCTICAS;18/03/2026;EVENTOS ;1.495.776,00
1000023360;INSTAL SISTEMA DE RIEGO PUENTE;SERVICIO MANTO. CONSTRUCCIONES Y EDIFICA;marzo;COP; SUMINISTRO E INSTALACIÓN DE SISTEMA DE RIEGO PARA TERRAZA PUENTE $4'758.000;GESTIÓN DE INFRAESTRUCTURA Y PLANTA FÍSICA;06/04/2026;SRV MTTO INFRAESTR;4.758.000,00
1000023295;HORNO DE SECADO;;marzo;COP;" Caso mesa de servicios: 77076. Compra en el marco del proyecto de investigación externo ""Papapack"": Horno de secado a temperat";DIRECCIÓN DE INVESTIGACIONES;19/03/2026;ACTIVOS Y/O EQUIPO;4.605.657,00
1000023339;Transporte salida de campo;PASAJES TERRESTRES;marzo;COP; compra de un servicio de transporte para el día domingo 22 de marzo a piscilago para 22 personas, con un costo de 1650.000;PRÁCTICAS PROFESIONALES Y TRABAJOS DE GRADO;18/03/2026;TRANSPORTE ;1.650.000,00
1300003077;TRANSPORTES;PASAJES TERRESTRES;marzo;COP; VIATICOS EVENTO VALLE DEL CAUCA;DIRECCIÓN DE EXTENSIÓN COMERCIAL;19/03/2026;TRANSPORTE ;870.000,00
1300003079;TRANSPORTES;PASAJES TERRESTRES;marzo;COP; VIATICOS CONGRESO INTERNACIONAL DE BARRANQUILLA;DIRECCIÓN DE EXTENSIÓN COMERCIAL;19/03/2026;TRANSPORTE ;705.000,00
1000023296;REFRIGERIO VISITA COLEGIO;COCTEL - ESTACION (CAFE, AROMATICA, AGUA;marzo;COP; Solicitud refrigerio visita colegio Gimnasio Jireth;PREGRADO;20/03/2026;INSTITUCIONALES ;1.225.000,00
1000023297;estacion snack y cafe expo posgrados;COCTEL - ESTACION (CAFE, AROMATICA, AGUA;marzo;COP; Expo Ean Posgrados;POSGRADO;17/03/2026;INSTITUCIONALES ;3.629.500,00
1000023362;CAMPAÑA BECAS POR COLOMBIA;PROMOCION DIVULGACION;marzo;COP;" NOTICIERO ATLANTICO EN NOTICIAS/OLIMPICA Emisión de 4 cuñas diarias de lunes a viernes, máximo de 30"" cada una (distribuidas";GESTIÓN DE COMUNICACIONES Y PUBLICIDAD;18/03/2026;INSTITUCIONALES ;3.570.000,00
1000023346;Compra de 6 bonos;PREMIOS - BONOS;marzo;COP; Solicitud de 6 bonos  de Alkosto - por valor de cada uno de $ 300.000 para el evento BUENAS PRÁCTICAS DOCENTE 2026.;VICERRECTORÍA DE INNOVACIÓN ACADÉMICA;08/04/2026;BONOS ;1.800.000,00
1000023298;MARCADOR BORRABLE;;marzo;COP;" ""MOTIVO: Materiales de apoyo CAP PROVEEDOR: IDENTIFY FECHA: 18 DE MARZO VALOR: $130900""";FACULTAD DE HUMANIDADES Y CIENCIAS SOCIALES;17/03/2026;PAPELERÍA ;130.900,00
1000023318;Pago membresía OUI 2026;AFILIACIONES MEMBRESIAS INTERNACIONALES;marzo;USD; Pago membresía OUI 2026. Valor solped: 1865 USD;GERENCIA DE INTERNACIONALIZACIÓN Y RELACIONES INSTITUCIONALES;24/03/2026;LICENCIAS Y SUBSCR;1.865,00
1000023323;Pago membresía ASCOFAPSI 2026;AFILIACIONES MEMBRESIAS INTERNACIONALES;marzo;COP; Pago membresía ASCOFAPSI 2026. Valor solped: 13.000.000 COP;GERENCIA DE INTERNACIONALIZACIÓN Y RELACIONES INSTITUCIONALES;24/03/2026;LICENCIAS Y SUBSCR;13.000.000,00
1000023338;PAGO ELEVENLABS;LICENCIAS Y SOFTWARE;marzo;USD; Automatización de campañas de EanX por medio de software de gestión de Creación voces AI Elevenlabs.;EAN X PROYECTOS;19/03/2026;LICENCIAS Y SUBSCR;0
1000023347;PAGO PLATAFORMA FACEBOOK;AVISOS Y PROPAGANDA;marzo;USD; Automatización de campañas de EanX por medio de software de gestión de la red social FACEBOOK;EAN X PROYECTOS;07/04/2026;LICENCIAS Y SUBSCR;1.838,19
1000023348;PAGO PLATAFORMA MANYCHAT;LICENCIAS Y SOFTWARE;marzo;USD; Automatización de campañas de EanX por medio de software de gestión de la red social MANYCHAT.;EAN X PROYECTOS;13/04/2026;LICENCIAS Y SUBSCR;15
1000023349;PAGO PLATAFORMA TIKTOK  PROMOTE;AVISOS Y PROPAGANDA;marzo;USD; Automatización de campañas de EanX por medio de software de gestión de la red social TIKTOK PROMOTE;EAN X PROYECTOS;08/04/2026;LICENCIAS Y SUBSCR;53,41
1000023352;CARTULINA;;marzo;COP; MOTIVO: Papeleria - Materiales CAP PROVEEDOR: ESAN - BP: FECHA: 18 DE MARZO VALOR: 63.665;FACULTAD DE HUMANIDADES Y CIENCIAS SOCIALES;17/03/2026;PAPELERÍA ;63.665,00
1000023326;RENOVACION POLIZA DE CIBERSEGURIDAD 2026;;marzo;COP; RENOVACION POLIZA DE CIBERSEGURIDAD 2026 Supervisor: Néstor Cantor Proveedor: CHUBB Valor de la compra: COP $22.079.814 IVA in;SEGURIDAD INFORMÁTICA;17/03/2026;SEGUROS;22.079.813,00
1000023336;INTERPRETE LEGUAJE DE SEÑAS;GRADOS;marzo;COP; SERVICIO DE INTERPRETE DE LENGUAJE DE SEÑAS PARA LA CEREMONIA GRADOS PRIVADOS MARZO 27 DE 2026 (2 SESIONES);PROTOCOLO Y GESTIÓN DE EVENTOS INTERNOS;26/03/2026;GRADOS Y EVENTOS ;250.000,00
1000023337;INTERPRETE LEGUAJE DE SEÑAS;GRADOS;marzo;COP; SERVICIO DE INTERPRETE DE LENGUAJE DE SEÑAS PARA LA CEREMONIA GRADOS PRIVADOS MARZO 27 DE 2026 (2 SESIONES);PROTOCOLO Y GESTIÓN DE EVENTOS INTERNOS;26/03/2026;GRADOS Y EVENTOS ;250.000,00
1000023350;IV CONGRESO INTERNACIONAL;HONORARIOS ASESORIA JURIDICA;marzo;COP; IV CONGRESO INTERNACIONAL DE CONTRATACIÓN ESTATAL;GESTIÓN JURÍDICA, LEGAL Y PROTECCIÓN DE DATOS PERSONALES;17/03/2026;VIAJES;1.500.000,00
1300003074;TRANSPORTE TERRESTRE;PASAJES TERRESTRES;marzo;COP; VIÁTICOS TRANSPORTE Y ALIMENTACIÓN - VIAJE BARRANQUILLA BECAS POR COLOMBIA  MARIA FERNANDA ROZO CORREA - CC. 35419791 - 10000;NUEVOS MERCADOS;26/03/2026;VIAJES;400.000,00
1300003075;TRANSPORTE TERRESTRE;PASAJES TERRESTRES;marzo;COP; VIÁTICOS TRANSPORTE Y ALIMENTACIÓN - VIAJE BARRANQUILLA BECAS POR COLOMBIA  JOSE ALFONSO MORENO LOBO - CC. 88247153 - BP: 100;NUEVOS MERCADOS;26/03/2026;VIAJES;595.000,00
1300003076;RESERVA AAGLCQY;PASAJES AEREOS;marzo;COP; VUELOS VIAJE BARRANQUILLA - BECAS POR COLOMBIA FECHA: 20 MARZO ZEPPELIN RESERVA: AAGLCQY;NUEVOS MERCADOS;07/04/2026;VIAJES;1.414.522,00
1300003078;RESERVA AAGLCRG MARIA FERNANDA;PASAJES AEREOS;marzo;COP; VUELOS VIAJE BUCARAMANGA - BECAS POR COLOMBIA FECHA: 13 MARZO ZEPPELIN RESERVA: AAGLCRG;NUEVOS MERCADOS;28/04/2026;VIAJES;1.379.583,00
1300003110;Pasajes terrestres Barranquilla;PASAJES TERRESTRES;marzo;COP; Gastos de viaje Jaime Reyes Barranquilla - 20 de marzo;CONSULTORÍA ESPECIALIZADA;19/03/2026;VIAJES;120.000,00
1300003120;HOSPEDAJE EDGAR GONZALEZ;ALOJAMIENTO;marzo;COP; HOSPEDAJE BUCARAMANGA - EDGAR ARTURO GONZALEZ MONGUI - CC. 1018420260  PROVEEDOR. ZEPPELIN HOTEL: DANN CARLTON BUCARAMANGA FACT;REGIONES;17/03/2026;VIAJES;0
1000023325;pago plataforma Google;PROMOCION DIVULGACION;marzo;COP; Automatización de campañas de EanX por medio de software de gestión de la red social GOOGLE.;EAN X PROYECTOS;20/03/2026;SERVICIOS PROFESIO;1.100.000,00
1000023275;CUADERNO PEQUEÑO MERCHANDISING;;marzo;COP;;POSGRADO;26/03/2026;PUBLIC – MATER POP;24.007.542,00
1000023383;SUSCRIPCIÓN BITLY;TRAMITES LICENCIAS;marzo;USD; SE REALIZA LA SUSCRIPCIÓN DE BITLY PARA PLANES COMERCIALES MEDIO DE PAGO A SUSCRIPCION TC;PUBLICIDAD;24/03/2026;SOFTWARE ;348
1000023384;FINCOVAL GESTION COBRO FEBRERO 2026;HONORARIOS;marzo;COP; FINCOVAL S.A.S. Gestión Cobro Febrero 2026;DIRECCIÓN DE RECURSOS FINANCIEROS;24/03/2026;OUTSOURCING ;480.467,00
1000023385;FINCOVAL COMISION FEBRERO 2026;HONORARIOS;marzo;COP; FINCOVAL S.A.S. Comisión Gestion cobro Febrero 2026;DIRECCIÓN DE RECURSOS FINANCIEROS;24/03/2026;OUTSOURCING ;392.675,00
1000023386;PAYU COLOMBIA;HONORARIOS;marzo;COP; PayU Colombia S.A.S Compra del paquete transaccional anual  de PAYU 12.000 transacciones;DIRECCIÓN DE RECURSOS FINANCIEROS;24/03/2026;OUTSOURCING ;842.510,00
1000023356;STICKERS;PROMOCION DIVULGACION;marzo;COP; STICKERS CON DISEÑO: Dimensiones: 5 cm x 5 cm. Impresión digital sobre vinilo adhesivo blanco. Corte de contorno en plotter.;GESTIÓN DE COMUNICACIONES Y PUBLICIDAD;19/03/2026;INSTITUCIONALES ;165.838,00
1000023357;Refrigerios Neuroteens;ALIMENTOS (DESAYU-REFRIG-ALMUERZO);marzo;COP; Necesitamos 10 refrigerios, para el 21 de marzo, con la focaccia. CECO: 10500112 Cuenta mayor: 5111550002 CASINO Y RESTAURANTE;DISEÑO ORGANIZACIONAL Y GESTIÓN DEL CAMBIO;19/03/2026;INSTITUCIONALES ;135.000,00
1000023387;STAND;ALQUILER STAND - CARPAS;marzo;COP; STAND FILBO;PREGRADO;07/05/2026;INSTITUCIONALES ;45.389.998,00
1000023355;Anticipo patios productivos;INGRESOS TERCEROS;marzo;COP; Anticipo 100% para Gabriela botero para cubrir los costos del proyecto territorio vivo (patios productivos) que se llevará a c;RECTORÍA;09/04/2026;ELEM. FERRETERIA C;13.150.000,00
1000023328;CASINO REFRIGERIO;ALIMENTOS (DESAYU-REFRIG-ALMUERZO);marzo;COP; EVENTO SIEMBRA;POSGRADO;20/03/2026;ALIMENTACION Y REF;510.000,00
1000023329;REFRIGERIOS - EVENTO REDAC - 24 MARZO;ALIMENTOS (DESAYU-REFRIG-ALMUERZO);marzo;COP; Evento: REDAC - Doctorados Fecha del evento: 24 de marzo de 2026 Lugar en la mañana: Auditorio Nativos - Hora 7:00am a 12:00pm;FACULTAD DE ADMINISTRACION;20/03/2026;ALIMENTACION Y REF;6.265.350,00
1000023358;ESTACION DE CAFE;COCTEL - ESTACION (CAFE, AROMATICA, AGUA;marzo;COP; Refrigerio Workshop: gestión de la neurodiversidad y la psicopatología en ámbitos educativos PERSONA DE CONTACTO DIANA CAROL;POSGRADO;19/03/2026;ALIMENTACION Y REF;1.830.440,00
1000023370;Pastel Pollo Mediano;ALIMENTOS (DESAYU-REFRIG-ALMUERZO);marzo;COP; Refrigerio Proveedor: LA REGIONAL;SISTEMA DE GESTIÓN DE LA SEGURIDAD Y SALUD EN EL TRABAJO;20/03/2026;ALIMENTACION Y REF;270.000,00
1000023391;200 refrigerios;ALIMENTOS (DESAYU-REFRIG-ALMUERZO);marzo;COP;;EDUCACIÓN CONTINUADA PROYECTOS;25/03/2026;ALIMENTACION Y REF;4.372.000,00
1000023327;100 boletas cineco pass 2d;PREMIOS - BONOS;marzo;COP; BOLETAS DE CINE - BONOS CINE COLOMBIA Evento: Se requiere para enterga premios en eventos que realice la Facultad.;FACULTAD DE ADMINISTRACION;24/03/2026;BONOS ;2.519.380,00
1000023380;CARGA;PREMIOS - BONOS;marzo;COP; BONOS BIG PASS PRACTICANTES DE MERCADEO AUTORIZADO POR EL DECANO JOSE ALBA SOLICITADO POR EL DIRECTOR DE PROGRAMA MIGUEL ARENAS;FACULTAD DE ADMINISTRACION;20/04/2026;BONOS ;3.306.208,00
1000023382;CARGA;PREMIOS - BONOS;marzo;COP; BONOS BIG PASS APROBADOS POR EL DECANO JOSE ALBA EVENTO: SE REQUIEREN ESTOS BONOS PARA PREMIOS - EVENTOS FACULTAD (SEMANA E - J;FACULTAD DE ADMINISTRACION;20/04/2026;BONOS ;1.081.776,00
1000023390;compra de 4 parlantes sony;PREMIOS - BONOS;marzo;COP;" Solicitud compra de 4 parlantes Sony 4548736146402 Parl SONY SRS-XB100""NEO $ 309.900 valor total  con iva   1.239.600 Evento pr";VICERRECTORÍA DE INNOVACIÓN ACADÉMICA;25/03/2026;BONOS ;719.598,00
1000023319;PAGO PLATAFORMA TIKTOK;AVISOS Y PROPAGANDA;marzo;COP; Automatización de campañas de EanX por medio de software de gestión de la red social TIKTOK;EAN X PROYECTOS;20/03/2026;LICENCIAS Y SUBSCR;183.855,00
1000023353;39 LICENCIAS ACCESO PLATAFORMA CERTIPROF;ALQUILER DE SOFTWARE Y LICENCIAS;marzo;COP;" COMPRA LICENCIAS (VOUCHER) ACCESO A PLATAFORMA PARA PRESENTAR EXAMEN CERTIPROF ""CAMP - PMP"" - PROGRAMA EDUCACIÓN CONTINUA - CA";EDUCACIÓN CONTINUADA PROYECTOS;26/03/2026;LICENCIAS Y SUBSCR;4.989.075,00
1000023363;SUSCRIPCIÓN 30X;INSCRIPCION EVENTOS NACIONAL - INTERNACI;marzo;USD; INSCRIPCIÓN 30X;FACULTAD DE ADMINISTRACION;22/04/2026;LICENCIAS Y SUBSCR;11.400,00
1000023371;Suscripcion La Republica Brigitte Baptis;SUSCRIPCIONES PERIODICOS Y REVISTAS;marzo;COP; Pago suscripcion La Republica Brigitte Baptiste Valor: 490.500;RECTORÍA;20/03/2026;LICENCIAS Y SUBSCR;490.500,00
1000023381;DIPLOMADO EXCEL PRESENCIAL_2025;EXAMENES LENGUAS EXTRANJERAS;marzo;COP; Solped correspondiente a la migración del saldo de la solped No. 1000019094, asociada a la OC No. 4000019089.;EDUCACIÓN CONTINUADA PROYECTOS;25/03/2026;LICENCIAS Y SUBSCR;7.961.000,00
1300003098;Pasajes terrest Bqlla Alejandro Borrero;PASAJES TERRESTRES;marzo;COP; Gastos de viaje Alejandro Borrero Barranquilla;CONSULTORÍA ESPECIALIZADA;19/03/2026;VIAJES;100.000,00
1300003099;Pasajes terrest Bqlla MElvira Paez;PASAJES TERRESTRES;marzo;COP; Gastos de viaje María Elvira Paez Barranquilla Transporte terrestre aeropuerto;CONSULTORÍA ESPECIALIZADA;19/03/2026;VIAJES;100.000,00
1300003104;Manutencion Vanesa Suarez;MANUTENCION;marzo;COP; Viaticos Vanesa suarez 25.03 a 29.03 a Puerto Carreño el objeto de cumplir la misión comercial Ean Orinoquia, reunión con se;RECTORÍA;19/03/2026;VIAJES;530.000,00
1300003105;Manutención Alejandro Borrero;INGRESOS TERCEROS;marzo;COP; Viatico Alejandro Borrero CC 16712008 Viaje a Puerto Carreño del 25.03 a 29.03 Con el objeto de cumplir la misión comercial E;RECTORÍA;19/03/2026;VIAJES;530.000,00
1300003106;Manutencion Alejandro Riaño;INGRESOS TERCEROS;marzo;COP; Viaticos Alejandro Riaño cc 1073248492 de 25.03 a 29.03 a Puerto Carreño Con el objeto de cumplir la misión comercial Ean Or;RECTORÍA;19/03/2026;VIAJES;530.000,00
1300003111;PASAJES TERRESTRES MONICA 13 AL 17 ABRIL;PASAJES TERRESTRES;marzo;COP; GASTOS DE VIAJE NOMBRE: MONICA ALEJANDRA PASTRANA GRANADOS CC. 26428709 EVENTO:  salida pedagógica a Cartagena.Salida que se e;FACULTAD DE ADMINISTRACION;19/03/2026;VIAJES;1.200.000,00
1300003130;Reserva AAGMYGG - Danny Losada;PASAJES AEREOS;marzo;COP; Zeppelin Reserva AAGMYGG Danny Losada Medellín - Bogotá 24 - 25 de marzo Consultoría Minera Cobre;CONSULTORÍA ESPECIALIZADA;25/03/2026;VIAJES;396.934,00
1000023354;Retoque fotográfico biografía Dra. Cecil;HONORARIOS GESTION DEL CONOCIMIENTO;marzo;COP; Proveedor Juan Bernardo Arias Blanco NIT 79.420.769 BP: 10000331481 Servicio: Se realiza el retoque fotográfico de imágenes a;PUBLICACIONES CIENTIFICAS Y DOCENTES;19/03/2026;SERVICIOS PROFESIO;1.104.000,00
1000023365;INS CONTROL DE ACCESO PUERTA ESCALERA;SERVICIO MANTO. CONSTRUCCIONES Y EDIFICA;marzo;COP; SERVICIO SUMINISTRO E INSTALACION CONTROL DE ACCESO ESCALERA DE EMERGENCIOA ESCALERA SOTANO 1 LEGACY. PROVEEDOR: AMERICAM ALARM;GESTIÓN DE INFRAESTRUCTURA Y PLANTA FÍSICA;25/03/2026;SRV MTTO INFRAESTR;5.239.289,00
1000023375;INSTA PUNTO DATOS CUARTO DE BOMBAS;CABLEADO ESTRUCTURADO;marzo;COP; SERVIVIO SUMINISTRO E INSTALACION DE PUNTO DE DATOS PARA CUARTO DE BOMBAS, PROVEEDOR: SIETE, VALOR: $1.180.213, CASO:77299;GESTIÓN DE INFRAESTRUCTURA Y PLANTA FÍSICA;07/04/2026;SRV MTTO INFRAESTR;1.180.214,00
1000023377;INSTALACION SOLAR SCREEN VICERRECTORIA A;SERVICIO MANTO. CONSTRUCCIONES Y EDIFICA;marzo;COP; SERVICIO SUMINISTRO E INSTALACION DE SOLAR SCREEN VICERRECTORIA ACADEMICA, PROVEEDOR: SECURITY WINDOWS, VALOR: $1.563.660, CASO;GESTIÓN DE INFRAESTRUCTURA Y PLANTA FÍSICA;25/03/2026;SRV MTTO INFRAESTR;1.563.660,00
1000023378;SERV INST DE VIDRIOS PERFORADOS SNEUTRO;SERVICIO MANTO. CONSTRUCCIONES Y EDIFICA;marzo;COP; SERVICIO SUMINISTRO E INSTALACION DE VIDRIOS CON PERFORACIONES PARA SALA NEUTRO, PROVEEDOR: SECURITY WINDOWS, VALOR: $ 2.023.00;GESTIÓN DE INFRAESTRUCTURA Y PLANTA FÍSICA;25/03/2026;SRV MTTO INFRAESTR;2.023.000,00
1000023376;Renovación licencia Linkedln;LICENCIAS Y SOFTWARE;marzo;USD; Renovación de licencia Linkedln - Hypercubus;SELECCIÓN DEL TALENTO Y CALIDAD DE VIDA;19/03/2026;SOFTWARE ;0
1000023364;SUSCRIPCION ANUAL;BASE DE DATOS;marzo;USD; SUSCRIPCION Plan IA Envato - Equipo de diseño;PUBLICIDAD;07/04/2026;INSTITUCIONALES ;1.308,00
1000023392;PRESENTACIONES EAN;HONORARIOS ASESORIA TECNICA;marzo;COP; PRESENTACIONES EAN MARE;CONSULTORIA PRIVADA;24/03/2026;INSTITUCIONALES ;3.712.800,00
1000023366;Refrigerios para voluntariado refugio an;ALIMENTOS (DESAYU-REFRIG-ALMUERZO);marzo;COP; SOLICITUD DE CASOS  Actividad:  Refrigerios para acción voluntaria a refugio animal Guadalupe.  Descripción:  Compra de 40 re;BIENESTAR UNIVERSITARIO;20/03/2026;ALIMENTACION Y REF;420.000,00
1000023388;Estacion de café con aromatica y azucar;SERVICIO MESERO;marzo;COP; Refrigerio jorna de bienvenida para estudiantes ciclo II 2026. Proveedor Grupo Promo;PROTOCOLO Y GESTIÓN DE EVENTOS INTERNOS;25/03/2026;ALIMENTACION Y REF;1.619.400,00
1000023373;RENOVACION ESPACIO GITLAB;LICENCIAS Y SOFTWARE;marzo;USD; ESPACIO GITLAB Supervisor: Diego Rivera Proveedor: GitLab Valor de la compra: USD 120 Exento de IVA Forma de pago: Tarjeta de c;SISTEMAS DE INFORMACIÓN;26/03/2026;LICENCIAS Y SUBSCR;120
1000023394;Renovación licencia Linkedln;LICENCIAS Y SOFTWARE;marzo;COP; Renovación Linkedln;SELECCIÓN DEL TALENTO Y CALIDAD DE VIDA;16/04/2026;LICENCIAS Y SUBSCR;60.708.560,00
1000023359;POLIZA SERIEDAD DIAN;SEGUROS POLIZAS CUMPLIMIENTO;marzo;COP; Solicitud Póliza de Seriedad // Licitación DIAN LP-00-001-2026;DIRECCIÓN DE EXTENSIÓN COMERCIAL;20/03/2026;SEGUROS;538.800,00
1000023379;POLIZA CONVENIO CAR;CUMPLIMIENTO;marzo;COP;;DIRECCIÓN DE EXTENSIÓN COMERCIAL;20/03/2026;SEGUROS;119.286,00
1000023400;Renovación área protegida;;marzo;COP; Área protegida Proveedor: COOMEVA;SISTEMA DE GESTIÓN DE LA SEGURIDAD Y SALUD EN EL TRABAJO;24/04/2026;SEGUROS;30.027.230,00
1000023368;BUS - VEREDA QUIPILE 21 MARZO;PASAJES TERRESTRES;marzo;COP; EVENTO: SALIDA ACADÉMICA -  QUIPILE VEREDA BERLIN FECHA: 21 de marzo de 2026 PERSONA A CARGO: DIEGO RIAÑO;FACULTAD DE INGENIERÍA;20/03/2026;VIAJES;1.400.000,00
1300003131;Ibis alojamiento;ALOJAMIENTO;marzo;COP; Zeppelin Cotización MZP551 Hotel Ibis y GHL 13, 19, 20, 21 marzo Alacaldía de Barranquilla;CONSULTORÍA ESPECIALIZADA;20/04/2026;VIAJES;13.916.709,00
1000023367;MEMBRESIAS C2 2026 - LIVEHAPPY;ACTIV CULTURALES CIVICAS Y DEPORTIVAS;marzo;COP; MOTIVO: Membresias Live Happy para la unidad de estudio HFPF0029C201 - LIM CERROS Y SENDERISMO EN BOGOTA C2G1 PROVEEDOR: Live H;FACULTAD DE HUMANIDADES Y CIENCIAS SOCIALES;30/03/2026;SERVICIOS PROFESIO;3.213.000,00
1000023372;Factura Godoy Cordoba FEV180111;HONORARIOS ASESORIA JURIDICA;marzo;COP; Honorarios correspondientes al mes de Febrero - Laboral - excedente;SELECCIÓN DEL TALENTO Y CALIDAD DE VIDA;24/03/2026;SERVICIOS PROFESIO;474.310,00
1000023374;Factura Godoy Cordoba  FEV180112;HONORARIOS ASESORIA JURIDICA;marzo;COP; Honorarios correspondientes al mes de Marzo.;SELECCIÓN DEL TALENTO Y CALIDAD DE VIDA;24/03/2026;SERVICIOS PROFESIO;7.588.963,00
1000023389;Taller DM - San Miguel de Sema  - Ubatte;PASAJES TERRESTRES;marzo;COP; Bogotá, 18 Marzo 2026 Señores UNIVERSIDAD EAN MAURICIO AVILA SANCHEZ Cordial Saludo. Dando respuesta a su solicitud y agradec;CONTRATACIÓN PÚBLICA;27/03/2026;TRANSPORTE ;1.200.000,00
1000023395;SERVICIO TRANSPORTE MIEMBROS SALA GENERA;PASAJES TERRESTRES;marzo;COP; SEGUN CUENTA DECOBRO No.70 SERVICIO DE TRANSPORTE PARA LOS MIEMBROS DE LA SALA GENERAL Y FUNDADORES, ESTADIA COLOMBIA.;SALA GENERAL;25/03/2026;TRANSPORTE ;10.275.000,00
1000023410;PAGO PROMOTORES;PROMOCION DIVULGACION;marzo;COP; REPORTE PAGO PROMOTORES ENERO - FEBRERO 2026;PREGRADO;27/04/2026;INSTITUCIONALES ;573.803,00
1000023396;LIBROS Y MATERIAL BIBLIOGRAFICO;;marzo;COP; 9 LIBROS INGLES INTERMEDIO, CON EL PROVEEDOR WISDOM S.A.S PARA PROMOCIÓN 2026 COHORTE 1 DEL CURSO DE INGLES INTERMDEDIO DE EDU;EDUCACIÓN CONTINUADA PROYECTOS;21/05/2026;LIBROS ;1.404.000,00
1000023401;Aquí no hay reglas: Netflix y la cultura;;marzo;COP; Compra libros impresos para Biblioteca relacionado en Acta 002 2026 Proveedor Revistas Tecnicas Contacto Daniel Restrepo Montoy;BIBLIOTECA;24/03/2026;LIBROS ;1.765.475,00
1000023411;GASTO DE REPRESENTACION;GASTOS DE REPRESENTACION;marzo;COP; GASTO DE REPRESENTACION/ GRUPO PROMO CONCILIACION TC;CONSULTORIA PRIVADA;24/03/2026;ALIMENTACION Y REF;220.520,00
1000023412;Sándwich;ALIMENTOS (DESAYU-REFRIG-ALMUERZO);marzo;COP; EVENTO: ACREDITACIÓN DOCTORADOS FECHA: 26 DE MARZO DE 2026 PERSONA A CARGO: JUAN CARLOS RENTERÍA;FACULTAD DE ADMINISTRACION;25/03/2026;ALIMENTACION Y REF;704.000,00
1000023369;Stand Doble No 34;ALQUILER STAND - CARPAS;marzo;COP; COMPRA STAND - PARTICIPACIÓN VANGUARDIA EVENTO: FERIA EDUCATIVA CAMPUS 2026 20, 21 y 22 de mayo PROVEEDOR: GALVIS RAMÍREZ Y C;PREGRADO;13/04/2026;ARRENDAMIEN Y ALQU;9.758.000,00
1000023431;AFORO Y DECORACION AUDITORIO;OTROS SERVICIOS;marzo;COP; AFORO Y DECORACION EVENTO KZEMOS TERCERA TEMOORADA. PORVEEDOR WD PRODUCCIONES;GESTIÓN COMERCIAL EVENTOS EXTERNOS;13/04/2026;ARRENDAMIEN Y ALQU;2.135.098,00
1300003121;PASAJES TERRESTRES FABIAN 26 AL 27 MARZO;PASAJES TERRESTRES;marzo;COP; NOMBRE DEL PROFESOR:FABIAN GERARDO DIAZ CC 80871890 FECHA IDA Y REGRESO: 26 DE MARZO DE 2026 AL 27 DE MARZO DE 2026 CIUDAD: POP;FACULTAD DE ADMINISTRACION;24/03/2026;VIAJES;425.000,00
1000023430;APOYO EVENTO;SERVICIOS PARA EVENTOS;marzo;COP; SOLICITUD DE PERSONAL DE LOGISTICA PARA EVENTO KCEMOS. SEGUNDA TENPORADA                 PROVEEDOR ADVANTAGE.;GESTIÓN COMERCIAL EVENTOS EXTERNOS;30/03/2026;SERVICIOS PROFESIO;2.831.010,00
1000023432;PUNTO DE REGISTRO;SERVICIOS PARA EVENTOS;marzo;COP; Servicio de auto registro con lectura de cédulas o QR EVENTO EMBJADA DE CANADA. PROVEDOR KPULUS;GESTIÓN COMERCIAL EVENTOS EXTERNOS;24/03/2026;SERVICIOS PROFESIO;1.381.590,00
1000023397;DESMONTE Y REUBICACIÓN PUESTOS INTERNAL;SERVICIO MANTO. CONSTRUCCIONES Y EDIFICA;marzo;COP; DESMONTE Y REINSTALACIÓN DE PUESTOS DE TRABAJO Y PUNTOS ELÉCTRICOS OFICINA INTERNACIONALIZACIÓN VALOR: $1'337.239;GESTIÓN DE INFRAESTRUCTURA Y PLANTA FÍSICA;06/04/2026;SRV MTTO INFRAESTR;1.337.238,00
1000023398;ADECUACION HIDROSANITARIA LAB FLUIDOS;SERVICIO MANTO. CONSTRUCCIONES Y EDIFICA;marzo;COP; ADECUACIONES HIDROSANITARIAS LABORATORIO MECÁNICA DE FLUIDOS - PROVEEDOR: RCA JUSTIFICACIÓN SELECCIÓN DE PROVEEDOR -  VALOR:;GESTIÓN DE INFRAESTRUCTURA Y PLANTA FÍSICA;06/04/2026;SRV MTTO INFRAESTR;6.186.780,00
1000023413;PROTOTIPO SUPER MOVIL SILLAS ORIGENES;MANTENIMIENTO MUEBLES Y ENSERES;marzo;COP; SERVICIO DE FABRICACION E INSTALACION DE PROTOTIPO SUPERFICIO MOVIL DE SILLAS AUDITORIO ORIGENES, PROVEEDOR: INMAGRAN, VALOR: $;GESTIÓN DE INFRAESTRUCTURA Y PLANTA FÍSICA;25/03/2026;SRV MTTO INFRAESTR;296.310,00
1000023414;SUMI E INST SEÑALIZACION PISOS E ICONOS;SERVICIO ACCESORIOS Y ELEMEN DECORATIVOS;marzo;COP; SERVICIO SUMINISTRO E INSTALACION DE NUMERO PISOS E ICONOS BAÑOS, PROVEEDOR: KATODE, VALOR: $2.094.019, CASO:77479;GESTIÓN DE INFRAESTRUCTURA Y PLANTA FÍSICA;27/03/2026;SRV MTTO INFRAESTR;2.094.019,00
1000023207;Silla para piano vertical;;marzo;COP; SOLICITUD DE CASOS  Actividad:   Silla para piano vertical  Descripción:   Compra de silla para piano vertical que será usada;BIENESTAR UNIVERSITARIO;25/03/2026;ACTIVOS Y/O EQUIPO;395.900,00
1000023402;TRANSPORTES;PASAJES TERRESTRES;marzo;COP;  Solicitud viáticos y transporte Reunión Comfaboy;DIRECCIÓN DE EXTENSIÓN COMERCIAL;07/04/2026;TRANSPORTE ;1.260.000,00
1000023423;SERVICIO AMBULANCIA;PASAJES TERRESTRES;marzo;COP; EVENTO: Cubrimiento ambulancia evento 25, 26 y 27 de marzo EMPRESA: COOMEVA MOVIL: 404 PLACA: NFU695 NOMBRE: SOLANGE CORREAL -;FACULTAD DE ADMINISTRACION;25/03/2026;TRANSPORTE ;1.877.568,00
1000023399;RETAPIZADO SOFÁ;MANTENIMIENTO MUEBLES Y ENSERES;marzo;COP; RETAPIZADO SOFÁ GERENCIA DE PERSONAS Y CULTURA - PROVEEDOR: INMAGRAM - VALOR: $1.892.100;GESTIÓN DE INFRAESTRUCTURA Y PLANTA FÍSICA;20/04/2026;MUEBLES Y ENSERES ;1.892.100,00
1000023170;BRANDING EAN A TU LADO;IMPRESOS PUBLICACIONES;marzo;COP; BRANDING EAN TU LADO CENEFAS DINTEL: Dimensiones: 44.5 m x 1,12 m. Impresión digital sobre vinilo adhesivo laminado mate. Inst;PREGRADO;24/03/2026;IMPRESOS ;6.074.518,00
1000023415;Gluconacetobacter xylinus;;marzo;USD; Caso mesa de servicios:77517. Compra de Gluconacetobacter xylinus en el marco del semillero de investigación Ciencias Básicas;DIRECCIÓN DE INVESTIGACIONES;25/03/2026;ELEM. LABORATORIO ;442
1000023421;SUSCRIPCION HEYGEN - FEBRERO Y MARZO;SUSCRIPCIONES;marzo;USD; SUSCRIPCION HEYGEN FEBRERO Y MARZO PAGO POR TARJETA DE CREDITO;GESTIÓN JURÍDICA, LEGAL Y PROTECCIÓN DE DATOS PERSONALES;30/03/2026;LICENCIAS Y SUBSCR;58
1000023422;JUZTINA FEBRERO Y MARZO;SUSCRIPCIONES;marzo;USD; SUSCRIPCIÓN JUZTINA FEBRERO Y MARZO PAGO POR TC;GESTIÓN JURÍDICA, LEGAL Y PROTECCIÓN DE DATOS PERSONALES;30/03/2026;LICENCIAS Y SUBSCR;120
1000023433;RENOVACION FIGMA 2026;LICENCIAS Y SOFTWARE;marzo;USD; RENOVACION FIGMA 2026 Supervisor: Diego Rivera Proveedor: Figma Valor de la compra: USD 768 Exento de IVA Vigencia: 23 May 2026;SISTEMAS DE INFORMACIÓN;17/04/2026;LICENCIAS Y SUBSCR;768
1000023435;utiles VAF;;marzo;COP;;VICERRECTORÍA ADMINISTRATIVA Y FINANCIERA;25/03/2026;PAPELERÍA ;884.647,00
1000023438;LEGALIZACION PAGO OPEN IA;LICENCIAS Y SOFTWARE;marzo;USD; LEGALIZACION PAGO OPEN IA ENERO - VALOR USD $1.635 IVA INCUIDO - SUPERVISOR: HENRY DIAZ - FORMA DE PAGO: TARJETA DE CREDITO;EXPERIENCIA DE USUARIO;31/03/2026;LICENCIAS Y SUBSCR;1.635,00
1300003112;TRANSPORTE TERRESTRE;PASAJES TERRESTRES;marzo;COP; VIÁTICOS TRANSPORTE Y ALIMENTACIÓN - VIAJE BECAS POR COLOMBIA ARMENIA  EDGAR ARTURO GONZALEZ MONGUI - CC. 1018420260 - BP 100;GERENCIA DE PROYECCIÓN Y CRECIMIENTO;26/03/2026;VIAJES;595.000,00
1300003113;TRANSPORTE TERRESTRE;PASAJES TERRESTRES;marzo;COP; VIÁTICOS TRANSPORTE Y ALIMENTACIÓN - VIAJE ARMENIA - BECAS POR COLOMBIA  MARIA FERNANDA ROZO CORREA - CC. 35419791 - 10000470;GERENCIA DE PROYECCIÓN Y CRECIMIENTO;26/03/2026;VIAJES;270.000,00
1300003114;TRANSPORTE TERRESTRE;PASAJES TERRESTRES;marzo;COP; VIÁTICOS TRANSPORTE Y ALIMENTACIÓN - VIAJE ARMENIA - BECAS POR COLOMBIA  YASMIN GALVIS ARDILA - CC. 37896859 - BP: 1000084578;GERENCIA DE PROYECCIÓN Y CRECIMIENTO;26/03/2026;VIAJES;270.000,00
1300003115;RESERVA AAGNVFD;PASAJES AEREOS;marzo;COP; VUELOS VIAJE ARMENIA - BECAS POR COLOMBIA FECHA: 26 MARZO ZEPPELIN RESERVA: AAGNVFD;GERENCIA DE PROYECCIÓN Y CRECIMIENTO;08/04/2026;VIAJES;1.638.936,00
1300003116;HOSPEDAJE EDGAR GONZALEZ;ALOJAMIENTO;marzo;COP; RESERVA HOTEL DANN CARLTON BUCARAMANGA  No de reserva 3227134 Huesped EDGAR ARTURO GONZALEZ MONGUI Fecha IN Jueves, 12 de Marzo;NUEVOS MERCADOS;31/03/2026;VIAJES;353.430,00
1300003122;Pasajes Terrestres Danny Losada;PASAJES TERRESTRES;marzo;COP; Gastos de viaje Danny Mauricio Losada Franco Bogotá 24 - 25 de marzo Consultoría Minera Cobre;CONSULTORÍA ESPECIALIZADA;26/03/2026;VIAJES;240.000,00
1300003123;VIAJE DE JUAN WONG;INGRESOS TERCEROS;marzo;COP; VIAJE DE JUAN WONG POR TALLER GRUPO IMPACTA SAS EL 6 DE ABRIL DEL 2026;EAN IMPACTA;08/04/2026;VIAJES;1.448.332,00
1000023436;Letras 3D Bienestar Unviersitario B.U;PROMOCION DIVULGACION;marzo;COP;" SOLICITUD DE CASOS Actividad: Compra de letras BU 3D Descripción:  Compra de 2 letras en 3D que conforman la palabra ""B.U."" pa";BIENESTAR UNIVERSITARIO;25/03/2026;SERVICIOS PROFESIO;1.249.500,00
1000023437;Tropezones para zonas BU;PROMOCION DIVULGACION;marzo;COP; SOLICITUD DE CASOS Actividad: Compra de Tropezones para zonas BU Descripción:  Compra de cinco tropezones para las zonas BU co;BIENESTAR UNIVERSITARIO;25/03/2026;SERVICIOS PROFESIO;2.142.000,00
1000023426;CUADERNO PEQUEÑO MERCHANDISING;;marzo;COP; COMPRA CUADERNOS MERCHANDISING GERENCIA CANTIDAD 2373 PROVEEDOR BYMN BP 1000336686;POSGRADO;27/03/2026;PUBLIC – MATER POP;24.008.250,00
1000023427;CUADERNO PEQUEÑO MERCHANDISING;;marzo;COP; COMPRA CUADERNOS MERCHANDISING GERENCIA CANTIDAD 727 PROVEEDOR BYMN BP 1000336686;GESTIÓN DE COMUNICACIONES Y PUBLICIDAD;26/03/2026;PUBLIC – MATER POP;24.008.250,00
1000023425;FACTURA SERVIENTREA Nro. Febrero;CORREO, PORTES Y TELEGRAMAS;marzo;COP;;GESTIÓN DOCUMENTAL;23/04/2026;TRANSPORTE ;121.557,00
1000023452;Taller DM - Bogotá -  Chía;PASAJES TERRESTRES;marzo;COP; Bogotá, 24 Marzo 2026 Señores UNIVERSIDADEAN MAURICIOAVILASANCHEZ Cordial Saludo. Dando respuesta a su solicitud y agradecien;CONTRATACIÓN PÚBLICA;06/04/2026;TRANSPORTE ;600.000,00
1000023453;Taller DM - Bogotá - Fusagasugá;PASAJES TERRESTRES;marzo;COP; Bogotá, 25 Marzo 2026 Señores UNIVERSIDADEAN MAURICIOAVILASANCHEZ Cordial Saludo. Dando respuesta a su solicitud y agradecien;CONTRATACIÓN PÚBLICA;06/04/2026;TRANSPORTE ;760.000,00
1000023440;Alimentación reunión general Gerencia Es;ALIMENTOS (DESAYU-REFRIG-ALMUERZO);marzo;COP; Alimentación reunión general Gerencia Estratégica1;OFICINA DE PROYECTOS PMO;31/03/2026;ALIMENTACION Y REF;1.340.745,00
1000023460;DESAYUNO;ALIMENTOS (DESAYU-REFRIG-ALMUERZO);marzo;COP; DESAYUNO EDUCACION CONTINUA;PREGRADO;27/03/2026;ALIMENTACION Y REF;1.579.725,00
1000023461;REFRIGERIO;GASTOS DE REPRESENTACION;marzo;COP; REFRIGERIO;CONSULTORIA PRIVADA;31/03/2026;ALIMENTACION Y REF;420.400,00
1000023424;Conciliación TC 5117;AVISOS Y PROPAGANDA;marzo;COP; Conciliación TC 5117 que estuvo en préstamo de EanX.;EAN X PROYECTOS;30/03/2026;LICENCIAS Y SUBSCR;1.382.891,00
1300003039;ALOJAMIENTO RODRIGUEZ 06 AL 08 MARZO;ALOJAMIENTO;marzo;COP; NOMBRE DEL PROFESOR: RODRIGUEZ BENAVIDES CARLOS EDUARDO CC: 80087985 UNIDAD DE ESTUDIO: POP ELEC III COSTOS Y PRESUP MBAS M2G1;FACULTAD DE ADMINISTRACION;27/03/2026;VIAJES;376.000,00
1300003107;PASAJES TERRESTRES BARRANQUILLA;PASAJES TERRESTRES;marzo;COP; VIATICOS ANDRES OTALORA ACOMPAÑAMIENTO BARRANQUILLA BECAS POR COLOMBIA 6/04/2026;RECTORÍA;26/03/2026;VIAJES;285.000,00
1300003108;PASAJES TERRESTRES VILLACENCIO;PASAJES TERRESTRES;marzo;COP; VIATICOS ANDRES OTALORA VILLAVICENCIA BECAS POR COLOMBIA 8/04/2026;RECTORÍA;26/03/2026;VIAJES;285.000,00
1300003117;Transporte terrestre Silvio Lopez;PASAJES TERRESTRES;marzo;COP; Gastos de viaje Silvio Lopez Barrantes Medellin Reunión Mineros;GERENCIA DE PROYECCIÓN Y CRECIMIENTO;26/03/2026;VIAJES;240.000,00
1300003132;COMPRA TIQUETE NACIONAL BOGSJE;INGRESOS TERCEROS;marzo;COP; TIQUETE NACIONAL BOGSJE 20/02/2026. ANA KATHERINE DIAZ DURAN.;DIRECCIÓN DE INVESTIGACIONES;27/03/2026;VIAJES;653.450,00
1300003133;COMPRA TIQUETE NACIONAL SJEBOG.;INGRESOS TERCEROS;marzo;COP; TIQUETE NACIONAL SJEBOG. ANA KATHERINE DIAZ DURAN.;DIRECCIÓN DE INVESTIGACIONES;27/03/2026;VIAJES;318.445,00
1300003134;ALOJAMIENTO - ANA KATHERINE DIAZ DURAN;INGRESOS TERCEROS;marzo;COP; HOTEL NACIONAL SJESJE ALOJAMIENTO AEROPUERTO SAN JOSE DEL GUAVIARE ,26/2/2026-28/2/2026. ANA KATHERINE DIAZ DURAN.;DIRECCIÓN DE INVESTIGACIONES;27/03/2026;VIAJES;461.060,00
1000023403;AUDIOVISUAL;SERVICIOS PARA EVENTOS;marzo;COP; SOLICITUD DE SERVICIO DE PERSONAL AUDIOVISUAL Y EQUIPO AUDIOVISUAL PARA EVENTO KZEMOS TERCERA TEMPORADA. PROVEEDOR NEXTPRO.;GESTIÓN COMERCIAL EVENTOS EXTERNOS;31/03/2026;SERVICIOS PROFESIO;1.844.500,00
1000023404;APOYO EVENTO;SERVICIOS PARA EVENTOS;marzo;COP; SOLICITUD DE PERSONAL DE LOGISTICA PARA EVENTO KCEMOS. TERCERA TENPORADA                 PROVEEDOR ADVANTAGE.;GESTIÓN COMERCIAL EVENTOS EXTERNOS;30/03/2026;SERVICIOS PROFESIO;2.831.010,00
1000023428;Empaste de 20 libros;DIGITALIZACION Y EMPASTE;marzo;COP; Solicitud de empaste (20 libros para empaste) y refilado (300 libros para refilado) con proveedor Encuadernación Proveedor: Mo;BIBLIOTECA;10/04/2026;SERVICIOS PROFESIO;1.570.800,00
1000023439;Suministro e instalación Juego de Bot;MANTENIMIENTO MAQUINARIA Y EQUIPO;marzo;COP; SOLICITUD DE CASOS Actividad: Mantenimiento correctivo  para bicicletas spinning Descripción: Suministro e instalación Juego;BIENESTAR UNIVERSITARIO;27/03/2026;SERVICIOS PROFESIO;2.082.500,00
1000023450;SERVICIO TECNICO GENERAL DE;MANTENIMIENTO MAQUINARIA Y EQUIPO;marzo;COP; SOLICITUD DE CASOS Actividad: Mantenimiento preventivo para bicicletas spinning Descripción: Servicio Técnico General De Diag;BIENESTAR UNIVERSITARIO;27/03/2026;SERVICIOS PROFESIO;719.712,00
1000023407;BOLSAS DE CAFE;GASTOS DE REPRESENTACION;marzo;COP; café molido de especialidad calificación SCA 84.5 CALIDAD EXPORTACIÓN, en presentación de DRIP de 12 gramos, empacado en bo;CONSULTORIA PRIVADA;27/03/2026;INSTITUCIONALES ;337.500,00
1000023416;BUZOS PARA EQUIPO DE BIENESTAR CULTURA;;marzo;COP; SOLICITUD DE CASOS Actividad:  Chaquetas de cultura B.U Descripción:  Compra de 20 Las Chaquetas de Cultura B.U. son prendas i;BIENESTAR UNIVERSITARIO;27/03/2026;DOTACIÓN Y ELEM. D;1.951.600,00
1000023406;REFRIGERIOS SED 1;ALIMENTOS (DESAYU-REFRIG-ALMUERZO);marzo;COP; formalmente informo la gestión del pedido correspondiente a la adquisición de 150 refrigerios destinados al Programa Plan de;FORMACIÓN A LA MEDIDA;27/03/2026;ALIMENTACION Y REF;2.400.000,00
1000023409;Barra de sodas;ALIMENTOS (DESAYU-REFRIG-ALMUERZO);marzo;COP; SOLICITUD DE SERVICIO DE BEBIDAS ENEVTO TERCERA TEMPORADA KZEMOS PROVEEDOR GRUPO PROMO.;GESTIÓN COMERCIAL EVENTOS EXTERNOS;31/03/2026;ALIMENTACION Y REF;174.960,00
1000023442;SHOT DE ESPOJNADO CON FRUTA;SERVICIO MESERO;marzo;COP; SERVICIO DE CATERIN PARA EL 10 DE ABRIL  Fecha: 10 de abril Persona que recibe: Felipe Caballero Número de contacto: 310741519;GERENCIA IES;07/04/2026;ALIMENTACION Y REF;1.236.070,00
1000023455;EXCEDENTE EVENTO BUCARAMANGA;COCTEL - ESTACION (CAFE, AROMATICA, AGUA;marzo;COP; CLUB CAMPESTRE BUCARAMANGA CONCILIACION TC;REGIONES;26/03/2026;ALIMENTACION Y REF;98.306,00
1000023408;HERRAMIENTAS Y ACCESORIOS;;marzo;COP; SUMINISTRO DE 4 LÁMPARAS PARA PROYECTOR EPSON ELPLP97 PARA REPUESTO Y MANTENIMIENTO. PRO: SERVITRONIC - $2.722.720;GESTIÓN DE INFRAESTRUCTURA Y PLANTA FÍSICA;07/04/2026;MATERIALES REPUEST;2.722.720,00
1000023417;Bonos Alkosto;PROMOCION DIVULGACION;marzo;COP; 0768350 Bonos Alkosto/GIFTCARD $ 100.000 100 $ 10.000.000 EXC $ 0 $ 10.000.000;DIRECCIÓN DE EXPERIENCIA ESTUDIANTIL;22/04/2026;BONOS ;20.000.000,00
1000023443;Bonos;PROMOCION DIVULGACION;marzo;COP; Bonos Alkosto:  1 0768350 Bonos Alkosto/GIFTCARD $ 100.000 50 $ 5.000.000 EXC $ 0 $ 5.000.000 2 0768350 Bonos Alkosto/GIFTCARD;PERMANENCIA ESTUDIANTIL;22/04/2026;BONOS ;20.000.000,00
1000023448;PAGO ANTICIPO RUP;TRAMITES LICENCIAS;marzo;COP; pago de la Renovación del Registro Único de Proponentes (RUP). ANTICIPO;DIRECCIÓN DE EXTENSIÓN COMERCIAL;08/04/2026;LICENCIAS Y SUBSCR;831.000,00
1000023444;TIQUETE GERENTE GENERAL ARGENTINA;PASAJES AEREOS;marzo;COP; participación Gerente General, Lorena Piñeiro en Summit 2026:Red de Universidades de Excelencia UADE/UEAN/USIL,  en la ciudad;GERENCIA GENERAL;27/03/2026;VIAJES;5.570.386,00
1000023445;TIQUETE MIEMBRO SALA GENERAL HERNANDO SA;PASAJES AEREOS;marzo;COP; SEGUN FACTURA FECZ75500 TIQUETES LONDRA COMISION INDIA MIEMBRO SALA GENERAL HERNANDO JOSE SALAZAR;SALA GENERAL;27/03/2026;VIAJES;47.223.063,00
1000023446;TIQUETE MIEMBRO SALA GENERAL HERNANDO SA;PASAJES AEREOS;marzo;COP; SEGUN FACTURA FECZ75498 TIQUETE LONDRES-BOGOTA, COMISION INDIA, MIEMBRO SALA GENERAL HERNANDO JOSE SALAZAR.;SALA GENERAL;27/03/2026;VIAJES;17.583.428,00
1000023447;TIQUETE MIEMBRO SALA GENERAL HERNANDO SA;PASAJES AEREOS;marzo;COP; SEGUN FACTURA FECZ75719 TIQUETE INDIA MIEMBRO SALA GENERAL HERNANDO JOSE SALAZAR COMISION INDIA;SALA GENERAL;27/03/2026;VIAJES;2.724.965,00
1000023454;cambio tiquete cartagena Vice;PASAJES AEREOS;marzo;COP;;VICERRECTORÍA ADMINISTRATIVA Y FINANCIERA;26/03/2026;VIAJES;549.970,00
1300003118;ALOJAMIENTO RODRIGUEZ 06 AL 08 MARZO;ALOJAMIENTO;marzo;COP; NOMBRE DEL PROFESOR: RODRIGUEZ BENAVIDES CARLOS EDUARDO CC: 80087985 UNIDAD DE ESTUDIO: POP ELEC III COSTOS Y PRESUP MBAS M2G1;FACULTAD DE ADMINISTRACION;16/04/2026;VIAJES;376.000,00
1000023405;VIDEOGRAFA Y FOTOGRAFA PARA PROMO & DIVU;PROMOCION DIVULGACION;marzo;COP; SE REALIZA LA CONTRATACIÓN DE LORENA ARIAS PARA EL CUBRIMIENTO DE 5 EVENTOS PARA IMPACTA DISEÑADOS PARA LA PROMOCIÓN Y DIVUL;GERENCIA IES;10/04/2026;SERVICIOS PROFESIO;6.000.000,00
1000023456;Residuos orgánicos febrero 2026;TRANSPORTE FLETES ACARREOS;marzo;COP; Recolección y transporte de 3530 kg de residuos orgánicos generados en la Universidad durante el mes de febrero 2026.;GESTIÓN DE CALIDAD Y DE LOS PROCESOS;31/03/2026;SERVICIOS PROFESIO;625.902,00
1000023457;Convalidación financiera;ESTUDIO DE SEGURIDAD;marzo;COP;;SELECCIÓN DEL TALENTO Y CALIDAD DE VIDA;27/03/2026;SERVICIOS PROFESIO;2.512.566,00
1000023449;ADECUACIÓN PUESTOS IMPACTA;SERVICIO MANTO. CONSTRUCCIONES Y EDIFICA;marzo;COP; ADECUACIÓN DE PUESTOS DE TRABAJO Y PUNTOS ELÉCTRICOS OFICINA DE IMPACTA. PROVEEDOR: SIETE - VALOR:$3'548.040;GESTIÓN DE INFRAESTRUCTURA Y PLANTA FÍSICA;15/04/2026;SRV MTTO INFRAESTR;3.548.039,00
1000023458;CARPA 8X18 IMP HANGAR CON COSTADOS;ALQUILER MUEBLES ENSERES;marzo;COP; SOLICITUD DE CARPA PARA EVENTO EMBAJADA DE CANADA. PROVEEDOR MOLDO;GESTIÓN COMERCIAL EVENTOS EXTERNOS;08/04/2026;MUEBLES Y ENSERES ;4.546.393,00
1000023459;SUPERBONDER 5GR;;marzo;COP; Caso Mesa de Ayuda 77050 Proveedor Soluciones Rusineke SAS NIT 900655654 BP 1000169394 Compra de Materiales;UNIDAD DE DESARROLLO;06/04/2026;ELEM. FERRETERIA C;606.603,00
1300003109;HOSPEDAJE MARIA DEL PILAR;ALOJAMIENTO;marzo;COP; HOSPEDAJE VIAJE POPAYÁN 9 AL 13 MARZO - MARIA DEL PILAR PATIÑO PROVEEDOR: HOTEL EL RECUERDO;NUEVOS MERCADOS;31/03/2026;VIAJES;751.999,00
1300003140;Gastos de viaje - Alejandro Borrero;PASAJES TERRESTRES;marzo;COP; Gastos de viaje Alejandro Borrero Bogotá;CONSULTORÍA ESPECIALIZADA;06/04/2026;VIAJES;130.000,00
1300003150;HOSPEDAJE MEDELLIN EXPO POSGRADOS;ALOJAMIENTO;marzo;COP; HOSPEDAJE VIAJE MEDELLIN 10 Y 11 MARZO EXPO POSGRADOS - ZULEIMA TORRES Y LINDA PULIDO PROVEEDOR: ZEPPELIN HOTEL BLUES SUITES ME;NUEVOS MERCADOS;08/04/2026;VIAJES;495.169,00
1000023418;Diseño de cubierta;HONORARIOS GESTION DEL CONOCIMIENTO;marzo;COP; Proveedor Juan Bernardo Arias Blanco NIT 79.420.769 BP: 10000331481 Diseño Y Diagramación De Catálogo Editorial, Separadores;PUBLICACIONES CIENTIFICAS Y DOCENTES;06/04/2026;SERVICIOS PROFESIO;1.733.550,00
1000023470;PANELA PAQUETE *100;;marzo;COP; SUMINISTRO DE 20 PAQUETES*100 DE PANELA PULVERIZADA PARA ATENCIÓN ESTACIONES DE CAFE;GESTIÓN DE INFRAESTRUCTURA Y PLANTA FÍSICA;30/03/2026;ASEO Y CAFETERIA ;163.740,00
1000023463;GASTO DE REPRESENTACION;GASTOS DE REPRESENTACION;marzo;COP; GASTO DE REPRESENTACION EVENTO COMFABOY SE CANCELO CON LA TC;DIRECCIÓN DE EXTENSIÓN COMERCIAL;06/04/2026;ALIMENTACION Y REF;266.101,00
1300003141;RESERVA AAGOOMZ;PASAJES AEREOS;marzo;COP; VUELOS VIAJE NEIVA - BECAS POR COLOMBIA - MARIA FERNANDA ROZO Y EDGAR GONZALEZ FECHA: 16 Y 17 ABRIL ZEPPELIN RESERVA: AAGOOMZ;NUEVOS MERCADOS;24/04/2026;VIAJES;708.879,00
1300003142;RESERVA AAGNVFD;PASAJES AEREOS;marzo;COP; VUELOS VIAJE CALI - BECAS POR COLOMBIA - MARIA FERNANDA ROZO Y ALFONSO LOBO FECHA: 6 Y 7 ABRIL ZEPPELIN RESERVA: AAGPJXR;NUEVOS MERCADOS;07/04/2026;VIAJES;2.121.260,00
1000023462;Mantenimiento Equilibrio Abril;HONORARIOS ASESORIA TECNICA;marzo;COP; Equipo de mantenimiento y monitoreo para dar servicio a la infraestructura instalada en Azure. Incluye: ➔ Monitoreo Core y Al;EAN X PROYECTOS;31/03/2026;SERVICIOS PROFESIO;4.400.000,00
1000023480;LIQUIDACIÓN EXPENSAS VARIABLE CL 72;;marzo;COP; PROYECTO CALLE 72. PAGO A LA CURADURÍA URBANA 1 RADICACIÓN. 11001-1-25-1215. VALOR $ 75.778.597. CONCEPTO LIQUIDACIÓN EXPENS;GESTIÓN DE INFRAESTRUCTURA Y PLANTA FÍSICA;30/03/2026;SERVICIOS PROFESIO;75.778.597,00
1000023464;Taller DM - Bogotá -  Tena - Mosquera;PASAJES TERRESTRES;marzo;COP; Bogotá, 27 Marzo 2026 Señores UNIVERSIDADEAN MAURICIOAVILASANCHEZ Cordial Saludo. Dando respuesta a su solicitud y agradecien;CONTRATACIÓN PÚBLICA;09/04/2026;TRANSPORTE ;650.000,00
1000023465;60 UNIDADES OI  25001193;SEGUROS  POLIZAS;marzo;COP; Compra de Pólizas de seguro para programas de Educación Continua. Cantidad: 318 Valor total  $1.113.000;EDUCACIÓN CONTINUADA PROYECTOS;06/04/2026;SEGUROS;1.113.000,00
1300003119;Tiquetes Med- Bog- Med Jorge Arias;PASAJES AEREOS;marzo;COP; Tiquete Med- Bog- Med Jorge Arias- Participación el 11 de abril en Ean Transforma Reserva AAGPMJB;EDUCACIÓN CONTINUADA COMERCIAL;13/04/2026;VIAJES;415.477,00
1000023871;CAMBIO PULSADOR DE ALARMA MANDO INSPECCI;MANTENIMIENTO MAQUINARIA Y EQUIPO;mayo;COP; SERVICIO DE CAMBIO PULSADOR DE ALARMA MANDO DE INSPECCION ASC, PROVEEDOR: SCHINDLER, VALOR: $484.677, CASO:79822;GESTIÓN DE INFRAESTRUCTURA Y PLANTA FÍSICA;05/05/2026;SRV MTTO INFRAESTR;484.676,00
1000023872;SERV MTTO CORREC SISTEMA RCI LEGACY;MANTENIMIENTO MAQUINARIA Y EQUIPO;mayo;COP; SERVICIO DE MANTENIMIENTOS CORRECTIVOS SISTEMA RED CONTRA INCENDIO PROVEEDOR: ISM, VALOR: $5.128.900, CASO:79823;GESTIÓN DE INFRAESTRUCTURA Y PLANTA FÍSICA;05/05/2026;SRV MTTO INFRAESTR;5.128.900,00
1000023873;CAMBIO DE ALFOMBRA SALA RESPIRA P5 FUN;SERVICIO MANTO. CONSTRUCCIONES Y EDIFICA;mayo;COP; SERVICIO DE CAMBIO PISO ALFOMBRA SALA RESPIRA PISO 5 FUNDADORES, PROVEEDOR: EXPOPISOS, VALOR: $4.654.804, CASO:79824;GESTIÓN DE INFRAESTRUCTURA Y PLANTA FÍSICA;05/05/2026;SRV MTTO INFRAESTR;4.654.804,00
1000023841;CABIFY INNOVA-TRANSFEREN ABRIL 2026;TAXIS BUSES;mayo;COP; SERVICIO DE TRANSPORTE CABIFY DEL MES ABRIL PARA PAGO EN MAYO POR VALOR DE $1.900.121. LAS ÁREAS SON: VICERRECTORIA INNOVACIÓ;GESTIÓN DE INFRAESTRUCTURA Y PLANTA FÍSICA;14/05/2026;TRANSPORTE ;1.900.121,00
1000023861;TRANSPORTES;PASAJES TERRESTRES;mayo;COP; VIATICOS OSCAR CRUZ Customer Experience Summit 2026;PREGRADO;05/05/2026;TRANSPORTE ;740.000,00
1000023843;Caster Wheels, 2 inch Casters,Casters Se;;mayo;USD; Proveedor Amazón BP: 1000254772 Compras Materiales de Laboratorio y Herramientas: 1- BTF-LIGHTING WS2812B ECO RGB LED Strip,UL;UNIDAD DE DESARROLLO;14/05/2026;ELEM. FERRETERIA C;159,55
1000023840;REFRIGERIOS VAF;ALIMENTOS (DESAYU-REFRIG-ALMUERZO);mayo;COP; Refrigerios VAF;VICERRECTORÍA ADMINISTRATIVA Y FINANCIERA;07/05/2026;ASEO Y CAFETERIA ;503.100,00
1000023870;Barra de sodas Dia 1;ALIMENTOS (DESAYU-REFRIG-ALMUERZO);mayo;COP; SERVICIO DE ALIMENTOS Y BEBIDAS  EVENTO REDBULL. PROVEEDOR GRUPO PROMO;GESTIÓN COMERCIAL EVENTOS EXTERNOS;05/05/2026;ALIMENTACION Y REF;168.480,00
1000023880;Inscripción al evento KOS 2026;INSCRIPCION EVENTOS NACIONAL - INTERNACI;mayo;EUR; Caso mesa de servicios:79827. Medio de pago: Transferencia. Inscripción al evento KOS 2026: 13th International Conference on S;DIRECCIÓN DE INVESTIGACIONES;05/05/2026;LICENCIAS Y SUBSCR;744
1000023860;Participación de los grupos representati;ACTIV CULTURALES CIVICAS Y DEPORTIVAS;mayo;COP; SOLICITUD DE CASOS  Actividad:  Pago de participación grupos representativos deportivos en los juegos distritales 2026  Descri;BIENESTAR UNIVERSITARIO;11/05/2026;SERVICIOS PROFESIO;12.572.000,00
1000023862;SUMIN INSTAL PUERTA SALA RESPIRA;SERVICIO MANTO. CONSTRUCCIONES Y EDIFICA;mayo;COP; SUMINISTRO E INSTALACIÓN DE PUERTA EN VIDRIO SALA RESPIRA PISO 5 FUNDADORES PROVEEDOR: RCA - VALOR: 3´322.530;GESTIÓN DE INFRAESTRUCTURA Y PLANTA FÍSICA;07/05/2026;SRV MTTO INFRAESTR;3.322.530,00
1000023863; Elevenlabs;LICENCIAS Y SOFTWARE;mayo;USD; Paltaforma: Elevenlabs URL: https://elevenlabs.io/pricing Costo: $220 USD ANUAL TIPO DE LICENCIA: CREADOR;MEDIACIONES DIDÁCTICAS;25/05/2026;SOFTWARE ;220
1000023881;Estacion de café estandar con aromatica,;ALIMENTOS (DESAYU-REFRIG-ALMUERZO);mayo;COP; SERVICIO DE ALIMENTOS Y BEBIDAS EVENTO LATAM PARTNER SUMMIT HUBSPOT  . PROVEEDOR GRUPO RPOMO;GESTIÓN COMERCIAL EVENTOS EXTERNOS;06/05/2026;ALIMENTACION Y REF;34.957.450,00
1000023845;Conciliacion TC 1474 abril PAUTA GOOGLE;AVISOS Y PROPAGANDA;mayo;COP; Conciliación TC 1474 ITAÚ Pauta Google Ads;EAN X PROYECTOS;08/05/2026;LICENCIAS Y SUBSCR;123.889,00
1000023864;Renderforest;LICENCIAS Y SOFTWARE;mayo;USD; Plataforma: Renderforest URL: https://www.renderforest.com/es/subscription Costo: USD $414,12  Anual Tipo de Licencia: Business;MEDIACIONES DIDÁCTICAS;25/05/2026;LICENCIAS Y SUBSCR;490
1000023865;Synthesia (nueva licencia Anual);LICENCIAS Y SOFTWARE;mayo;USD; Plataforma: Synthesia (nueva licencia Anual) URL: https://www.synthesia.io/es/precios Costo: USD $768,00 Tipo de Licencia: Crea;MEDIACIONES DIDÁCTICAS;28/05/2026;LICENCIAS Y SUBSCR;768
1300003220;Pago alojamiento adicional juan renteria;ALOJAMIENTO;mayo;COP; Pago de valor adicional por alojamiento en la mision académica China Pro. Juan Carlos Renteria USD 1.199 COP $4.341.210 segun;GERENCIA DE INTERNACIONALIZACIÓN Y RELACIONES INSTITUCIONALES;06/05/2026;VIAJES;4.341.210,00
1000023844;Revisión Oficio No. 1635 NC2022/0005975;HONORARIOS ASESORIA TECNICA;mayo;COP; Proveedor:  Clarke Modet NIT: 830008643-3 BP: 1000011428 PRESUPUESTO PRESUPUESTO DE ASESORIA PARA COSTOS DE PREPARACION Y PRESE;UNIDAD DE INNOVACIÓN Y TRANSFERENCIA;05/05/2026;SERVICIOS PROFESIO;2.959.815,00
1000023851;Mantenimiento Equilibrio Mayo;HONORARIOS ASESORIA TECNICA;mayo;COP; Equipo de mantenimiento y monitoreo para dar servicio a la infraestructura instalada en Azure. Incluye: ➔ Monitoreo Core y Al;EAN X PROYECTOS;05/05/2026;SERVICIOS PROFESIO;4.400.000,00
1000023866;MTTO. ADECUACION Y CAMBIO HUERTA URBANA;SERVICIO MANTO. CONSTRUCCIONES Y EDIFICA;mayo;COP; MANTENIMIENTO, ADECUACION Y CAMBIO DE PLANTAS HUERTA URBANA CARRERA 12.  Valor $8.260.000 Proveedor:Nucleo Ambiental;GESTIÓN DE INFRAESTRUCTURA Y PLANTA FÍSICA;07/05/2026;SRV MTTO INFRAESTR;8.260.000,00
1000023883;CÁMARA SONY A 6700 SENSOR: APS-C EXMOR R;;mayo;COP; productos Content  CÁMARA SONY A 6700 SENSOR: APS-C EXMOR R CMOS ESTABILIZADOR - RS4 MINI  CAPACIDAD DE CARGA  MEMORIA L;GESTIÓN DE COMUNICACIONES Y PUBLICIDAD;07/05/2026;ACTIVOS Y/O EQUIPO;8.415.680,00
1000023895;GRECA PERCOLADORA;;mayo;COP; SUMINISTRO DE CUATRO (4) GRECAS PERCOLADORA PARA ATENCION DE LAS PROGRAMAS DE EXTENSION;GESTIÓN DE INFRAESTRUCTURA Y PLANTA FÍSICA;07/05/2026;ACTIVOS Y/O EQUIPO;2.359.998,00
1000023855;TRANSPORTES;TAXIS BUSES;mayo;COP; EVENTO CRACKS EAN 9 DE MAYO;POSGRADO;19/05/2026;TRANSPORTE ;5.717.950,00
1000023856;PROMOTOR SOGAMOSO;PROMOCION DIVULGACION;mayo;COP; PROMOTOR SOGAMOSO 8 DE MAYO PROVEEDOR GRUPO SELLO;POSGRADO;08/05/2026;INSTITUCIONALES ;294.882,00
1000023897;Bota PVC Macha XT Caña Alta NEGRO/NEGRO,;;mayo;COP; Dotación y Elementos de Protección Personal Proveedor: Agroinsumos ALFA;SISTEMA DE GESTIÓN DE LA SEGURIDAD Y SALUD EN EL TRABAJO;11/05/2026;DOTACIÓN Y ELEM. D;1.836.407,00
1000023849;ALIMENTACION;GASTOS DE REPRESENTACION;mayo;COP; CONCILIACION TC;CONSULTORIA PRIVADA;07/05/2026;ALIMENTACION Y REF;327.778,00
1000023891;ALIMENTOS;GASTOS DE REPRESENTACION;mayo;COP; CONCILIACION TC PROVEEDOR MISTRAL;CONSULTORIA PRIVADA;07/05/2026;ALIMENTACION Y REF;132.094,00
1000023893;ALIMENTOS;GASTOS DE REPRESENTACION;mayo;COP; CONCILIACION TC PROVEEDOR BEB SAS;CONSULTORIA PRIVADA;08/05/2026;ALIMENTACION Y REF;1.302.371,00
1000023854;RENOVACION LICENCIA MATLAB 2026;;mayo;COP; LICENCIAS MATLAB Supervisor: Henry Diaz Proveedor: COMPUTATIONAL ENTERPRISE SIMULATIONS COLOMBIA SAS Valor de la compra: COP $5;EXPERIENCIA DE USUARIO;26/06/2026;LICENCIAS Y SUBSCR;57.334.618,00
1300003230;HOSPEDAJE JOSE ALBA 29 MARZO ARGENTINA;ALOJAMIENTO;mayo;COP; NOMBRE: JOSE ENRIQUE ALBA ESCAMILLA OBJETIVO: viaje a Argentina del 29 de marzo al 02 de abril de 2026, con el fin de obtener l;FACULTAD DE ADMINISTRACION;06/05/2026;VIAJES;676.436,00
1000023847;SER. VIGILANCIA EVENTO RED BULL;VIGILANCIA;mayo;COP; SERVICIO DE VIGILANCIA APOYO EVENTO REDBULL;GESTIÓN DE INFRAESTRUCTURA Y PLANTA FÍSICA;08/05/2026;SERVICIOS PROFESIO;116.512,00
1000023848;SER. VIGILANCIA EVENTO FUNDAPLAN;VIGILANCIA;mayo;COP; SERVICIO VIGILANCIA APOYO INGRESO EVENTO FUNDAPLAN;GESTIÓN DE INFRAESTRUCTURA Y PLANTA FÍSICA;08/05/2026;SERVICIOS PROFESIO;173.943,00
1000023852;Audifonos SONY Obsequio;OBSEQUIOS;mayo;COP; Compra de Obsequios del Día del profesor 2026 - ALKOSTO CECO: 10500112 COTIZACIÓN: 79295;DISEÑO ORGANIZACIONAL Y GESTIÓN DEL CAMBIO;15/05/2026;SERVICIOS PROFESIO;2.479.100,00
1000023857;HONORARIOS LIS FOTOS BRIGITTE;HONORARIOS SERV CULT DEPORT RELIGIOS;mayo;COP; Honorarios para la fotografa Elizabeth Palomino, quien trabaja en Plano Activo SAS itentificado con nit 9011462152, quien hara;RECTORÍA;07/05/2026;SERVICIOS PROFESIO;4.641.000,00
1000023867;Alquilerr de Vestuario;ACTIV CULTURALES CIVICAS Y DEPORTIVAS;mayo;COP; SOLICITUD DE CASOS  Actividad:  Alquiler de vestuario  Descripción:  Alquiler de vestuario para la presentación de danza folc;BIENESTAR UNIVERSITARIO;06/05/2026;SERVICIOS PROFESIO;720.000,00
1000023882;COMISIONES DIPLOMADO;COMISIONES VENTA EXTERNA;mayo;COP; Comisiones diplomado Corpradein 2025 44 ESTUDIANTES;CONSULTORIA PRIVADA;08/05/2026;SERVICIOS PROFESIO;19.553.600,00
1000023890;Vídeo Comunidad Investigadores enMinerva;HONORARIOS ASESORIA TECNICA;mayo;COP; Servicio de producción audiovisual para la creación de un video institucional de la comunidad de perfiles de investigación e;BIBLIOTECA;07/05/2026;SERVICIOS PROFESIO;1.200.000,00
1000023892;SER. VIGILANCIA WOMAN EQUITY;VIGILANCIA;mayo;COP; SERVICIO DE VIGILANCIA APOYO EVENTO WO¨MAN EQUITY;GESTIÓN DE INFRAESTRUCTURA Y PLANTA FÍSICA;08/05/2026;SERVICIOS PROFESIO;300.292,00
1000023894;SERVICIO LIMPIEZA CL 72-2026;ASEO;mayo;COP; SERVICIO DE LIMPIEZA- PROYECTO HUMANISE CALLE 72 OBJETO: PRESTACION DE SERVICIOS DE ASEO PARA EL PROYECTO HUMANISE CALLE 72. CO;GESTIÓN DE INFRAESTRUCTURA Y PLANTA FÍSICA;02/07/2026;SERVICIOS PROFESIO;48.767.007,00
1000023896;APOYO FORMACION 30X;GASTOS DE REPRESENTACION;mayo;USD; pago del saldo de la formación de 30X por valor de U$600.Docente Jaime Reyes Director de retos empresariales, socio-humanísti;GERENCIA GENERAL;13/05/2026;SERVICIOS PROFESIO;600
1000023900;RETIRO DE ESCOMBROS PTALL;SERVICIO MANTO. CONSTRUCCIONES Y EDIFICA;mayo;COP; SERVICIO DE RETIRO DE ESCOMBROS DE PTALL POR CAMBIO DE LECHOS FILTRANTES, PROVEEDOR: LLERAS, VALOR: $1.191.400, CASO: 80052;GESTIÓN DE INFRAESTRUCTURA Y PLANTA FÍSICA;08/05/2026;SRV MTTO INFRAESTR;1.191.400,00
1000023920;SERV MTTO PREV SECADORES DE MANOS FUN;MANTENIMIENTO MAQUINARIA Y EQUIPO;mayo;COP; SERVICIO DE MANTENIMIENTO PREVENTIVO DE 16 SECADORES DE MANOS EDIFICIO FUNDADORES, PROVEEDOR: CONSERVEMOS, VALOR: $2.801.546, C;GESTIÓN DE INFRAESTRUCTURA Y PLANTA FÍSICA;02/06/2026;SRV MTTO INFRAESTR;2.801.546,00
1000023879;AUTO TAXI POSGRADO 2026 ABRIL;TAXIS BUSES;mayo;COP; SERVICIOS AUTOTAXI MES DE ABRIL PARA PAGO EN MAYO 2026 POR VALOR DE 2.462.995, LAS ÁREAS QUE UTILIZARON EL SERVICIO FUERON POS;GESTIÓN DE INFRAESTRUCTURA Y PLANTA FÍSICA;08/05/2026;TRANSPORTE ;2.462.995,00
1000023911;PAGO PROMOTORES ABRIL;PROMOCION DIVULGACION;mayo;COP; PAGO PROMOTORES ABRIL BIGPASS;EDUCACIÓN CONTINUADA COMERCIAL;03/06/2026;INSTITUCIONALES ;6.179.737,00
1000023898;"TUBO PVC PAVCO RDE21 2"" X 6 MTS";;mayo;COP; SUMINISTRO MATERIALES DE FERRETERIA PARA TALLER DE MANTENIMIENTO ABRIL 2726, PROVEEDOR: FERRETERIA LA 73, VALOR: $3.823.700, CA;GESTIÓN DE INFRAESTRUCTURA Y PLANTA FÍSICA;08/05/2026;ELEM. FERRETERIA C;3.823.728,00
1000023858;REFRIGERIO;COCTEL - ESTACION (CAFE, AROMATICA, AGUA;mayo;COP; BRUCH REFRIGERIO DO EAT;CONSULTORIA PRIVADA;07/05/2026;ALIMENTACION Y REF;535.000,00
1000023869;Refrigerio invitados charla Misión China;ALIMENTOS (DESAYU-REFRIG-ALMUERZO);mayo;COP; Pago de $36000 con Tarjeta de Crédito de Internacionalización a DO EAT / ESPITIA NERY MARTIN EDUARDO por concepto de Refriger;GERENCIA DE INTERNACIONALIZACIÓN Y RELACIONES INSTITUCIONALES;08/05/2026;ALIMENTACION Y REF;36.000,00
1000023874;Refrigerios para festival de danzas con;ALIMENTOS (DESAYU-REFRIG-ALMUERZO);mayo;COP; SOLICITUD DE CASOS  Actividad:  Refrigerios para festival de danzas con universidades invitadas  Descripción:  Adquisición de;BIENESTAR UNIVERSITARIO;07/05/2026;ALIMENTACION Y REF;1.875.000,00
1000023899;Bono Tecnologico Wendy Coronel;INGRESOS TERCEROS;mayo;COP; La Universidad Ean se encarga de intermediar la entrega de bonos teconologicos y bonos alimenticios para los estudiantes benefi;BIENESTAR UNIVERSITARIO;27/07/2026;BONOS ;68.146.000,00
1000023875;Conciliacion TC 1226 BC pauta TikTok abr;AVISOS Y PROPAGANDA;mayo;COP; Automatización de campañas de EanX por medio de software de gestión de la red social TIKTOK;EAN X PROYECTOS;14/05/2026;LICENCIAS Y SUBSCR;10.710,00
1000023876;Conciliacion TC 1226 BC MANYCHAT abril;LICENCIAS Y SOFTWARE;mayo;USD; Automatización de campañas de EanX por medio de software de gestión de la red social MANYCHAT;EAN X PROYECTOS;14/05/2026;LICENCIAS Y SUBSCR;25
1000023877;Conciliacion TC 1226 BC abrilTIKTOK PRO;AVISOS Y PROPAGANDA;mayo;USD; Automatización de campañas de EanX por medio de software de gestión de la red social TIKTOK PROMOTE,;EAN X PROYECTOS;14/05/2026;LICENCIAS Y SUBSCR;30,89
1000023878;Conciliacion TC 1226 BC Facebook Abril;AVISOS Y PROPAGANDA;mayo;USD; Automatización de campañas de EanX por medio de software de gestión de la red social FACEBOOK.;EAN X PROYECTOS;14/05/2026;LICENCIAS Y SUBSCR;1.124,52
1000023901;Pago membresia ICONTEC 2026;AFILIACIONES MEMBRESIAS INTERNACIONALES;mayo;COP; Pago membresía ICONTEC 2026. Valor solped: 1.196.107,08;GERENCIA DE INTERNACIONALIZACIÓN Y RELACIONES INSTITUCIONALES;15/05/2026;LICENCIAS Y SUBSCR;1.196.107,00
1300003221;Tqte. Bog-Natal x Antonio Lobato x Copa;PASAJES AEREOS;mayo;COP;" Compra de TIQUETE para ANTONIO LOBATO JUNIOR, quien viajó a Natal-Brasil para participar en la ""XIII JORNADA INTERNACIONAL SOB";GERENCIA DE INTERNACIONALIZACIÓN Y RELACIONES INSTITUCIONALES;20/05/2026;VIAJES;3.620.942,00
1300003240;Equipaje adic. Bog-Londres x Diego Matit;PASAJES AEREOS;mayo;USD; Pago con Tarjea de crédito de Internacionalización A DELTA AIR LINES, por compra de EQUIPAJE ADICIONAL para el trayecto Bogot;GERENCIA DE INTERNACIONALIZACIÓN Y RELACIONES INSTITUCIONALES;12/05/2026;VIAJES;120
1300003241;Tiquete Londres-Barcelona Diego Matituy;PASAJES AEREOS;mayo;COP; Compra de TIQUETE para DIEGO ARMANDO MATITUY TORRES, quien viajó a Londres y Barcelona para participar en la Visita anual de a;GERENCIA DE INTERNACIONALIZACIÓN Y RELACIONES INSTITUCIONALES;20/05/2026;VIAJES;4.185.880,00
1300003242;Equipaje adic. Barcel-Bgt x Diego Matitu;PASAJES AEREOS;mayo;COP; Pago ZEPPELIN por compra de EQUIPAJE ADICIONAL para el trayecto Barcelona-Bogotá en el viaje de DIEGO ARMANDO MATITUY TORRES,;GERENCIA DE INTERNACIONALIZACIÓN Y RELACIONES INSTITUCIONALES;20/05/2026;VIAJES;373.384,00
1000023859;Taller de tejeduria amigurumi;ACTIV CULTURALES CIVICAS Y DEPORTIVAS;mayo;COP; SOLICITUD DE CASOS Actividad:  Taller de tejeduría en ganchillo Descripción:  Compra de materiales y desarrollo de taller de;BIENESTAR UNIVERSITARIO;11/05/2026;SERVICIOS PROFESIO;2.064.000,00
1000023868;ADICIONAL HORAS;SERVICIOS PARA EVENTOS;mayo;COP; SOLICITUD DE SERVICIO ADICIONAL DE PERSONAL LOGISTICO Y BRIGADISTAS PARA EVENTO NU BANK. PROVEEDOR ADVANTAGE;GESTIÓN COMERCIAL EVENTOS EXTERNOS;08/05/2026;SERVICIOS PROFESIO;54.740,00
1000023910;STAND;ALQUILER STAND - CARPAS;mayo;COP; MONATAJE STAND FERIAS REGIONALES PROVEEDOR STRUKTUR EVENTO CAMPUS 2026 BUCARAMANGA CONDICIONES TÉCNICAS Todos los elementos in;REGIONES;14/05/2026;SERVICIOS PROFESIO;13.090.000,00
1000023922;ADECUACION FILTRO MURO SOTANO;SERVICIO MANTO. CONSTRUCCIONES Y EDIFICA;mayo;COP; ADECUACIÓN DE FILTRO MURO DE CONTENCIÓN SOTANO 2 - PROVEEDOR: LLERAS -  VALOR: $3'977.182;GESTIÓN DE INFRAESTRUCTURA Y PLANTA FÍSICA;12/05/2026;SRV MTTO INFRAESTR;3.977.182,00
1000023887;TRANSPORTE PAIPA;PASAJES TERRESTRES;mayo;COP; Transporte, salida de campo paipa;FACULTAD DE INGENIERÍA;11/05/2026;TRANSPORTE ;2.350.000,00
1000023912;EASY TAXI RECTORIA ABRIL 2026 IVA;TAXIS BUSES;mayo;COP; SERVICIO DE TRANSPORTE EASY TAXI DEL MES DE ABRIL PARA PAGO EN MAYO POR VALOR DE $7.539.725. LAS ÁREAS SON: RECTORIA, DR-EAN-S;GESTIÓN DE INFRAESTRUCTURA Y PLANTA FÍSICA;14/05/2026;TRANSPORTE ;7.539.721,00
1000023903;40 refrigerios Encuentro Tutores;ALIMENTOS (DESAYU-REFRIG-ALMUERZO);mayo;COP;;PRÁCTICAS PROFESIONALES Y TRABAJOS DE GRADO;08/05/2026;ALIMENTACION Y REF;568.400,00
1000023930;REFRIGERIO;ALIMENTOS (DESAYU-REFRIG-ALMUERZO);mayo;COP; REFRIGERIO CIERRE FILBO GRUPO PROMO 11 DE MAYO;GERENCIA DE PROYECCIÓN Y CRECIMIENTO;11/05/2026;ALIMENTACION Y REF;1.260.585,00
1000023924;RETABLO. Dimensiones: 59.5 cm x 84.1 cm;;mayo;COP; Caso mesa de servicios: 80143. Compra: RETABLO Dimensiones: 59,5 cm x 84,1 cm Impresión digital laminado mate con tintas UV. B;UNIDAD DE DESARROLLO;11/05/2026;ELEM. LABORATORIO ;223.720,00
1000023921;RENOVACION LICENCIA SOFTWARE ISOLUCION;;mayo;COP; Datos de compra: SERVICIO DE SOFTWARE (SaaS) ISOLUCION Supervisor: Diego Rivera Proveedor: ISOLUCION Valor Total de la compra:;SISTEMAS DE INFORMACIÓN;08/05/2026;LICENCIAS Y SUBSCR;24.648.433,00
1000023923;APOYO LOGISTICO 27,28 y 29 MAYO;SERVICIOS PARA EVENTOS;mayo;USD; SERVICIO DE LOGISTICA, AMBULANCIA Y BRIGADISTAS PARA GRADOS COLECTIVOS EL 27,28 y 29 DE MAYO DE 2026 PROVEEDOR: ADVANTAGE;PROTOCOLO Y GESTIÓN DE EVENTOS INTERNOS;08/05/2026;GRADOS Y EVENTOS ;0
1300003243;AAGWBDX - Silvio Lopez;PASAJES AEREOS;mayo;COP; Zeppelin Tiquetes Reserva AAGWBDX Bogotá - Pereira 27 de mayo Proyecto Aris Mining;CONSULTORÍA ESPECIALIZADA;19/05/2026;VIAJES;885.400,00
1300003244; AAGWBHO - Danny Losada;PASAJES AEREOS;mayo;COP; Zeppelin Tiquetes Reserva  AAGWBHO Medellín - Pereira 27 de mayo Proyecto Aris Mining;CONSULTORÍA ESPECIALIZADA;27/05/2026;VIAJES;261.657,00
1300003245;AAGWBGU - Silvio Lopez;PASAJES AEREOS;mayo;COP; Zeppelin Tiquetes Reserva AAGWBGU Pereira - Bogotá 29 de mayo Proyecto Aris Mining;CONSULTORÍA ESPECIALIZADA;19/05/2026;VIAJES;1.087.860,00
1300003246;AAGWBIC - Danny Losada;PASAJES AEREOS;mayo;COP; Zeppelin Tiquetes Reserva  AAGWBIC Pereira - Medellín 29 de mayo Proyecto Aris Mining;CONSULTORÍA ESPECIALIZADA;19/05/2026;VIAJES;411.909,00
1000023884;TAPETE ATRAPAMUGRE TRAFICO PESADO;;mayo;COP; SUMINISTRO DE OCHO (8) TAPETES ATRAPAMUGRE PARA TRAFICO PESADO PARA LOS ASCENSORES DEL ED. LEGACY Y FUNDADORES  Valor total $7.;GESTIÓN DE INFRAESTRUCTURA Y PLANTA FÍSICA;20/05/2026;SERVICIOS PROFESIO;7.693.598,00
1000023885;SERV. MTTO JARDINES Y CANOPY MAYO;SERVICIO MANTO. CONSTRUCCIONES Y EDIFICA;mayo;COP; SERVICIO DE MANTENIMIENTO CANOPY URBANO Y JARDINES CAMPUS NOGAL POR UN MES - MAYO 2026;GESTIÓN DE INFRAESTRUCTURA Y PLANTA FÍSICA;21/05/2026;SERVICIOS PROFESIO;3.500.000,00
1000023886;SERV. TRANSPORTE Y ACARREOS TRATEOS CHIL;TRANSPORTE FLETES ACARREOS;mayo;COP; SERVICIO DE TRANSPORTE Y ACARREOS TRASLADO DE ELEMENTOS AV.CHILE A CAMPUS NOGAL POR INICIO PROYECTO HUMANISE - ORDEN DE COMPRA;GESTIÓN DE INFRAESTRUCTURA Y PLANTA FÍSICA;12/05/2026;SERVICIOS PROFESIO;3.000.000,00
1000023902;Taller participativo – Proyecto AGROSAVI;INGRESOS TERCEROS;mayo;COP; Caso mesa de servicios:80098. Talleres de Apropiación Social del Conocimiento Bioenergía (Tumaco) y Fortalecimiento de la Cad;DIRECCIÓN DE INVESTIGACIONES;08/05/2026;SERVICIOS PROFESIO;19.000.001,00
1000023913;COMPRA DE 30 TULAS LOGO EAN;PROMOCION DIVULGACION;mayo;COP; SOLICITUD COMPRA DE 30 TULAS LOGO EAN CON EL PROVEEDOR Bolsa Lona costeña fabricación nacional. COTIZACION EAN_395 Nelson Ova;VICERRECTORÍA DE INNOVACIÓN ACADÉMICA;11/05/2026;PUBLIC – MATER POP;374.850,00
1000023905;Manillas de papel para eventos  ;PROMOCION DIVULGACION;mayo;COP; SOLICITUD DE CASOS Actividad: Manillas de papel para eventos Descripción:  Compra de manillas para eventos son una solución p;BIENESTAR UNIVERSITARIO;12/05/2026;EVENTOS ;393.295,00
1000023914;INSTALACION DE MURO DRYWALL GIMNASIO;SERVICIO MANTO. CONSTRUCCIONES Y EDIFICA;mayo;COP; SERVICIO DE SUMINISTRO E INSTALACION DE MURO DRYWALL IMPACTO PARA GIMNASIO, PROVEEDOR: RCA, VALOR: $3.485.219, CASO:80230;GESTIÓN DE INFRAESTRUCTURA Y PLANTA FÍSICA;12/05/2026;SRV MTTO INFRAESTR;3.485.219,00
1000023915;INST CANAL LATON JUNTA DILATACION BODEGA;SERVICIO MANTO. CONSTRUCCIONES Y EDIFICA;mayo;COP; SERVICIO DE SUMINISTRO E INSTALACION DE CANAL LATON EN JUNTA DILATACION BODEGA P1 LEGACY, PROVEEDOR: RCA, VALOR: $4.559.886, CA;GESTIÓN DE INFRAESTRUCTURA Y PLANTA FÍSICA;12/05/2026;SRV MTTO INFRAESTR;4.559.886,00
1000023916;IMPERMEABILIZACION TERRAZAS P3 Y P5 FUN;SERVICIO MANTO. CONSTRUCCIONES Y EDIFICA;mayo;COP; SERVICIO DE IMPERMEABILIZACION TERRAZAS FACHADA P3 Y P5 FACHADA FUNDADORES, PROVEEDOR: RCA, VALOR: $2.667.190, CASO:80236;GESTIÓN DE INFRAESTRUCTURA Y PLANTA FÍSICA;12/05/2026;SRV MTTO INFRAESTR;2.667.190,00
1000023931;INSTALACION DE DUCTOS AUDITORIO FUNDADOR;SERVICIO MANTO. CONSTRUCCIONES Y EDIFICA;mayo;COP; SUMINISTRO E INSTALACION DE DUCTO PARA AUDITORIO FUNDADORES, PROVEEDOR: SIETE+, VALOR: $1.899.459, CASO:80205;GESTIÓN DE INFRAESTRUCTURA Y PLANTA FÍSICA;12/05/2026;SRV MTTO INFRAESTR;1.899.459,00
1000023932;INSTALACION DE SEÑALIZACION CAMILLAS;SERVICIO ACCESORIOS Y ELEMEN DECORATIVOS;mayo;COP; SERVICIO SUMINISTRO E INSTALACION DE SEÑALIZACION CAMILLAS, PROVEEDOR: KATODE, VALOR: $443.308, CASO:80209;GESTIÓN DE INFRAESTRUCTURA Y PLANTA FÍSICA;12/05/2026;SRV MTTO INFRAESTR;443.308,00
1000023942;EQUIPOS DE INTERPRETE 14 DE MAYO;ALQUILER EQUIPO AUDIOVISUAL;mayo;COP; SOLICITUD DE TRADUCCIÓN SIMULTANEA EN FRANCES PARA EVENTO QS Quacquarelli Symonds  - PROVEEDOR LINGUAVIVA;GESTIÓN COMERCIAL EVENTOS EXTERNOS;13/05/2026;ACTIVOS Y/O EQUIPO;4.153.100,00
1000023888;AUROS EVALUACIÓN Y DES ABRIL 2026;IMPRESOS PUBLICACIONES;mayo;COP; SERVICIOS AUROS MES ABRIL PARA PAGO EN MAYO, VALOR TOTAL $ 2.393.495. LAS ÁREAS QUE ADQUIRIERON SERVICIOS EN TIENDAS SON: GERE;GESTIÓN DE INFRAESTRUCTURA Y PLANTA FÍSICA;15/05/2026;IMPRESOS ;2.393.488,00
1000023907;CL 72 INSTALACIÓN RED DATOS;;mayo;COP; CALLE 72 PROYECTO HUMANISE CONTATISTA: SIETE+ OBJETO:REUBICACIÓN DE PUESTOS DE TRABAJO  CON RED DE DATOS  ELECTRICA REGULADA Y;GESTIÓN DE INFRAESTRUCTURA Y PLANTA FÍSICA;12/05/2026;IMPRESOS ;1.617.014,00
1000023918;Estacion de café permanente,con galletas;ALIMENTOS (DESAYU-REFRIG-ALMUERZO);mayo;COP; SERVICIO DE ALIMENTOS Y BEBIDAS EVENTO QS Quacquarelli Symonds . PROVEEDOR GRUPO RPOMO;GESTIÓN COMERCIAL EVENTOS EXTERNOS;12/05/2026;ALIMENTACION Y REF;3.745.710,00
1000023925;Cartucho de gas butano para estufa;;mayo;COP; Caso Mesa de Ayuda 80034 Proveedor Soluciones Rusineke SAS NIT 900655654 BP 1000169394 Compra: cartuchos de gas butano para est;UNIDAD DE DESARROLLO;11/05/2026;ELEM. LABORATORIO ;66.164,00
1000023919;APOYO LOGISTICO 27,28 y 29 MAYO;SERVICIOS PARA EVENTOS;mayo;COP; SERVICIO DE LOGISTICA, AMBULANCIA Y BRIGADISTAS PARA GRADOS COLECTIVOS EL 27,28 y 29 DE MAYO DE 2026 PROVEEDOR: ADVANTAGE;PROTOCOLO Y GESTIÓN DE EVENTOS INTERNOS;26/05/2026;GRADOS Y EVENTOS ;13.807.093,00
1000023941;COMPRA DE BECAS INSTITUCIONALES;GRADOS;mayo;COP; COMPRA DE 1.131 BECAS Y ALQUILER DE 1.131 TOGAS Y BIRRETES PARA GRADOS COLECTIVOS LOS DÍAS 27,28,29 DE MAYO 2026, ASI: 579 PRE;PROTOCOLO Y GESTIÓN DE EVENTOS INTERNOS;09/06/2026;GRADOS Y EVENTOS ;82.905.478,00
1300003222;SLopez_Manutención;MANUTENCION;mayo;COP; Gastos de viaje Silvio Andres Lopez Barrantes 27 - 29 de mayo Marmato (Caldas);CONSULTORÍA ESPECIALIZADA;13/05/2026;VIAJES;566.000,00
1300003223;GHillon_Manutención;MANUTENCION;mayo;COP; Gastos de viaje German David Hillon Vega 27 - 29 de mayo Marmato (Caldas);CONSULTORÍA ESPECIALIZADA;13/05/2026;VIAJES;566.000,00
1300003224;SBulla_Manutencion;MANUTENCION;mayo;COP; Gastos de viaje Sandra Milena Bulla Ortega 27 - 29 de mayo Marmato (Caldas);CONSULTORÍA ESPECIALIZADA;13/05/2026;VIAJES;566.000,00
1300003226;DLosada_Manutención;MANUTENCION;mayo;COP; Gastos de viaje Danny Mauricio Losada Franco 27 - 29 de mayo Marmato (Caldas);CONSULTORÍA ESPECIALIZADA;13/05/2026;VIAJES;566.000,00
1000023889;Pintura Neon para Ean Activa;ACTIV CULTURALES CIVICAS Y DEPORTIVAS;mayo;COP; SOLICITUD DE CASOS Actividad: Galones de pintura Neón Ean activa Descripción: La presente compra de pintura Neon, corresponde;BIENESTAR UNIVERSITARIO;21/05/2026;SERVICIOS PROFESIO;523.600,00
1000023906;PAGO COPIAS PLANOS CURADURÍA LICENCIA;;mayo;COP; PROYECTO CALLE 72 CONTRATISTA LA ROCA EQUIPOS Y CONSTRUCCIONES S.A.S SERVICIO DE COPIADO DE PLANOS Y FOTOPLANOS DE LA CURADURÍ;GESTIÓN DE INFRAESTRUCTURA Y PLANTA FÍSICA;12/05/2026;SERVICIOS PROFESIO;4.164.462,00
1000023917;Participación ASCUN - FISU Baloncesto 3;ACTIV CULTURALES CIVICAS Y DEPORTIVAS;mayo;COP; SOLICITUD DE CASOS Actividad: Participación ASCUN - FISU Baloncesto 3 x 3 Descripción: Participación, se busca fomentar esti;BIENESTAR UNIVERSITARIO;12/05/2026;SERVICIOS PROFESIO;13.865.250,00
1000023933;Revista Escuela de Administración de Neg;HONORARIOS GESTION DEL CONOCIMIENTO;mayo;COP; Proveedor: Pablo Agustín Farfán Moreno Cédula de ciudadanía: 1.015.449.866 BP: 1000229763 Correo electrónico: pablo.farfan;PUBLICACIONES CIENTIFICAS Y DOCENTES;12/05/2026;SERVICIOS PROFESIO;1.700.000,00
1000023940;Operador de dispositivos multimedia.;SERVICIOS PARA EVENTOS;mayo;COP; SOLICITUD DE SERVICIO DE CAMAROGRAFOS PARA EVENTO QS Quacquarelli Symonds   PROVEEDOR CAMILO PINZON .;GESTIÓN COMERCIAL EVENTOS EXTERNOS;12/05/2026;SERVICIOS PROFESIO;640.000,00
1000023934;PRESENTACIÓN ESPECIAL DE BAILE;EVENTOS ESPECIALES;mayo;COP; PRESENTACIÓN DE SHOW DE BAILE PARA GRADOS COLECTIVOS DE MAYO Y NOVIEMBRE 2026. PROVEEDOR BUREO;PROTOCOLO Y GESTIÓN DE EVENTOS INTERNOS;26/05/2026;EVENTOS ;31.993.249,00
1000023936;CUBRIMIENTO DE VINILO PAPEL MADERA;IMPRESOS PUBLICACIONES;mayo;COP; SOLICITUD DE CUBRIMIENTO DE VINILO PAPEL MADERA PARA GRADOS COLECTIVOS DE MAYO. PROVEEDOR KATODE.;PROTOCOLO Y GESTIÓN DE EVENTOS INTERNOS;13/05/2026;EVENTOS ;1.695.750,00
1000023951;SUSCRIPCIÓN ALMA/PRIMO VE 2026;;mayo;USD; Suscripción al sistema de gestión de la Biblioteca Alma/PrimoVE Contrato: 3 años Periodo de suscripción: Junio 28 del 2026;BIBLIOTECA;25/05/2026;SOFTWARE ;0
1000023971;ALQUILER DE LUCES Y TECNICA;ALQUILER EQUIPO AUDIOVISUAL;mayo;COP; ALQUILER TECNICA GRADOS COLECTIVOS MAYO 3 DÍAS (27,28 y 29 DE MAYO). PROVEEDOR: NEXTPRO;PROTOCOLO Y GESTIÓN DE EVENTOS INTERNOS;13/05/2026;ACTIVOS Y/O EQUIPO;4.284.000,00
1000023943;Servicio transporte Pereira - Marmato;PASAJES TERRESTRES;mayo;COP; Rutranscol #GP-000158-94 Servicio transporte Pereira - Marmato 27 al 29 de mayo;CONSULTORÍA ESPECIALIZADA;15/05/2026;TRANSPORTE ;3.200.000,00
1300003250;TRANSPORTES;PASAJES TERRESTRES;mayo;COP; VIATICOS DANIELA BETANCOURT PARTICIPACION BIZ FEST CALI;PREGRADO;13/05/2026;TRANSPORTE ;485.000,00
1000023945;Lvyinyin Single Under CabinetLED Puck;;mayo;USD; Proveedor Amazón BP: 1000254772 Compras Materiales de Laboratorio y Herramientas: 1- Inspire Black Nitrile Disposable Gloves |;UNIDAD DE DESARROLLO;25/05/2026;ELEM. FERRETERIA C;176,99
1000023909;Compra de 1000 chocolates.;PROMOCION DIVULGACION;mayo;COP; Solicitud compra tableta de chocolate cantidad 1000  la  empresa Kaoxue Chocolates para la entrega de las jornadas de bienvenid;DIRECCIÓN DE SERVICIOS DE APOYO ACADÉMICO;14/05/2026;ALIMENTACION Y REF;1.202.350,00
1000023944;35 PAN DE BONOS;ALIMENTOS (DESAYU-REFRIG-ALMUERZO);mayo;COP; PERSONA RESPONSABLE: JUAN CARLOS RIVERA RUEDA EVENTO: Movilidad Entrante - Estudiantes Universidad de Pamplona FECHA: 15 DE MAY;FACULTAD DE ADMINISTRACION;12/05/2026;ALIMENTACION Y REF;385.000,00
1000023972;REFRIGERIO;COCTEL - ESTACION (CAFE, AROMATICA, AGUA;mayo;COP; REFRIGERIO EVENTO WORKSHOP 28 DE MAYO PROVEEDOR GRUPO PROMO;POSGRADO;29/05/2026;ALIMENTACION Y REF;619.220,00
1000023935;MAESTRO DE CEREMONIA GRADOS MAYO;GRADOS;mayo;COP; SERVICIO DE MAESTRO DE CEREMONIAS, GRADOS COLECTIVOS MAYO 27,28 Y 29 DE 2026 (7 SESIONES) PROVEEDOR MAURICIO GIRAL;PROTOCOLO Y GESTIÓN DE EVENTOS INTERNOS;13/05/2026;GRADOS Y EVENTOS ;3.490.000,00
1000023970;STADIUM BLASTER TRES DISPAROS (VENTURY);SERVICIOS PARA EVENTOS;mayo;COP; SERVICIO DE ALQUILER EFECTOS ESPECIALES (VENTURIS, STADIUM BLASTER CON DISPARO DE PAPEL)PARA GRADOS COLECTIVOS DE MAYO 27.28 Y;PROTOCOLO Y GESTIÓN DE EVENTOS INTERNOS;13/05/2026;GRADOS Y EVENTOS ;3.370.080,00
1000023927;CALLE 72 VALLA BLANCA;IMPRESOS PUBLICACIONES;mayo;COP; PROYECTO CALLE 72 CONTRATISTA KATODE OBJETO: Dimensiones: 100 cm x 70 cm. Impresión digital sobre banner mate blackout. Tintas;GESTIÓN DE INFRAESTRUCTURA Y PLANTA FÍSICA;13/05/2026;SERVICIOS PROFESIO;261.134,00
1000023937;INTERPRETE LEGUAJE DE SEÑAS;SERVICIOS PARA EVENTOS;mayo;COP; SERVICIO DE INTERPRETE DE LENGUAJE DE SEÑAS PARA LAS CEREMONIAS DE GRADOS COLECTIVOS DE MAYO. PROVEEDOR ANGIE CAROLINA SANCHEZ;PROTOCOLO Y GESTIÓN DE EVENTOS INTERNOS;01/06/2026;SERVICIOS PROFESIO;1.000.000,00
1000023938;INTERPRETE LEGUAJE DE SEÑAS;SERVICIOS PARA EVENTOS;mayo;COP; SERVICIO DE INTERPRETE DE LENGUAJE DE SEÑAS PARA LAS CEREMONIAS DE GRADOS COLECTIVOS DE MAYO. PROVEEDOR DAVID CARDENAS MOLINA;PROTOCOLO Y GESTIÓN DE EVENTOS INTERNOS;12/05/2026;SERVICIOS PROFESIO;600.000,00
1000023939;INTERPRETE LEGUAJE DE SEÑAS;SERVICIOS PARA EVENTOS;mayo;COP; SERVICIO DE INTERPRETE DE LENGUAJE DE SEÑAS PARA LAS CEREMONIAS DE GRADOS COLECTIVOS DE MAYO. PROVEEDOR ALICIA ROJAS;PROTOCOLO Y GESTIÓN DE EVENTOS INTERNOS;03/06/2026;SERVICIOS PROFESIO;400.000,00
1000023952;L ESP-ING Los Acuerdos de Hermanamiento;HONORARIOS GESTION DEL CONOCIMIENTO;mayo;COP; TVAINS INTERNATIONAL S.A.S. BP: 1000266233 Cotización 33849 Servicio Profesional Traducción Técnica: 1- Los Acuerdos de Herm;PUBLICACIONES CIENTIFICAS Y DOCENTES;14/05/2026;SERVICIOS PROFESIO;334.607,00
1000023953;CONSTRUCTION MONTH 5;;mayo;USD; HEATHERWICK ADITIONAL CONSTRUCTION-MONTH 5 $22.157 DOLARES AMERICANOS Activo: 130000002 10600801  CONSTRUCCIONES EN CURSO 16150;GESTIÓN DE INFRAESTRUCTURA Y PLANTA FÍSICA;12/05/2026;SERVICIOS PROFESIO;22.157,00
1000023960;INTERPRETE LEGUAJE DE SEÑAS;SERVICIOS PARA EVENTOS;mayo;COP; SERVICIO DE INTERPRETE DE LENGUAJE DE SEÑAS PARA LAS CEREMONIAS DE GRADOS COLECTIVOS DE MAYO. PROVEEDOR SARA MILENA PEÑA;PROTOCOLO Y GESTIÓN DE EVENTOS INTERNOS;12/05/2026;SERVICIOS PROFESIO;800.000,00
1000023961;INTERPRETE LEGUAJE DE SEÑAS;SERVICIOS PARA EVENTOS;mayo;COP; SERVICIO DE INTERPRETE DE LENGUAJE DE SEÑAS PARA LAS CEREMONIAS DE GRADOS COLECTIVOS DE MAYO. PROVEEDOR LILIANA BOJACA;PROTOCOLO Y GESTIÓN DE EVENTOS INTERNOS;01/06/2026;SERVICIOS PROFESIO;0
1000023955;Camarografo;BOLETOS ACTIV CULTUR CIVICAS Y DEPORTIVA;mayo;COP; Servicios de camarografo, stage y operador de audio para el evento rompamos el silencio Fecha: 19 de mayo 2026 Lugar: Auditorio;RECTORÍA;14/05/2026;EVENTOS ;1.410.000,00
1000023956;Apoyo evento;BOLETOS ACTIV CULTUR CIVICAS Y DEPORTIVA;mayo;COP; Servicios CT- Evento Rompamos le silencio Fehca: 19 de mayo Lugar: Auditorio Origenes Valor total: 2.144.380 Proveedor: Advanta;RECTORÍA;14/05/2026;EVENTOS ;2.144.380,00
1000023982;Automatic CNC Pulse Argon Arc TIG Jewelr;;mayo;USD; Proveedor Amazon BP: 1000254772 Carrito: Q5UQ1 Compra de Activo: Automatic CNC Pulse Argon Arc Tig Jewelry Spot Welding Machine;UNIDAD DE DESARROLLO;15/05/2026;ACTIVOS Y/O EQUIPO;386,26
1000023983;TRANSPORTES;TAXIS BUSES;mayo;COP; REFRIGERIO EVENTO EAN EXPERIENCE 23 MAYO PETUNIA;PREGRADO;14/05/2026;TRANSPORTE ;3.748.500,00
1300003251;TRANSPORTES;PASAJES TERRESTRES;mayo;COP; VIATICOS ZULEIMA HERNANDEZ PARTICIPACN EVENTO BUCARAMANGA;NUEVOS MERCADOS;13/05/2026;TRANSPORTE ;1.170.000,00
1000023957;Camisetas  Ean Activa Runners;;mayo;COP;" SOLICITUD DE CASOS Actividad: Camisetas Ean Activa Descripción: Compra de camisetas institucionales ""EAN Activa"", destinadas a";BIENESTAR UNIVERSITARIO;15/05/2026;DOTACIÓN Y ELEM. D;1.500.000,00
1000023963;CONETENEDOR;;mayo;COP; SOLICITUD DE CASOS Actividad:   Contenedor de balones para el club carmel Descripción:  Contenedor destinado al almacenamiento;BIENESTAR UNIVERSITARIO;02/06/2026;MUEBLES Y ENSERES ;892.500,00
1000023964;Brandeo GYM;PROMOCION DIVULGACION;mayo;COP; SOLICITUD DE CASOS Actividad: Branding para GYM Descripción:  Compra de elementos de branding para el GYM institucional, en el;BIENESTAR UNIVERSITARIO;14/05/2026;IMPRESOS ;4.698.999,00
1000023980;CONCILIACION TC;GASTOS DE REPRESENTACION;mayo;COP; CONCILIACION TC GASTO DE REPRESENTACION IZUMI-IKI GASTROBAR;DIRECCIÓN DE EXTENSIÓN COMERCIAL;14/05/2026;ALIMENTACION Y REF;2.419.327,00
1000023981;CONCILIACION TC;GASTOS DE REPRESENTACION;mayo;COP; CONCILIACION TC MISTRAL;DIRECCIÓN DE EXTENSIÓN COMERCIAL;13/05/2026;ALIMENTACION Y REF;187.707,00
1000023985;ALIMENTACION;ALIMENTOS (DESAYU-REFRIG-ALMUERZO);mayo;COP; snacks evento ANZI PROVEEDOR GRUPO PROMO;PREGRADO;14/05/2026;ALIMENTACION Y REF;1.548.500,00
1300003231;CAMBIOS TIQUETES MEDELLIN BRIGITTE;PASAJES AEREOS;mayo;COP; CAMBIOS TIQUETE VIAJE MEDELLIN BRIGITTE BAPTISTE COMPRA REALIZADA POR LINK DE PAGO CON LA TARJETA DE COMPRAS;RECTORÍA;03/06/2026;VIAJES;442.590,00
1300003260;MANUTENCION BARRANQUILLA;MANUTENCION;mayo;COP; GASTOS DE VIAJE BARRANQUILLA VISITA CONVENIO ALCALDIA DE BARRANQUILLA ANDRES OTALORA;RECTORÍA;14/05/2026;VIAJES;375.000,00
1000023947;SERV. VIGILANCIA APOYO EVENTO NUBANK;VIGILANCIA;mayo;COP; SERVICIO DE VIGILANCIA APOYO EVENTO NUBANK;GESTIÓN DE INFRAESTRUCTURA Y PLANTA FÍSICA;14/05/2026;SERVICIOS PROFESIO;215.329,00
1000023954;Residuos Orgánicos mes de abril;TRANSPORTE FLETES ACARREOS;mayo;COP; Recolección y transporte de 3.895 kg de residuos orgánicos generados en la universidad durante el mes de abril.;GESTIÓN DE CALIDAD Y DE LOS PROCESOS;27/05/2026;SERVICIOS PROFESIO;312.951,00
1000023984;CAMARA 360;PROMOCION DIVULGACION;mayo;COP; Contratación del proveedor Voiz Producciones (cotización adjunta), el cual ofrecerá: Show de batucada por 2h 3 personas que;POSGRADO;22/05/2026;SERVICIOS PROFESIO;654.500,00
1000023986;CONVALIDACIÓN FINANCIERA;ESTUDIO DE SEGURIDAD;mayo;COP; FACTURA ASEC MAYO;SELECCIÓN DEL TALENTO Y CALIDAD DE VIDA;19/05/2026;SERVICIOS PROFESIO;3.539.774,00
1000023965;SOMBRILLA MERCHANDISING;;mayo;COP;" MERCH PARAGUAS PROVEEDOR KREO PA0099 Paraguas 21"" Neón Paraguas de 21 pulgadas y 2 secciones en colores neón, con eje y varil";POSGRADO;22/05/2026;PUBLIC – MATER POP;15.232.000,00
1000023966;BOTILITOS MERCHANDISING;;mayo;COP; MERCH PROVEEDOR ESFERO PODER PROMOCIONAL 1000 BOLÍGRAFO Color: negro Descripción: Boligrafo Metal. Cuerpo color negro mate. P;EDUCACIÓN CONTINUADA COMERCIAL;03/07/2026;PUBLIC – MATER POP;8.060.465,00
1000023974;LAPIZ INFINITO MERCHANDISING;;mayo;COP; MERCH-MATERIAL PROVEDOR KREO Lápiz Infinity Eco  BO0433 Slim bag Pro Bolsa ecológica (reutilizable), ideal para llevar al mer;PREGRADO;22/05/2026;PUBLIC – MATER POP;3.636.640,00
1000023975;MTTO. CUBIERTA VERDE PUENTE;SERVICIO MANTO. CONSTRUCCIONES Y EDIFICA;mayo;COP; MANTENIMIENTO CUBIERTA VERDE PUENTE EDIFICIOS NOGAL;GESTIÓN DE INFRAESTRUCTURA Y PLANTA FÍSICA;20/05/2026;SRV MTTO INFRAESTR;1.500.000,00
1000023992;Transporte 19/ Mayo;TAXIS BUSES;mayo;COP; Caso mesa de servicios:80514. Transporte visita AGROSAVIA - Centro de Investigación Tibaitatá. Personas: 25. Recorrido: Lugar;DIRECCIÓN DE INVESTIGACIONES;15/05/2026;TRANSPORTE ;850.000,00
1000023976;LOGO EAN;PROMOCION DIVULGACION;mayo;COP; Logo Universidad Ean - Auditorio Nativos katode  Dimensiones: 55 cm x 82 cm. Acrílico blanco 10 mm, bordes pulidos y brillados;GESTIÓN DE MEDIOS;21/05/2026;INSTITUCIONALES ;1.132.404,00
1000024000;AGENDA LEGACY;;mayo;COP; Compra de Agendas 120 hojas, Gorra Verde logo Universidad EAN, Gorra Negra Bordada y Gorra Gris Bordada  Proveedor:BARACK Total;TIENDA EAN;14/05/2026;TIENDA EAN;5.241.950,00
1000023978;DISPENSADOR DE JABON MANOS;;mayo;COP; SUMINISTRO DE DIEZ (10) DISPENSADORES DE JABON LIQUIDO PARA MANOS, BAÑOS PISO 1,2 Y 3 LEGACY;GESTIÓN DE INFRAESTRUCTURA Y PLANTA FÍSICA;21/05/2026;ELEM. FERRETERIA C;3.165.400,00
1000023988;Imp. 1 cara carta, 18 pág. B/N + 2 pág.;INGRESOS TERCEROS;mayo;COP; En el marco del desarrollo del Proyecto CLUA, se solicita la adquisición de los siguientes impresiones requeridos para la ejec;EAN IMPACTA;25/05/2026;IMPRESOS ;1.490.000,00
1000023989;Impresión Certificado en opalina a color;INGRESOS TERCEROS;mayo;COP; En el marco del desarrollo del Proyecto CLUA, se solicita la adquisición de los siguientes impresiones requeridos para la ejec;EAN IMPACTA;25/05/2026;IMPRESOS ;50.000,00
1000023991;25 REFRIGERIOS TRADING;ALIMENTOS (DESAYU-REFRIG-ALMUERZO);mayo;COP; 25 REFRIGERIOS ADICIONALES - TRADING E INVERSIONES COHORTE 3;EDUCACIÓN CONTINUADA PROYECTOS;09/06/2026;ALIMENTACION Y REF;362.500,00
1000023959;FACTURA ABRIL JUZTINA;SUSCRIPCIONES;mayo;USD; ULTIMA FACTURA JUZTINA PAGO AUTOMATICO TC;GESTIÓN JURÍDICA, LEGAL Y PROTECCIÓN DE DATOS PERSONALES;19/05/2026;LICENCIAS Y SUBSCR;60
1000023987;INGRESOS TERCEROS;;mayo;COP; En el marco del desarrollo del Proyecto CLUA, se solicita la adquisición de los siguientes materiales requeridos para la ejecu;EAN IMPACTA;15/05/2026;PAPELERÍA ;515.000,00
1000023990;PARTICIPACIÓN GLI FORUM LATAM 2026;INGRESOS TERCEROS;mayo;USD; SE HACE LA PARTICIPACIÓN EN EL GLI FORUM LATAM 2026, QUIEN PARTICIPARA VA A SER LAURA CELY GOMEZ Y EL PAGO SE DEBE HACER POR T;EAN IMPACTA;19/05/2026;VIAJES;700
1300003227;VIAJE LAURA CELY;INGRESOS TERCEROS;mayo;COP; VIAJE LAURA CELY PARA PARTICIPAR A GLI FORUM LATAM 2026 EN LA CIUDAD DE LIMA, PERÚ;EAN IMPACTA;21/05/2026;VIAJES;1.908.935,00
1300003232;TIQUETE AAGXHUW - BOG - CHOCO;INGRESOS TERCEROS;mayo;COP; Plazo De Aprobación: 21:00 14/05/2026 Usuario: William Molina Ramirez Cia: Clic - Localizador: OQUSUT Informacion Propia CENTR;EAN IMPACTA;17/06/2026;VIAJES;610.209,00
1300003233;Manutención (Alimentación);INGRESOS TERCEROS;mayo;COP; Gastos manutención bootcamp Choco Del 22 de mayoal 25 de mayo QUE INCLUYEN TRANSPORTES INTERNOS, TRANSPORTES AEROPUERTO NUTRES;EAN IMPACTA;19/05/2026;VIAJES;1.052.000,00
1300003247;TIQUETES;PASAJES AEREOS;mayo;COP; TIQUETE MEDELLIN BIZ FEST JUAN CARLOS LINARES;POSGRADO;22/05/2026;VIAJES;509.746,00
1300003248;HOSPEDAJE;ALOJAMIENTO;mayo;COP; HOSPEDAJE OSCAR CRUZ Customer Experience Summit 2026 CARTAGENA;PREGRADO;17/06/2026;VIAJES;1.323.335,00
1300003249;TIQUETES;PASAJES AEREOS;mayo;COP; TIQUETES CARTAGENA OSCAR CRUZ EVENTO Customer Experience Summit 2026;PREGRADO;22/05/2026;VIAJES;690.407,00
1300003252;LEGALIZACIÓN FECZ79086;PASAJES AEREOS;mayo;COP; LEGALIZACIÓN FECZ79086;RECTORÍA;27/05/2026;VIAJES;197.692,00
1300003253;LEGALIZACIÓN FECZ80188;ALOJAMIENTO;mayo;COP; LEGALIZACIÓN FECZ80188.;RECTORÍA;27/05/2026;VIAJES;835.841,00
1300003270;TIQUETES;PASAJES AEREOS;mayo;COP; TIQUETE BIZ FEST CALI DANIELA BETANCOURT;PREGRADO;22/05/2026;VIAJES;394.149,00
1300003271;HOSPEDAJE;ALOJAMIENTO;mayo;COP; HOSPEDAJE DANIELA BETANCOURT BIX FEST CALI;CONSULTORIA PRIVADA;17/06/2026;VIAJES;341.676,00
1300003272;TIQUETES;PASAJES AEREOS;mayo;COP; TIQUETES ZULEIMA HERNANDEZ FERIA BUCARAMANGA;CONSULTORIA PRIVADA;17/06/2026;VIAJES;987.193,00
1000023948;CALLE 72 MONITOR SAMSUNG;;mayo;COP; CALLE 72 BOOM ACCESORIOS S.A.S OBJETO: MONITOR INDUSTRIAL SAMSUNG PANTALLA  digital Signage Samsung QB55C. 1397mm 4K UHD - 16 H;GESTIÓN DE INFRAESTRUCTURA Y PLANTA FÍSICA;14/05/2026;SERVICIOS PROFESIO;3.093.762,00
1000023949;SHOW CORPORATIVO;PROMOCION DIVULGACION;mayo;COP; Propuesta Show Corporativo Andrés López;POSGRADO;28/05/2026;SERVICIOS PROFESIO;12.500.000,00
1000023958;Analysis of the Content Generated by Bra;HONORARIOS GESTION DEL CONOCIMIENTO;mayo;COP; Proveedor: JUAN CARLOS VELÁSQUEZ SÁNCHEZ RUT: 80227806 BP: 1000011348 Servicio Profesionas: Corrección de estilo de: Revista;PUBLICACIONES CIENTIFICAS Y DOCENTES;15/05/2026;SERVICIOS PROFESIO;1.695.980,00
1000023977;SERV.VIGILANCIA EVENTO BIME;VIGILANCIA;mayo;COP; SERVICIO APOYO VIGILANCIA EVENTO BIME  Valor$5.387.510 Proveedor COLVISEG;GESTIÓN DE INFRAESTRUCTURA Y PLANTA FÍSICA;15/05/2026;SERVICIOS PROFESIO;5.387.510,00
1000023993;Factura Godoy Cordoba FEV181978;HONORARIOS ASESORIA TECNICA;mayo;COP;  Facturacion de servicios Godoy Cordoba mes de mayo;CONTRATACIÓN Y NOMINA;15/05/2026;SERVICIOS PROFESIO;7.588.963,00
1000024010;RECUBRIMIENTO COLUMNAS GIMNASIO;SERVICIO MANTO. CONSTRUCCIONES Y EDIFICA;mayo;COP; SERVICIO DE RECUBRIMIENTO COLUMNAS GIMNASIO, PROVEEDOR: KATODE, VALOR: $2.966.871, CASO:80542;GESTIÓN DE INFRAESTRUCTURA Y PLANTA FÍSICA;20/05/2026;SRV MTTO INFRAESTR;2.966.871,00
1000024011;SERV SELLADO VENTANAS Y LIMP NIDOS FUN;SERVICIO MANTO. CONSTRUCCIONES Y EDIFICA;mayo;COP; SERVICIO DE SELLADO PERIMETRALÑ DE VENTANAS Y LIMPIEZA NIDOS DE PALOMA FACHADA EDIFICIO FUNDADORES, PROVEEDOR: SECURITY WINDOW;GESTIÓN DE INFRAESTRUCTURA Y PLANTA FÍSICA;19/05/2026;SRV MTTO INFRAESTR;5.100.340,00
1000024012;CORRECTIVO DESCARGA EYECTOR LLUVIAS FUN;SERVICIO MANTO. CONSTRUCCIONES Y EDIFICA;mayo;COP; SERVICIO DE MANTENIMIENTO CORRECTIVO FUGA DESCARGA EQUIPO EYECTOR AGUAS LLUVIAS FUNDADORES, PROVEEDOR: ARBOMBAS, VALOR: $1.454.;GESTIÓN DE INFRAESTRUCTURA Y PLANTA FÍSICA;19/05/2026;SRV MTTO INFRAESTR;1.454.804,00
1000024013;SUMINISTRO KID DE CERRAJERIA;;mayo;COP; SUMINISTRO DE KID DE CERRAJERIA PARA TECNICO DE MTTO, PROVEEDOR: LLAVES Y CERRADURAS, VALOR: $452.200, CASO:80547;GESTIÓN DE INFRAESTRUCTURA Y PLANTA FÍSICA;19/05/2026;ELEM. FERRETERIA C;452.200,00
1000024014;SUMINISTRO BRAZO HIDRAULICO;;mayo;COP; SUMINISTRO DE BRAZOS HIDRAULICO PARA PUERTAS LEGACY, PROVEEDOR: LLAVES Y CERRADURAS, VALOR: $1.309.000, CASO:80566;GESTIÓN DE INFRAESTRUCTURA Y PLANTA FÍSICA;19/05/2026;ELEM. FERRETERIA C;2.261.000,00
1000024015;SUMINISTRO CHAPAS FUNDADORES;;mayo;COP; SUMINISTRO DE CHAPAS PARA PUERTAS FUNDADORES AMAESTRABLES, PROVEEDOR: LLAVES Y CERRADURAS, VALOR: $952.000, CASO:80567;GESTIÓN DE INFRAESTRUCTURA Y PLANTA FÍSICA;19/05/2026;ELEM. FERRETERIA C;2.261.000,00
1000023967;Parfait de yogurt servido en cristal;ALIMENTOS (DESAYU-REFRIG-ALMUERZO);mayo;COP; ADICIONAL de alimentos y bebidas evento FUNDACION PLAN. proveedor grupo promo;GESTIÓN COMERCIAL EVENTOS EXTERNOS;15/05/2026;ALIMENTACION Y REF;972.000,00
1000023979;Estacion de café premium con te,aromatic;ALIMENTOS (DESAYU-REFRIG-ALMUERZO);mayo;COP; SERVICIO DE ALIMENTOS Y BEBIDAS EVENTO COLOMBIA FINTECH  . PROVEEDOR GRUPO RPOMO;GESTIÓN COMERCIAL EVENTOS EXTERNOS;26/05/2026;ALIMENTACION Y REF;9.564.500,00
1000024001;80 estacion de cafe;ALIMENTOS (DESAYU-REFRIG-ALMUERZO);mayo;COP; Servicio de alimentacion evento Rompamos el Silencio Fecha: 19 de mayo 2026 Hora inicio: 9:00 am Hora final: 12:30 pm Lugar: Au;RECTORÍA;19/05/2026;ALIMENTACION Y REF;4.371.400,00
1000024002;Pago membresia ACBSP 2026;AFILIACIONES MEMBRESIAS INTERNACIONALES;mayo;USD; Pago membresías ACBSP 2026/27. Valor solped: 2950 USD;GERENCIA DE INTERNACIONALIZACIÓN Y RELACIONES INSTITUCIONALES;25/05/2026;LICENCIAS Y SUBSCR;2.950,00
1000024016;Conciliacion TC 1226 BC Facebook Abril;AVISOS Y PROPAGANDA;mayo;USD; Automatización de campañas de EanX por medio de software de gestión de la red social FACEBOOK.;EAN X PROYECTOS;26/05/2026;LICENCIAS Y SUBSCR;765,33
1300003273;Compra 7 Tqtes a Pto. Carreño;INGRESOS TERCEROS;mayo;COP; Compra de 15 TIQUETES para 13 Estudiantes y 2 docentes, quienes viajaron a Puerto Carreño, Vichada-Colombia para participar en;GERENCIA DE INTERNACIONALIZACIÓN Y RELACIONES INSTITUCIONALES;27/05/2026;VIAJES;6.668.515,00
1300003274;Alojamiento Antonio Lobato-Natal, Brasil;ALOJAMIENTO;mayo;COP; Pago por RESERVA DE ALOJAMIENTO para ANTONIO LOBATO JUNIOR en el GB HOTEIS NATAL, del 29 de abril al 04 de mayo de 2026, dada s;GERENCIA DE INTERNACIONALIZACIÓN Y RELACIONES INSTITUCIONALES;27/05/2026;VIAJES;982.515,00
1300003275;Tqte. a Argentina-Fredy Reyes;PASAJES AEREOS;mayo;COP; Compra de TIQUETE para FREDY JAVIER REYES NEGRETE, quien viajó a Buenos Aires-Argentina para participar en la Décima Conferen;GERENCIA DE INTERNACIONALIZACIÓN Y RELACIONES INSTITUCIONALES;27/05/2026;VIAJES;3.205.101,00
1000024017;Registro Counter: Incluye personal + pla;SERVICIOS PARA EVENTOS;mayo;COP; Servicio de auto registro con lectura de cédulas o COLOMBIA FINTECH. PROVEDOR KPULUS;GESTIÓN COMERCIAL EVENTOS EXTERNOS;25/05/2026;SERVICIOS PROFESIO;2.684.830,00
1000023994;HACO 1002001512;PROMOCION DIVULGACION;mayo;COP; HACO 1002001512;DIRECCIÓN DE EXPERIENCIA ESTUDIANTIL;03/06/2026;SERVICIOS PROFESIO;555.330,00
1000024050;MTTO. EQUIPOS AUDIOVISUALES PAT;MANTENIMIENTO MAQUINARIA Y EQUIPO;mayo;COP; MANTENIMIENTO DE EQUIPOS AUDIOVISUALES CON TECNOLOGIA PAT EN 41 AULAS UBICADAS EN EL ED. LEGACY  Valor $9.758.000 Proveedor_ In;GESTIÓN DE INFRAESTRUCTURA Y PLANTA FÍSICA;09/06/2026;SRV MTTO INFRAESTR;9.758.000,00
1000023995;Pago Fulbright-1er. Desembolso;MANUTENCION;mayo;COP; Pago Estado de Cuenta FV-00002318 por Primer Desembolso por costos de sostenimiento y traslado para un becario ETA por 5 meses,;GERENCIA DE INTERNACIONALIZACIÓN Y RELACIONES INSTITUCIONALES;20/05/2026;INTERNACIONALES ;24.160.000,00
1000023998;Pago U. Externado-Apoyo Logístico;INGRESOS TERCEROS;mayo;COP; Pago de Fact. SDCU1000004118 a Universidad Externado por valor de $12.000.000, por concepto de Apoyo logístico Escuela de Vera;GERENCIA DE INTERNACIONALIZACIÓN Y RELACIONES INSTITUCIONALES;20/05/2026;INTERNACIONALES ;12.000.000,00
1000024041;TRANSPORTE;TRANSPORTE FLETES ACARREOS;mayo;COP; LAVADO GENERAL BOTARGA(Meli) PROVEEDOR:MAXIMUS PRODUCCIONES.;PROTOCOLO Y GESTIÓN DE EVENTOS INTERNOS;10/06/2026;TRANSPORTE ;440.300,00
1000024035;Tablero borrable, medidas 120 cm x 240 c;;mayo;COP; Caso Mesa de Ayuda Compras 80241 Proveedor Suministros G Y O SAS BP: 1000157765 Compra: Un Tablero borrable, medidas 120 cm x 2;UNIDAD DE DESARROLLO;20/05/2026;ELEM. FERRETERIA C;535.500,00
1000024018;DESAYUNO ESTANDAR;ALIMENTOS (DESAYU-REFRIG-ALMUERZO);mayo;COP; COMPRA DE DESAYUNOS, ALMUERZOS Y REFRIGERIOS PM  Y ESTACIÓN DE CAFE, EQUIPO DE TRABAJO Y LOGISTICA PARA GRADOS COLECTIVOS DE M;PROTOCOLO Y GESTIÓN DE EVENTOS INTERNOS;26/05/2026;ALIMENTACION Y REF;14.327.130,00
1000024019;PASABOCAS AM;ALIMENTOS (DESAYU-REFRIG-ALMUERZO);mayo;COP; COMPRA DE PASABOCAS AM, ALMUERZOS Y PASABOCAS PM  Y ESTACIÓN DE CAFE, PARA DIRECTIVOS, PARA LOS GRADOS COLECTIVOS DE MAYO 27,;PROTOCOLO Y GESTIÓN DE EVENTOS INTERNOS;26/05/2026;ALIMENTACION Y REF;14.327.130,00
1000024020;Barra de sodas;ALIMENTOS (DESAYU-REFRIG-ALMUERZO);mayo;COP; SOLICITUD DE SERVICIO DE BEBIDAS ENVENTO SEGUNDA SESION DIALECTICA PROVEEDOR GRUPO PROMO.;GESTIÓN COMERCIAL EVENTOS EXTERNOS;20/05/2026;ALIMENTACION Y REF;97.200,00
1000024021;Compra de 182 paquetes de café INNOVAKIT;ALIMENTOS (DESAYU-REFRIG-ALMUERZO);mayo;COP; compra correspondiente a 182 paquetes de cafe tostado de 250 gramos, a cargo de la empresa innovakit, identificado con NIT 9004;RECTORÍA;26/05/2026;ALIMENTACION Y REF;4.299.750,00
1000024033;40 REFRIGERIOS PROGRAMA DE GRADO;ALIMENTOS (DESAYU-REFRIG-ALMUERZO);mayo;COP; 40 REFRIGERIOS PARA REALIZAR COCTEL DE CIERRE PARA PROGRAMA DE GRADO COHORTE 1 Y 2. EDUCACIÓN CONTINUA.;EDUCACIÓN CONTINUADA PROYECTOS;25/05/2026;ALIMENTACION Y REF;1.460.000,00
1000024040;22 Refrigerios IA para a Alta Dirección;ALIMENTOS (DESAYU-REFRIG-ALMUERZO);mayo;COP; Refrigerios: IA para a Alta Dirección FEBOR Refrigerios para 22 personas Proveedor - LA FOCACCIA Fecha: del 22 de mayo Hora: 7;EDUCACIÓN CONTINUADA PROYECTOS;21/05/2026;ALIMENTACION Y REF;418.280,00
1000023999;Transmisor de temperatura PH;INGRESOS TERCEROS;mayo;COP; Caso mesa de servicios:80715. Transmisor de temperatura PH. Proveedor: CAMTTECH SAS NIT 901.375.092-5 N.° de BP: 1000304117. V;DIRECCIÓN DE INVESTIGACIONES;20/05/2026;ELEM. LABORATORIO ;3.903.200,00
1000024034;ACIDO CLORHIDRICO AL 36,5-38%;INGRESOS TERCEROS;mayo;COP; Creación de caso:80659. Compra de proyecto externo: Biomonitoreo de metales. ACIDO CLORHIDRICO AL 36,5-38% Proveedor: AUROS QU;DIRECCIÓN DE INVESTIGACIONES;21/05/2026;ELEM. LABORATORIO ;192.304,00
1000023996;VALOR TOTAL CARGA;BONOS SODEXHO ;mayo;COP; Bono directores de progrma - Mayo de 2026;FACULTAD DE HUMANIDADES Y CIENCIAS SOCIALES;22/05/2026;BONOS ;9.749.270,00
1000023997;LICENCIAS CLAUDE TEAM;;mayo;USD; 20 LICENCIAS CLAUDE TEAM Proveedor: Anthropic Supervisor: Henry Diaz Valor de la compra: Activo USD $4.800 Forma de pago: Únic;EXPERIENCIA DE USUARIO;21/05/2026;LICENCIAS Y SUBSCR;4.800,00
1000024022;Renovacion Gestion Humana;SUSCRIPCIONES BASES DE DATOS;mayo;COP; Renovación de la suscripción a la Base de Datos Académica - Gestión Humana por un año. Periodo de suscripcion: junio 26 de;BIBLIOTECA;29/05/2026;LICENCIAS Y SUBSCR;13.850.000,00
1000024032;Pago ISB-Libro Legacy, emprendimiento;OTROS SERVICIOS;mayo;COP; Proveedor Cámara Colombiana del Libro NIT 860.006.601 BP: 1000011607 Servicio: Pago de ISBN del libro Legacy, emprendimiento s;PUBLICACIONES CIENTIFICAS Y DOCENTES;25/05/2026;LICENCIAS Y SUBSCR;81.599,00
1000023968;APOYO EVENTO;SERVICIOS PARA EVENTOS;mayo;COP; SOLICITUD DE PERSONAL DE LOGISTICA PARA SEGUNDA SESION DIALECTICA.                 PROVEEDOR ADVANTAGE.;GESTIÓN COMERCIAL EVENTOS EXTERNOS;20/05/2026;SERVICIOS PROFESIO;1.718.357,00
1000023969;STAGE HAND;SERVICIOS PARA EVENTOS;mayo;COP; SOLICITUD DE SERVICIO DE STAGE HAND Y CAMAROGRAFOS PARA SEGUNDA SEVIOS DE DIALECTICA.  PROVEEDOR CAMILO PINZON;GESTIÓN COMERCIAL EVENTOS EXTERNOS;20/05/2026;SERVICIOS PROFESIO;1.010.000,00
1000024003;DISEÑO 32 PIEZAS GRAFICA;HONORARIOS;mayo;COP; DISEÑO DE 32 PIEZAS GRAFICAS DISEÑADAS POR SEBASTIAN NUÑEZ IDENTIFICADO CON CC 1001277852 Y NNUMERO DE BP 1000198008.;RECTORÍA;20/05/2026;SERVICIOS PROFESIO;1.600.000,00
1000024030;Examenes Médicos Ocupacionales;HONORARIOS SERVICIO MEDICO;mayo;COP; Examenes Medicos Ocupacionales Colsubsidio;SISTEMA DE GESTIÓN DE LA SEGURIDAD Y SALUD EN EL TRABAJO;20/05/2026;SERVICIOS PROFESIO;4.243.800,00
1000024031;MANTENIMIENTO A TERMOREACTOR HANNA HI 83;INGRESOS TERCEROS;mayo;COP; Creación de caso:80654. Compra de proyecto externo: Biomonitoreo de metales. Mantenimiento a termoreactor Hanna HI 839800 (có;DIRECCIÓN DE INVESTIGACIONES;19/05/2026;SERVICIOS PROFESIO;714.000,00
1000024051;TOTE BAGS;EVENTOS;mayo;COP; MATERIAL POP RECTORIA VALOR TOTAL: 3.023.600 IVA INCLUIDO Proveedor: Agencia ES (Marketing y Publicidad Estrategica);RECTORÍA;21/05/2026;PUBLIC – MATER POP;3.022.600,00
1000024004;Manilla Tyvek. Cantidad: 500 unidades. S;IMPRESOS PUBLICACIONES;mayo;COP; MANILLAS EVENTO SEGUNDA SESION DIALECTICA. PROVEEDOR KATODE;GESTIÓN COMERCIAL EVENTOS EXTERNOS;20/05/2026;EVENTOS ;149.940,00
1000024053;Stiker 3D con Resina;PREMIOS ESTUDIANTES;mayo;COP; Descripción: Stiker 3D con Resina Cant: 1.000 Vlor Unitario: $1.400 Vlor Total: $1.400.000 Iva 19%: $ 266.000 VALOR TOTAL $1.6;MEDIACIONES DIDÁCTICAS;20/05/2026;EVENTOS ;1.666.000,00
1000024054;Pad mouse sublimado;PREMIOS ESTUDIANTES;mayo;COP; Descripción: Pad mouse sublimado con base de Neopreno Medidas 23,5 x 19, 5 cm Marcación según diseño de referencia Cantidad;MEDIACIONES DIDÁCTICAS;20/05/2026;EVENTOS ;3.486.700,00
1000024048;MTTO CORREC VARIADOR ASC #4 FUNDADORES;MANTENIMIENTO MAQUINARIA Y EQUIPO;mayo;COP; SERVICIOS MTTO CORRECTIVO - CAMBIO DE OPERADOR DE PUERTAS DEL ASCESNSOR N° 4 SCHINDLER DEL EDIFICIO FUNDADORES. Se justifica c;GESTIÓN DE INFRAESTRUCTURA Y PLANTA FÍSICA;21/05/2026;SRV MTTO INFRAESTR;8.970.014,00
1000024065;ACECUACIÓN BODEGA LIBROS S1 FUNDADORES;SERVICIO MANTO. CONSTRUCCIONES Y EDIFICA;mayo;COP; SERVICIO ADECUACIÓN LOCATIVA GODEGA DE ALMACENAJE DE LIBROS DE LA BIBLIOTECA- RESANE Y PINTURA DE PISOS- INSTALACIÓN DE TECHO;GESTIÓN DE INFRAESTRUCTURA Y PLANTA FÍSICA;21/05/2026;SRV MTTO INFRAESTR;15.814.097,00
1000024024;TRANSPORTES;TAXIS BUSES;mayo;COP; TRANSPORTE ALCALDIA DE MADRID EQUIPO REGIONES Fecha Cronograma Inicio fin MIERCOLES 13 de mayo Universidad Ean 7:00 a. m. Alcal;REGIONES;22/05/2026;TRANSPORTE ;0
1000024062;Sesión Bogotá - La Mesa - Cundinamarca;PASAJES TERRESTRES;mayo;COP; Bogotá, 15 Mayo 2026 Señores UNIVERSIDADEAN MAURICIOAVILA Cordial Saludo. Dando respuesta a su solicitud y agradeciendo su in;CONTRATACIÓN PÚBLICA;25/05/2026;TRANSPORTE ;920.000,00
1000024006;Pauta Meta Ean Virtual;PROMOCION DIVULGACION;mayo;COP; Pauta EAN VIRTUAL META Y TIK TOK;PUBLICIDAD;01/06/2026;INSTITUCIONALES ;10.000.000,00
1000024023;EXPO ESTUDIANTES 2026;ALQUILER STAND - CARPAS;mayo;COP; PARTICIPACION EXPOESTUDIANTES 2026 Servicios Incluidos: • Stand seleccionado con elementos anunciados. • Promoción por red;PREGRADO;10/08/2026;INSTITUCIONALES ;23.776.200,00
1000024005;BACKING REGISTRO: Dimensiones: 450 cm x;ALQUILER MUEBLES ENSERES;mayo;COP; SOLICITUD DE BACKINGS PARA EVENTO FINTECH. PROVEERDOR KATODE.;GESTIÓN COMERCIAL EVENTOS EXTERNOS;21/05/2026;IMPRESOS ;3.000.000,00
1000024028;BEBIDAS;COCTEL - ESTACION (CAFE, AROMATICA, AGUA;mayo;COP; BEBIDAS EVENTO ANZI GRUPO PROMO;PREGRADO;22/05/2026;ALIMENTACION Y REF;738.900,00
1000024045; INSTACREM X 200;ALIMENTOS (DESAYU-REFRIG-ALMUERZO);mayo;COP; NIT : 900. 585. 886 - 3 - REGIMEN COMÚN ESPERANZA BAEZ USEDA DEPARTAMENTO COMERCIAL COMERCIALIZADORA ESAN S.A.S CRA 20 No 11 5;EDUCACIÓN CONTINUADA PROYECTOS;03/06/2026;ALIMENTACION Y REF;53.550,00
1000024046;REFRIGERIO;COCTEL - ESTACION (CAFE, AROMATICA, AGUA;mayo;COP; 50 REFIRGERIOS ADICIONALES EAN EXPERIENCE 23 MAYO PETUNIA;PREGRADO;22/05/2026;ALIMENTACION Y REF;1.190.000,00
1000024060;GASTOS DE REPRE;GASTOS DE REPRESENTACION;mayo;COP; CONCILIACION TC POKE COLOMBIA;CONSULTORIA PRIVADA;01/06/2026;ALIMENTACION Y REF;178.400,00
1000024044;LICENCIA SOLIDWORK 2026;;mayo;COP; LICENCIAS SOLIDWORKS  2026 Supervisor: Henry Diaz Proveedor: ARON Valor de la compra: COP $19.016.468 Exento de IVA Vigencia: 0;EXPERIENCIA DE USUARIO;25/05/2026;LICENCIAS Y SUBSCR;19.016.468,00
1000024043;25 UNIDADES IO 25001194;SEGUROS  POLIZAS;mayo;COP; Compra de Pólizas de seguro para programas de Educación Continua. Nro. 18-68-1000001091 - ANEXO DE POLIZA No 11 Cantidad: 351;EDUCACIÓN CONTINUADA PROYECTOS;25/05/2026;SEGUROS;1.228.500,00
1000024025;ALOJAMIENTO MISION CARREÑO;ALOJAMIENTO;mayo;COP; ANTICIPO DEL 100% PARA MISION PUERTO CARREÑO DEL 27 AL 20 DE MAYO DEL 2026  ANTICIPO PARA ANDRES FELIPE OTALORA CAICEDO;RECTORÍA;22/05/2026;VIAJES;7.410.000,00
1000024026;ANTICIPO 100% VISITA CONSULTORES MAYO;INGRESOS TERCEROS;mayo;COP; ANTICIPO 100% PARA BRIGITTE BAPTISTE PARA CUBRIR GASTOS DE MANUTENCION, ALOJAMIENOT TRANSPORTES TERRESTRES DE LA VISITA DE LOS;RECTORÍA;22/05/2026;VIAJES;10.300.000,00
1300003234;VIATICOS LILIANA LEGUIZAMON A PC 20.05;PASAJES TERRESTRES;mayo;COP; VIATICOS PARA LILIANA LEGUIZAMON IDENTIFICACO CON CC 51.960.686, PARA DAR CUMPLIMIENTO A LA MISIÓN COMERCIAL EAN ORINOQUIA DE;RECTORÍA;25/05/2026;VIAJES;130.000,00
1300003263;1. Transportes Internos BOG-CTG|Ernesto;PASAJES TERRESTRES;mayo;COP; ERNESTO ABELLO MURILLO CC. 79880629. Sesión 1  Transporte BOG Origen - Aeropuerto | $65.000 Transporte BOG Aeropuerto - Origen;FORMACIÓN A LA MEDIDA;25/05/2026;VIAJES;810.000,00
1300003264;2. Transportes Internos BOG-CTG|Ernesto;PASAJES TERRESTRES;mayo;COP; ERNESTO ABELLO MURILLO CC. 79880629. Sesión 2  Transporte BOG Origen - Aeropuerto | $65.000 Transporte BOG Aeropuerto - Origen;FORMACIÓN A LA MEDIDA;25/05/2026;VIAJES;810.000,00
1300003265;3. Transportes Internos BOG-CTG|Ernesto;PASAJES TERRESTRES;mayo;COP; ERNESTO ABELLO MURILLO CC. 79880629. Sesión 3  Transporte BOG Origen - Aeropuerto | $65.000 Transporte BOG Aeropuerto - Origen;FORMACIÓN A LA MEDIDA;25/05/2026;VIAJES;810.000,00
1300003266;4. Transportes Internos BOG-CTG|Ernesto;PASAJES TERRESTRES;mayo;COP; ERNESTO ABELLO MURILLO CC. 79880629. Sesión 4  Transporte BOG Origen - Aeropuerto | $65.000 Transporte BOG Aeropuerto - Origen;FORMACIÓN A LA MEDIDA;18/06/2026;VIAJES;540.000,00
1300003267;5. Transportes Internos BOG-CTG|Ernesto;PASAJES TERRESTRES;mayo;COP; ERNESTO ABELLO MURILLO CC. 79880629. Sesión 5  Transporte BOG Origen - Aeropuerto | $65.000 Transporte BOG Aeropuerto - Origen;FORMACIÓN A LA MEDIDA;18/06/2026;VIAJES;540.000,00
1300003276;VIATICOS ALEJANDRO BORRERO A PC 20.05;INGRESOS TERCEROS;mayo;COP; VIATICOS PARA ALEJANDRO BORRERO IDENTIFICACO CON CC 16712008, PARA DAR CUMPLIMIENTO A LA MISIÓN COMERCIAL EAN ORINOQUIA DE REL;RECTORÍA;25/05/2026;VIAJES;670.000,00
1300003277;VIATICOS ALEJANDRO RIAÑO A PC 20.05;INGRESOS TERCEROS;mayo;COP; VIATICOS PARA ALEJANDRO RIAÑO IDENTIFICACO CON CC 1073248492, PARA DAR CUMPLIMIENTO A LA MISIÓN COMERCIAL EAN ORINOQUIA DE RE;RECTORÍA;25/05/2026;VIAJES;670.000,00
1300003278;VIATICOS ANA MARIA A PC 20.05;INGRESOS TERCEROS;mayo;COP; VIATICOS PARA ANA MARIA DE LOS ANGELES REY ROJAS IDENTIFICACO CON CC 1018470278, PARA DAR CUMPLIMIENTO A LA MISIÓN COMERCIAL E;RECTORÍA;25/05/2026;VIAJES;670.000,00
1000024027;SPEAKER MOTIVACIONAL;HONORARIOS ASESORIA TECNICA;mayo;COP; SPEAKER INVITADO MOTIVACIONAL EAN EXPERIENCE 23 DE MAYO DAVID CUCAITA;PREGRADO;22/05/2026;SERVICIOS PROFESIO;3.200.000,00
1000024029;PROMOTORES;PROMOCION DIVULGACION;mayo;COP; PROMOTORES BUCARAMANGA FERIA GRUPO SELLO;REGIONES;25/05/2026;SERVICIOS PROFESIO;1.769.292,00
1000024047;Servicios profesionales ocupacionales;HONORARIOS SERVICIO MEDICO;mayo;COP; SERVICIOS PROFESIONALES  DR NATALIA CARDENAS POLANIA, SERVICIOS DE MEDICINA OCAPACIONAL (LEGAL)  AGRADEZCO DEJAR LA SOLPED ABIE;SISTEMA DE GESTIÓN DE LA SEGURIDAD Y SALUD EN EL TRABAJO;22/05/2026;SERVICIOS PROFESIO;725.900,00
1000024049;Taller Plastigami;HONORARIOS GESTION DEL CONOCIMIENTO;mayo;COP; Caso mesa de servicios:81095. Taller Plastigami: Taller orientado a personas interesadas en conocer el proceso de prototipado y;UNIDAD DE DESARROLLO;27/05/2026;SERVICIOS PROFESIO;420.000,00
1000024052;Nuevo Flujo Meli Turno;HONORARIOS ASESORIA TECNICA;mayo;COP; Nuevo Flujo Meli Turno;DIRECCIÓN DE EXPERIENCIA ESTUDIANTIL;22/05/2026;SERVICIOS PROFESIO;5.870.794,00
1000024055;CHEQUEO EJECUTIVO HOMBRE;HONORARIOS SERVICIO MEDICO;mayo;COP; Chaqueo medico ejecutivo hombre Colsubsidio;SISTEMA DE GESTIÓN DE LA SEGURIDAD Y SALUD EN EL TRABAJO;21/05/2026;SERVICIOS PROFESIO;2.661.000,00
1000024061;Validación bolsa de horas EQ may;HONORARIOS ASESORIA TECNICA;mayo;COP; Primera validación de Bolsa de horas: 12.5 horas horas ejecutadas;EAN X PROYECTOS;26/05/2026;SERVICIOS PROFESIO;2.875.000,00
1000024064;TELEPACIFICO;PROMOCION DIVULGACION;mayo;COP; Plan de medios TV REG - Lanzamiento Ean Virtual;GERENCIA DE PROYECCIÓN Y CRECIMIENTO;02/06/2026;SERVICIOS PROFESIO;2.612.150,00
1000024083;CASINO Y RESTAURANTE EVENTO EAN VIRTUAL;COCTEL - ESTACION (CAFE, AROMATICA, AGUA;mayo;COP; ALIMENTOS Y BEBIDAS LANZAMIENTO EVENTO EAN VIRTUAL SUBTOTAL:  $    11.360.000 IMPOCONSUMO :  $ 816.000 IVA:  $  220.400 TOTAL C;MEDIACIONES DIDÁCTICAS;21/05/2026;EVENTOS ;12.396.400,00
1000024090;Stiker 3D con Resina;PREMIOS ESTUDIANTES;mayo;COP; Descripción: Stiker 3D con Resina CANT: 1.500 VR. UNITARIO: $ 1.400 Subtotal: $ 2.100.000 Iva 19%: $ 399.000 VALOR TOTAL: 2.49;MEDIACIONES DIDÁCTICAS;21/05/2026;EVENTOS ;2.499.000,00
1000024070;MTTO Y RECARGA DE EXTINTORES MAYO 2026;SERVICIO MANTO. CONSTRUCCIONES Y EDIFICA;mayo;COP; SERVICIO DE MANTENIMIENTO Y RECARGA DE EXTINTORES SEDES NOGAL, CALLE 74, AV CHILE, MAYO 2026, PROCESO DE COMPRAS CUADRO COMPARA;GESTIÓN DE INFRAESTRUCTURA Y PLANTA FÍSICA;25/05/2026;SRV MTTO INFRAESTR;5.466.860,00
1000024080;SUMIN INSTAL CORTAVIENTOS EN VIDRIO;SERVICIO MANTO. CONSTRUCCIONES Y EDIFICA;mayo;COP; ADECUACIÓN DE CORTAVIENTOS EN VIDRIO EN ÁREA DE CANOPY - PROVEEDOR: SECURITY WINDOWS -  VALOR: $5'199.110;GESTIÓN DE INFRAESTRUCTURA Y PLANTA FÍSICA;28/05/2026;SRV MTTO INFRAESTR;5.199.110,00
1000024082;INSTALACION TAPETE BODEGA SOTANO 2;SERVICIO MANTO. CONSTRUCCIONES Y EDIFICA;mayo;COP; SERVICIO INSTALACION DE TAPETE BODEGA SOTANO 2, PROVEEDOR: RCA, VALOR: $423.909, CASO:80918;GESTIÓN DE INFRAESTRUCTURA Y PLANTA FÍSICA;28/05/2026;SRV MTTO INFRAESTR;423.909,00
1000024009;PENDON;PROMOCION DIVULGACION;mayo;COP; PENDON PARA EDUCACION CONTINUA KATODE PENDÓN TIPO ARAÑA - TIPO DE LUJO. Dimensiones: 100 cm x 200 cm. Impresión digital sobr;EDUCACIÓN CONTINUADA COMERCIAL;22/05/2026;INSTITUCIONALES ;278.541,00
1000024058;PENDON;PROMOCION DIVULGACION;mayo;COP; PENDON Congreso Internacional de Hospitales y Clínicas  PENDÓN EN EL AUDITORIO 1mt de ancho X 3 mt de largo, para colga;PREGRADO;02/06/2026;INSTITUCIONALES ;3.570.000,00
1000024081;PHOTO BOOT;PROMOCION DIVULGACION;mayo;COP; PHOTO BOOT Nuestros IA Booth revolucionan las Foto Cabinas en eventos con su tecnología de edición avanzada. Podemos personal;EDUCACIÓN CONTINUADA COMERCIAL;22/05/2026;INSTITUCIONALES ;1.725.500,00
1000024056;Escarapelas lanzamiento Ean Virtual;COMPRA CÓDIGOS DE ACCESO A LOS LIBROS MA;mayo;COP; Escarapelas lanzamiento Ean Virtual;PUBLICIDAD;22/05/2026;IMPRESOS ;1.677.662,00
1000024008;ALIMENTOS;GASTOS DE REPRESENTACION;mayo;COP; CONCILIACION TC GASTO DE REPRESENTACION LA REGIONAL;DIRECCIÓN DE EXTENSIÓN COMERCIAL;25/05/2026;ALIMENTACION Y REF;220.518,00
1000024092;ROLLO CINTA DEMARCACIÓN NO PASE;;mayo;COP; PROYECTO CALLE 72 SERVICIOS DE ELEMENTOS DE FERRETERIA AFC SAS PARA USO EN LA OBRA HUMANISE 10600801 5111900007 10200167;GESTIÓN DE INFRAESTRUCTURA Y PLANTA FÍSICA;22/05/2026;ASEO Y CAFETERIA ;779.688,00
1000024037;"CMS EMPACK NYLON (BARRAS) DE 2"" (50 mm)";;mayo;COP; Insumos y elementos de ferretería Proveedor: Química Vital SAS BP: 1000356047  Entrega: Sede Calle 74 # 9-49;LABORATORIOS DE INGENIERÍA;03/06/2026;ELEM. LABORATORIO ;2.377.620,00
1000024038;MANTENIMIENTO CORRECTIVO MICROSCOPIO OPT;MANTENIMIENTO MAQUINARIA Y EQUIPO;mayo;COP; Mantenimiento microscopio Proveedor: Dimssa SAS BP: 1000275067;LABORATORIOS DE INGENIERÍA;03/06/2026;ELEM. LABORATORIO ;309.400,00
1000024067;XIAOMI 33W POWER BANK 20000MAH FAST CHAR;;mayo;COP; Caso mesa de servicios: 80846. Compra proyecto de investigación Diseño de un entrenamiento cognitivo para promover conductas;DIRECCIÓN DE INVESTIGACIONES;25/05/2026;ELEM. LABORATORIO ;238.000,00
1000024069;Kinect v2 Examples with MS-SDK;LICENCIAS Y SOFTWARE;mayo;USD; Proveedor: UNITY ASSET STORE. BP: 1000293548 Compra: Licencia de software adquirida en Unity Asset Store para desarrollo e inte;UNIDAD DE DESARROLLO;04/06/2026;LICENCIAS Y SUBSCR;25
1300003228;Reserva UNIEAN9-1 / Clarita Bustamante;ALOJAMIENTO;mayo;COP; Zeppelin Alojamiento Reserva UNIEAN9-1 Hotel Metropolitano Neiva Clarita Bustamante 10 de junio;DIRECCIÓN DE EXTENSIÓN COMERCIAL;17/06/2026;VIAJES;203.561,00
1300003235;Tiquetes para viaje Fisu ASCUN baloncest;ACTIV CULTURALES CIVICAS Y DEPORTIVAS;mayo;COP; Viaje a juegos universitarios nacionales fisu ASCUN Baloncesto 3x32026-1, desde el 24 de mayo al 29 de mayo donde viajaran doce;BIENESTAR UNIVERSITARIO;28/05/2026;VIAJES;9.472.300,00
1000024007;Revisión Carbono Neutro;HONORARIOS ASESORIA TECNICA;mayo;COP; Servicios profesionales con la revisión del inventario de gases de efecto invernadero y otras actividades contempladas en la p;GESTIÓN DE CALIDAD Y DE LOS PROCESOS;25/05/2026;SERVICIOS PROFESIO;5.000.000,00
1000024036;Diseño ydiagramación de las s;HONORARIOS GESTION DEL CONOCIMIENTO;mayo;COP; Proveedor: Juan Carlos Vera Actividad: Diseñador Gráfico RUT: 79.769.073-6 BP: 1000350207  Servicio profesional: Diseño y di;PUBLICACIONES CIENTIFICAS Y DOCENTES;25/05/2026;SERVICIOS PROFESIO;690.000,00
1000024066;TUTUNKA EN MDF EAN;PROMOCION DIVULGACION;mayo;COP; Materiales y juegos psicopedagógicos, adaptados con temáticas colombianas, sugeríamos el proveedor Turmequé, el cual cuenta;PERMANENCIA ESTUDIANTIL;22/05/2026;SERVICIOS PROFESIO;156.750,00
1000024091;Taller píxeles a curvas;HONORARIOS GESTION DEL CONOCIMIENTO;mayo;COP; Caso mesa de servicios:81096. Taller de píxeles a curvas: Taller orientado a personas interesadas en desarrollar archivos para;UNIDAD DE DESARROLLO;27/05/2026;SERVICIOS PROFESIO;300.000,00
1000024039;KIT ANTENA STARLINK POPAYAN;SERVICIO INTERNET;mayo;COP; COMPRA KIT STARLINK Supervisor: Henry Diaz Proveedor: Alkosto Valor de la compra: COP $800.000 IVA incluido Forma de pago: Tarj;EXPERIENCIA DE USUARIO;26/05/2026;HARDWARE ;800.000,00
1000024086;Transporte;TRANSPORTE FLETES ACARREOS;mayo;COP;   COTIZACIÓN DE LA FOCACCIA GOURMET A UNIVERSIDAD EAN  COTIZACION PREFACTURA No. 853 Bogotá, D.C., mayo 21 de 2026  Señores,;CONTRATACIÓN PÚBLICA;25/05/2026;TRANSPORTE ;5.131.400,00
1000024096;FINCOVAL COMISION ABRIL 2026;HONORARIOS;mayo;COP; FINCOVAL S.A.S. Comisión Gestion cobro Abril 2026;DIRECCIÓN DE RECURSOS FINANCIEROS;25/05/2026;OUTSOURCING ;1.048.809,00
1000024097;RECOBRAR COLOMBIA;HONORARIOS;mayo;COP;" RECOBRAR COLOMBIA SAS ""ABONO $350.000 22/ABRIL/2026.DEUDOR:ALVARO AUGUSTO CASTRO SILVA""";DIRECCIÓN DE RECURSOS FINANCIEROS;26/05/2026;OUTSOURCING ;49.980,00
1000024098;FINCOVAL COMISION ABRIL 2026;HONORARIOS;mayo;COP; FINCOVAL S.A.S. Gestión Cobro Abril 2026;DIRECCIÓN DE RECURSOS FINANCIEROS;26/05/2026;OUTSOURCING ;3.304.003,00
1000024059;INTEGRACIÓN DOCENTES;COCTEL - ESTACION (CAFE, AROMATICA, AGUA;mayo;COP; Evento corporativo integración docentes;PROTOCOLO Y GESTIÓN DE EVENTOS INTERNOS;01/06/2026;ALIMENTACION Y REF;19.955.250,00
1000024071;PANELA EN SOBRES *100;;mayo;COP; COMERCIALIZADORA ESAN PRODUCTOS DE INSUMOS PARA ASEO Y CAFETERÍA PROYECTO HUMANISE DIRECCIÓN DE ENTREGA CALLE 71 # 9 84 CARGA;GESTIÓN DE INFRAESTRUCTURA Y PLANTA FÍSICA;22/05/2026;ASEO Y CAFETERIA ;1.496.484,00
1000024085;"PANTALLA LCD DE 55""";ALQUILER EQUIPO AUDIOVISUAL;mayo;COP;" CLIENTE: UNIVERSIDAD EAN DE COLOMBIA CIUDAD: BOGOTA ""DIRECTOR GENERAL"" JULIO VEGA NIT 860.026.058-1 LOCACIÓN EAN PROYECTO: FER";CONTRATACIÓN PÚBLICA;28/05/2026;ARRENDAMIEN Y ALQU;25.252.395,00
1000024087;Matas altas x 10;SERVICIO ACCESORIOS Y ELEMEN DECORATIVOS;mayo;COP; SEÑORES: UNIVERSIDAD EAN Ciudad REF. Fecha. 25 de mayo de 2026 Locación. Aulas EAN Pax. PD Respetados Señores: A continuaci;CONTRATACIÓN PÚBLICA;26/05/2026;ARRENDAMIEN Y ALQU;3.057.210,00
1000024094;Obsequitos Onboarding 2026;OBSEQUIOS;mayo;COP; Obsequios Onboarding 2026 Valor total: $9.271.641;EVALUACIÓN Y DESARROLLO INTEGRAL;29/05/2026;PAPELERÍA ;9.271.640,00
1000024100;TYPEFORM;TRAMITES LICENCIAS;mayo;USD; PLATAFORMA TYPEFORM;CONSULTORIA PRIVADA;25/05/2026;LICENCIAS Y SUBSCR;1.717,21
1000024084;Yudy Gutierrez- Diseño piezas;HONORARIOS ASESORIA TECNICA;mayo;COP; Yudy Esmith Gutierrez Peña EXPRESIÓN CON ESTILO  Servicios de diseño gráfico Desarollo de 20 piezas digitales para Cluster;GESTIÓN DE COMUNICACIONES Y PUBLICIDAD;22/05/2026;SERVICIOS PROFESIO;3.500.000,00
1000024093;taller Trama y Urdimbre Carolina;HONORARIOS;mayo;COP; Desarrollo de charla - taller Trama y Urdimbre, realizado el día 21 de mayo del año en curso, a cargo de CAROLINA SIABATTO FE;RECTORÍA;26/05/2026;SERVICIOS PROFESIO;900.000,00
1000024095;SERVICIO DE MAILING MASIVO;PROMOCION DIVULGACION;mayo;COP; Se realizará la contratación del proveedor de correos masivos con el objetivo de enviar comunicaciones a la comunidad EANISTA;EAN IMPACTA;26/05/2026;SERVICIOS PROFESIO;1.904.000,00
1300003254;Fee bancario - Reserva AAGTTQR;PASAJES AEREOS;mayo;COP; Zeppelin Tiquetes Reserva AAGTTQR - Ajuste Fee bancario Neiva;GERENCIA DE PROYECCIÓN Y CRECIMIENTO;28/05/2026;VIAJES;3.425.030,00
1000024110;RETIRO Y DISPOSICION DE ESCOMBROS RCA;SERVICIO MANTO. CONSTRUCCIONES Y EDIFICA;mayo;COP; SERVICIO DE RETIRO Y DISPOSICION DE ESCOMBROS DE BODEGA SOTANO 1 FUNDADORES, PROVEEDOR: RCA, VALOR: $2.463.255, CASO:;GESTIÓN DE INFRAESTRUCTURA Y PLANTA FÍSICA;01/06/2026;SRV MTTO INFRAESTR;2.463.255,00
1000024112;SERVI CERRAJERIA P6,P10 Y MUEBLE MADERA;SERVICIO MANTO. CONSTRUCCIONES Y EDIFICA;mayo;COP; SERVICIO SUMINISTRO E INSTALACION DE MANIJON P6 E INSTALACION DE CERRADURA AXULIAR P10, INSTALACION DE CERRADURAS MUEBLE MADERA;GESTIÓN DE INFRAESTRUCTURA Y PLANTA FÍSICA;03/06/2026;SRV MTTO INFRAESTR;1.261.400,00
1000024114;CORREC MICROSWITCH FINAL DE CARRERA ASC2;MANTENIMIENTO MAQUINARIA Y EQUIPO;mayo;COP; SERVICIO DE MANTENIMIENTO CORRECTIVO MICROSWITCH FINAL DE CARRERA ASC 2 Y ASC 4 FUNDADORES, PROVEEDOR: SCHINDLER, VALOR: $986.4;GESTIÓN DE INFRAESTRUCTURA Y PLANTA FÍSICA;01/06/2026;SRV MTTO INFRAESTR;986.438,00
1000024116;SERV MTTO PREV SISTEMA CCTV CALLE 74;MANTENIMIENTO MAQUINARIA Y EQUIPO;mayo;COP; SERVICIO DE MANTENIMIENTO PREVENTIVO SISTEMA CCTV SEDE CALLE 74, PROVEEDOR: COLVISEG, VALOR: $1.161.608, CASO:81038;GESTIÓN DE INFRAESTRUCTURA Y PLANTA FÍSICA;01/06/2026;SRV MTTO INFRAESTR;1.161.608,00
1000024117;INSTALACION DE ALFOMBRA L914;SERVICIO MANTO. CONSTRUCCIONES Y EDIFICA;mayo;COP; SERVICIO DE INSTALACION DE ALFMBRA EN AULA L914, PROVEEDOR: EXPOPISOS, VALOR: $1.441.454, CASO:81039;GESTIÓN DE INFRAESTRUCTURA Y PLANTA FÍSICA;01/06/2026;SRV MTTO INFRAESTR;1.441.454,00
1000024118;SERV ADECUCAION Y MONTAJE DUCTO PIRALU P;MANTENIMIENTO MAQUINARIA Y EQUIPO;mayo;COP; SERVICIO DE ADECUACION Y MONTAJE DE DUCTO PIRALU PARA COCINA PISO RECTORIA LEGACY, PROVEEDOR: CLIMANTE, VALOR: $2.247.683, CASO;GESTIÓN DE INFRAESTRUCTURA Y PLANTA FÍSICA;01/06/2026;SRV MTTO INFRAESTR;2.247.683,00
1000024121;EQUIPOS DE INTERPRETE 14 DE MAYO;SERVICIOS PARA EVENTOS;mayo;COP; SOLICITUD ADICIONALES DE TRADUCCIÓN SIMULTANEA EN FRANCES PARA EVENTO QS Quacquarelli Symonds  - PROVEEDOR LINGUAVIVA;GESTIÓN COMERCIAL EVENTOS EXTERNOS;27/05/2026;ACTIVOS Y/O EQUIPO;178.500,00
1000024130;SERVICIO DE TRANSPORTE MIEMBROS SALA GEN;PASAJES TERRESTRES;mayo;COP; CUENTA DE COBRO 73 POR CONCEPTO SERVICIO DE TRANSPORTE MIEMBROS SALA GENERAL MES DE MAYO.;SALA GENERAL;26/05/2026;TRANSPORTE ;4.478.000,00
1000024119;TOMA SENCILLA BLANCA PATA TRABAJDA 20 AM;;mayo;COP; SUMINISTRO DE TOMAS Y CLAVIJAS MIRADA CHINA ,PROVEEDOR: ELECTRODO LA 18, VALOR: $845.441, CASO:81047;GESTIÓN DE INFRAESTRUCTURA Y PLANTA FÍSICA;01/06/2026;ELEM. FERRETERIA C;863.583,00
1000024089;HUMANISE;IMPRESOS PUBLICACIONES;mayo;COP; Creación caso mesa de servicios:81100. Impresión del libro HUMANISE, formato 13x20 cm cerrado y 26x20 cm abierto, 496 página;PUBLICACIONES CIENTIFICAS Y DOCENTES;27/05/2026;IMPRESOS ;34.168.680,00
1000024072;REFRIGERIOS;ALIMENTOS (DESAYU-REFRIG-ALMUERZO);mayo;COP; COMPRA DE REFRIGERIOS PARA EQUIPO DE BAILE BUREO PARA GRADOS COLECTIVOS DE MAYO 27, 28 Y 29 DE 2026. PROVEEDOR: LA FOCACCIA;PROTOCOLO Y GESTIÓN DE EVENTOS INTERNOS;01/06/2026;ALIMENTACION Y REF;548.960,00
1000024073;Barra de sodas;ALIMENTOS (DESAYU-REFRIG-ALMUERZO);mayo;COP; SOLICITUD DE SERVICIO DE BEBIDAS ENVENTO CUARTA TEMPORADA PETROVERSO PROVEEDOR GRUPO PROMO.;GESTIÓN COMERCIAL EVENTOS EXTERNOS;26/05/2026;ALIMENTACION Y REF;174.960,00
1000024075;Barra de sodas;ALIMENTOS (DESAYU-REFRIG-ALMUERZO);mayo;COP; SOLICITUD DE SERVICIO DE BEBIDAS ENVENTO LEON PRODUCCIONES  PROVEEDOR GRUPO PROMO.;GESTIÓN COMERCIAL EVENTOS EXTERNOS;27/05/2026;ALIMENTACION Y REF;174.960,00
1000024088;ALMUERZOS THE WINE STORE;ALIMENTOS (DESAYU-REFRIG-ALMUERZO);mayo;COP; 10 almuerzos Motivo: Almuerzo socios Xposible Valor total: 3.748.500 IVA INCLUIDO Proveedor: The Wine Store;RECTORÍA;29/05/2026;ALIMENTACION Y REF;3.748.500,00
1000024115;Coffe Break;ALIMENTOS (DESAYU-REFRIG-ALMUERZO);mayo;COP; SERVICIO DE ALIMENTOS Y BEBIDAS EVENTO ANDI. PROVEEDOR GRUPO RPOMO;GESTIÓN COMERCIAL EVENTOS EXTERNOS;26/05/2026;ALIMENTACION Y REF;6.397.250,00
1000024074;AUDIOVISUAL;SERVICIOS PARA EVENTOS;mayo;COP; SOLICITUD DE SERVICIO DE STAGE HAND Y CAMAROGRAFOS PARA CUARTA SECION PETROVERSO  PROVEEDOR NEXTPRO.;GESTIÓN COMERCIAL EVENTOS EXTERNOS;27/05/2026;SERVICIOS PROFESIO;892.500,00
1000024076;APOYO EVENTO;SERVICIOS PARA EVENTOS;mayo;COP; SOLICITUD DE SERVICIO DE PERSONAL LOGISTICO Y BRIGADISTAS PARA EVENTO LEON PRODUCCIONES . PROVEEDOR ADVANTAGE;GESTIÓN COMERCIAL EVENTOS EXTERNOS;27/05/2026;SERVICIOS PROFESIO;2.564.450,00
1000024099;Camisas RAI;PROMOCION DIVULGACION;mayo;COP; Camisas RAI Promoción y divulgación del proceso de acreditación institucional de alta calidad;OFICINA DE PROYECTOS PMO;26/05/2026;SERVICIOS PROFESIO;3.927.000,00
1000024111;Operador de dispositivos de audio y vide;SERVICIOS PARA EVENTOS;mayo;COP; SOLICITUD DE SERVICIO DE CAMAROGRAFOS PARA EVENTO ANDI   PROVEEDOR CAMILO PINZON .;GESTIÓN COMERCIAL EVENTOS EXTERNOS;26/05/2026;SERVICIOS PROFESIO;570.000,00
1000024113;APOYO EVENTO;SERVICIOS PARA EVENTOS;mayo;COP; SOLICITUD DE SERVICIO DE PERSONAL LOGISTICO Y BRIGADISTAS PARA EVENTO ANDI. PROVEEDOR ADVANTAGE;GESTIÓN COMERCIAL EVENTOS EXTERNOS;26/05/2026;SERVICIOS PROFESIO;918.680,00
1000024120;APOYO EVENTO;SERVICIOS PARA EVENTOS;mayo;COP; SOLICITUD DE PERSONAL DE LOGISTICA PARA TERCERA TEMPORADA PETROVERSO.                 PROVEEDOR ADVANTAGE.;GESTIÓN COMERCIAL EVENTOS EXTERNOS;03/06/2026;SERVICIOS PROFESIO;2.964.290,00
1000024131;HONORARIOS ALEJA OTERO EQUILAB;INGRESOS TERCEROS;mayo;COP; PAGO CUENTA DE COBRO ALEJA OTERO - SERVICIOS PROFESIONALES EQUILAB VALOR:5.000.000;RECTORÍA;01/06/2026;SERVICIOS PROFESIO;5.000.000,00
1000024132;HONORARIOS ALEJA OTERO ESTUDIO PUERTO CA;INGRESOS TERCEROS;mayo;COP; HONORARIOS ALEJANDRA OTERO ESTUDIO PUERTO CARREÑO VALOR:10.000.000;RECTORÍA;27/05/2026;SERVICIOS PROFESIO;10.000.000,00
1000024078;DESHUMIDIFICADOR 22/30 PINTAS WIFI BLANC;;mayo;COP; SUMINISTRO DE 3 DESHUMIFICACORES PARA EL CONTROL DE HUMEDAD DE LAS BODEGAS PARA EL ALMACENAMIENTO DE LIBROS DE LA BIBLIOTECA Y;GESTIÓN DE INFRAESTRUCTURA Y PLANTA FÍSICA;01/06/2026;SRV MTTO INFRAESTR;9.174.900,00
1000024124;SUMINISTRO Y SIEMBRA PLANTAS PISO 1, 5 Y;SERVICIO MANTO. CONSTRUCCIONES Y EDIFICA;mayo;COP; SUMINISTRO Y SIMBRA DE PLANTAS EN OFICINAS DOCENTES PISO 5, OFICINA SALA GENERA, RECEPCION Y GALERIA CAMPUS NOGAL;GESTIÓN DE INFRAESTRUCTURA Y PLANTA FÍSICA;01/06/2026;SRV MTTO INFRAESTR;2.900.000,00
1000024101;CAMAROGRAFOS;ALQUILER EQUIPO AUDIOVISUAL;mayo;COP; SERVICIO DE CAMAROGRAFO PARA GRADOS COLECTIVOS LOS DIAS 27,28 Y 29 DE MAYO DE 2026 PROVEEDOR:CAMILO PINZON;PROTOCOLO Y GESTIÓN DE EVENTOS INTERNOS;27/05/2026;ACTIVOS Y/O EQUIPO;4.380.000,00
1000024133;RADIO MOTOROLA DTR 720 ANTENA -CARGADOR;;mayo;COP; PROYECTO CALLE 72-PROVEXPRESS OBJETO:COMPRA RADIOS MOTOROLA DTR 720 BATERIA-CARGADOR VALOR TOTAL $6.538.461 DIRECCIÓN ENTREGA;GESTIÓN DE INFRAESTRUCTURA Y PLANTA FÍSICA;28/05/2026;ACTIVOS Y/O EQUIPO;6.538.460,00
1000024134;EDTECH ABRIL 2026;HONORARIOS;mayo;COP; EDTECH SOLUCIONES DE COLOMBIA SAS 13 solicitudes realizadas en el mes de Abril 2026  c/u 42.490,20;DIRECCIÓN DE RECURSOS FINANCIEROS;03/06/2026;OUTSOURCING ;552.373,00
1000024125;BUZOS PARA EQUIPO DE BIENESTAR;;mayo;COP; SOLICITUD DE CASOS  Actividad:  Buzos para Ean a tu lado  Descripción:   Compra de 92 buzos para el equipo de Ean A u lado  Lu;BIENESTAR UNIVERSITARIO;27/05/2026;DOTACIÓN Y ELEM. D;9.743.720,00
1000024079;¿IA en la auditoría administra Joven O E;;mayo;COP; Compra de libros impresos para la Biblioteca relacionados en el acta 003 2026 por parte del proveedor Ediciones de la U Contact;BIBLIOTECA;01/06/2026;LIBROS ;1.064.800,00
1000024077;Barra de sodas;ALIMENTOS (DESAYU-REFRIG-ALMUERZO);mayo;COP; SOLICITUD DE SERVICIO DE BEBIDAS ENVENTO GUAYACAN  PROVEEDOR GRUPO PROMO.;GESTIÓN COMERCIAL EVENTOS EXTERNOS;29/05/2026;ALIMENTACION Y REF;151.200,00
1000024105;Menaje y cristaleria;ALIMENTOS (DESAYU-REFRIG-ALMUERZO);mayo;COP; ADICIONALES DE ALIMENTOS Y BEBIDAS EVENTO BIME. PROVEEDOR GRUPO RPOMO;GESTIÓN COMERCIAL EVENTOS EXTERNOS;03/06/2026;ALIMENTACION Y REF;4.474.503,00
1000024127;Estacion permanente de café con galletas;ALIMENTOS (DESAYU-REFRIG-ALMUERZO);mayo;COP; SERVICIO DE ALIMENTOS Y BEBIDAS EVENTO BANCO INTERAMERICANO 2026  PROVEEDOR GRUPO RPOMO;GESTIÓN COMERCIAL EVENTOS EXTERNOS;01/06/2026;ALIMENTACION Y REF;4.027.000,00
1300003268;Tiquete Nacional BOGMDEMDEBOG;INGRESOS TERCEROS;mayo;COP; TIQUETE NACIONAL 2282854610 BOGMDEMDEBOG. ANA KATHERINE DIAZ DURAN.;DIRECCIÓN DE INVESTIGACIONES;28/05/2026;VIAJES;1.207.205,00
1300003269;Tiquete Nacional BOGMDEMDEBOG;INGRESOS TERCEROS;mayo;COP; TIQUETE NACIONAL 2282855236 BOGMDEMDEBOG. ELIZABETH LEON VELASQUEZ.;DIRECCIÓN DE INVESTIGACIONES;28/05/2026;VIAJES;1.775.618,00
1300003279;VIATICOS SUJAAN A PC 26.05;PASAJES TERRESTRES;mayo;COP; VIATICOS PARA SUJAAN ADRIANA URIBE IDENTIFICACO CON CC 52.718.740, PARA DAR CUMPLIMIENTO A LA MISIÓN COMERCIAL EAN ORINOQUIA D;RECTORÍA;27/05/2026;VIAJES;130.000,00
1300003280;Tiquete Nacional BOGMDEMDEBOG;INGRESOS TERCEROS;mayo;COP; TIQUETE NACIONAL 2282855237 BOGMDEMDEBOG. SANDRA DEL PILAR FORERO.;DIRECCIÓN DE INVESTIGACIONES;28/05/2026;VIAJES;1.775.618,00
1300003281;HOTEL NACIONAL;INGRESOS TERCEROS;mayo;COP; HOTEL NACIONAL RN.RN. MG HOTELS <(>&<)> SUITES LLANOGRANDE, 21/04/2026 - 23/04/2026. ANA KATHERIN DIAZ DURAN.;DIRECCIÓN DE INVESTIGACIONES;28/05/2026;VIAJES;940.947,00
1000024122;SERV.VIGILANCIA GRADOS;VIGILANCIA;mayo;COP; SERVICIO VIGILANCIA APOYO GRADOS COLECTIVOS MAYO 27 AL 29;GESTIÓN DE INFRAESTRUCTURA Y PLANTA FÍSICA;29/05/2026;SERVICIOS PROFESIO;1.526.082,00
1000024123;SERV.VIGILANCIA EVENTO  DIALECTICA 25.05;VIGILANCIA;mayo;COP; SERVICIO APOYO VIGILANCIA EVENTO DIALECTICA 25.05.2026;GESTIÓN DE INFRAESTRUCTURA Y PLANTA FÍSICA;29/05/2026;SERVICIOS PROFESIO;93.540,00
1000024126;Operador de dispositivos de audio y vide;SERVICIOS PARA EVENTOS;mayo;COP; SOLICITUD DE SERVICIO DE CAMAROGRAFOS PARA EVENTO BANCO INTERAMERICANO 2026   PROVEEDOR CAMILO PINZON .;GESTIÓN COMERCIAL EVENTOS EXTERNOS;28/05/2026;SERVICIOS PROFESIO;1.010.000,00
1400015740;Servicios Lopez y Asociados;HONORARIOS ASESORIA JURIDICA;mayo;COP;  Creacion de servicios de lopez y Asociados (Honorarios asesorica tecnica juridica)año jun 2026 a Dic 2026, por favor dejar el;CONTRATACIÓN Y NOMINA;02/06/2026;SERVICIOS PROFESIO;47.158.290,00
1000024156;PENDON EAN EXPERIENCE;PROMOCION DIVULGACION;mayo;COP; PENDON EAN EXPERIENCE;POSGRADO;28/05/2026;INSTITUCIONALES ;278.541,00
1000024107;PAPELERA 10 LITROS NEGRA;;mayo;COP; SUMINISTRO MATERIALES DE FERRETERIA MES MAYO COT 2955 PARA TALLER DE MANTENIMIENTO, PROVEEDOR: FERRETERIA LA 73, VALOR: $4.109.;GESTIÓN DE INFRAESTRUCTURA Y PLANTA FÍSICA;01/06/2026;ELEM. FERRETERIA C;4.109.136,00
1000024128;REFRIGERIOS ENEL CURSOS [FOCACCIA];ALIMENTOS (DESAYU-REFRIG-ALMUERZO);mayo;COP; COTIZACIÓN DE LA FOCACCIA GOURMET Beatriz Cavelier La Focaccia Gourmet NIT 51.739.006 -2 Tels: 315- 893 9399  UNIVERSIDAD EAN;FORMACIÓN A LA MEDIDA;01/06/2026;ALIMENTACION Y REF;3.381.900,00
1000024129;80 refrigerios - SODIMAC;ALIMENTOS (DESAYU-REFRIG-ALMUERZO);mayo;COP; ALTERNATIVA No. 2: CON REFRIGERIOS BOTELLITA VIDRIO 80 refrigerios X $ 14.500 = $ 1.160.000 Subtotal = $ 1.160.000 Impoconsumo;FORMACIÓN A LA MEDIDA;01/06/2026;ALIMENTACION Y REF;1.352.800,00
1000024135;ESTACIÓN CAFÉ_GALLETAS PEPSICO;ALIMENTOS (DESAYU-REFRIG-ALMUERZO);mayo;COP; COTIZACIÓN REFRESHMENT -(+57) 3004895998 refreshment20@gmail.com 20 cajas de galletas de la casa Costo: 250.000 und $12.500 Co;FORMACIÓN A LA MEDIDA;02/06/2026;ALIMENTACION Y REF;250.000,00
1000024136;INSTACREM X 100;ALIMENTOS (DESAYU-REFRIG-ALMUERZO);mayo;COP; NIT : 900. 585. 886 - 3 - Comercializadora Esan SAS CARRERA 20 11 59 INSTACREM *100 SOBRES VALOR TOTAL 26.775;FORMACIÓN A LA MEDIDA;01/06/2026;ALIMENTACION Y REF;26.775,00
1000024138;Refrigerios para reunión Ean a tu lado;ALIMENTOS (DESAYU-REFRIG-ALMUERZO);mayo;COP; SOLICITUD DE CASOS  Actividad:  Refrigerios para reunión de la Gerencia de vida universitaria con Ean a tu lado  Descripción:;BIENESTAR UNIVERSITARIO;01/06/2026;ALIMENTACION Y REF;605.000,00
1000024152;REFRIGERIO;COCTEL - ESTACION (CAFE, AROMATICA, AGUA;mayo;COP; REFRIGERIOS ADICIONALES EAN EXPERIENCE;PREGRADO;01/06/2026;ALIMENTACION Y REF;5.461.960,00
1000024155;REFRIGERIO;COCTEL - ESTACION (CAFE, AROMATICA, AGUA;mayo;COP; REFRIGERIO MESA DE TRABAJO 27 DE ABRIL FENALCO GRUPO PROMO;DIRECCIÓN DE EXTENSIÓN COMERCIAL;27/05/2026;ALIMENTACION Y REF;174.960,00
1000024139;ALQUILER DE SILLAS ALTAS;ALQUILER EQUIPOS Y HERRAMIENTAS;mayo;COP;"  CLIENTE: UNIVERSIDAD EAN DE COLOMBIA CIUDAD: BOGOTA ""DIRECTOR GENERAL"" JULIO VEGA NIT 860.026.058-1 LOCACIÓN EAN PROYECTO: FE";CONTRATACIÓN PÚBLICA;29/05/2026;ARRENDAMIEN Y ALQU;2.249.100,00
1000024153;POLIZA DIPLOMADO G1;CUMPLIMIENTO;mayo;COP; POLIZAS EXTENSION-DIPLOMADOS SEGUROS BOLIVAR;DIRECCIÓN DE EXTENSIÓN COMERCIAL;29/05/2026;SEGUROS;249.900,00
1000024154;POLIZA DIPLOMADO METODOLOGIAS AGILES;CUMPLIMIENTO;mayo;COP; POLIZA DIPLOMADO DE METODOLOGIAS AGILES SEGUROS BOLIVAR;DIRECCIÓN DE EXTENSIÓN COMERCIAL;02/06/2026;SEGUROS;83.300,00
1300003255;Manutención_Clarita Bustamante;MANUTENCION;mayo;COP; Gastos de viaje Clarita Bustamante Neiva - 11 de junio;GERENCIA DE PROYECCIÓN Y CRECIMIENTO;28/05/2026;VIAJES;270.000,00
1300003290;MANUTENCION BARRANQUILLA;MANUTENCION;mayo;COP; VIATICOS ANDRES OTALORA VIAJE ALCALDIA DE BARRANQUILLA;RECTORÍA;28/05/2026;VIAJES;375.000,00
1000024137;Maesro de ceremonia para el cierre de fi;ACTIV CULTURALES CIVICAS Y DEPORTIVAS;mayo;COP; SOLICITUD DE CASOS Actividad: Concierto cierre de Orquesta Filarmónica Cecilia Crissien Descripción: Maestro de ceremonia par;BIENESTAR UNIVERSITARIO;28/05/2026;SERVICIOS PROFESIO;750.000,00
1000024150;SERV.VIGILANCIA EVENTO EAN 23.05.2026;VIGILANCIA;mayo;COP; SERVICIO VIGILANCIA APOYO EVENTO EAN 23.05.2026;GESTIÓN DE INFRAESTRUCTURA Y PLANTA FÍSICA;01/06/2026;SERVICIOS PROFESIO;70.568,00
1000024160;MEMBRESIA DEEPTECH COLOMBIA;INSCRIPCION EVENTOS NACIONAL - INTERNACI;mayo;COP; COMPRA DE MEMBRESIA DEEPTECH COLOMBIA POR UN VALOR TOTAL DE $7.504.140 SUMANDO 4 SOLPED'S 1000024160, 1000024161, 1000024290 y;SOSTENIBILIDAD;19/06/2026;SERVICIOS PROFESIO;7.504.139,00
1000024161;MEMBRESIA DEEPTECH COLOMBIA;TRAMITES LICENCIAS;mayo;COP; COMPRA DE MEMBRESIA DEEPTECH COLOMBIA POR UN VALOR TOTAL DE $7.504.140 SUMANDO 4 SOLPED'S 1000024160, 1000024161, 1000024290 y;SOSTENIBILIDAD;19/06/2026;SERVICIOS PROFESIO;7.504.139,00
1000024190;PlaceToplay 2026 Evertec;TRAMITES LICENCIAS;mayo;COP; Se renueva contrato con Evertec hasta el 31 de enero del 2027. Dejar orden de compra abierta para pagos mensuales.;EAN X PROYECTOS;12/06/2026;SOFTWARE ;1.765.008,00
1000024142;TRANSPORTE;TRANSPORTE FLETES ACARREOS;mayo;COP; ADICIONAL SERVICIO DE ALQUILER DE MANTELES PARA EVENTOLATAM PARTNER SUMMIT HUBSPOT . ABC TARIMAS <(>&<)> CARPAS SAS;GESTIÓN COMERCIAL EVENTOS EXTERNOS;01/06/2026;TRANSPORTE ;1.291.150,00
1000024171;IMPRESION BIOGRAFIA FUNDADOR;IMPRESOS PUBLICACIONES;mayo;COP; SEGUN Cotizacion 0042619 LIBRO BIOGRAFIA DR. CARLOS RAMIREZ CARDONA Tapa dura en carton de 2 mm – cosido hilo 16x24 cms cerra;SALA GENERAL;24/06/2026;IMPRESOS ;9.430.000,00
1000024177;CINTA;IMPRESOS PUBLICACIONES;mayo;COP;  cinta de CORTE evento Ecosistema IA proveedor katode;COMUNICACIÓN INTERNA;29/05/2026;IMPRESOS ;147.971,00
1000024108;ALMUERZO BIOECONOMIA;ALIMENTOS (DESAYU-REFRIG-ALMUERZO);mayo;COP; ALMUERZO PARA 8 PERSONAS ENCUENTRO DE BIOECONOMIA PROVEEDOR: THE WINE STORE VALOR: 3.284.400 IVA INCLUIDO;RECTORÍA;03/06/2026;ALIMENTACION Y REF;3.284.400,00
1000024157;ATENCION DIRECTOR COMERCIAL LENOVO;ALIMENTOS (DESAYU-REFRIG-ALMUERZO);mayo;COP; ANTICIPO ATENCIÓN VISITA DIRECTOR COMERCIAL LENOVO;GERENCIA GENERAL;28/05/2026;ALIMENTACION Y REF;350.000,00
1000024159;Refrigerios para cierre de la filarmonic;ALIMENTOS (DESAYU-REFRIG-ALMUERZO);mayo;COP;    SOLICITUD DE CASOS  Actividad:  Refrigerios para concierto cierre de la orquesta Filarmónica  Descripción:  Compra de 1;BIENESTAR UNIVERSITARIO;29/05/2026;ALIMENTACION Y REF;1.100.000,00
1000024176;BRINDIS COHORTE CERRADA COLPENSIONES;ALIMENTOS (DESAYU-REFRIG-ALMUERZO);mayo;COP; BRINDIS DE GRADO COHORTE CERRADA COLPENSIONES GRUPO PROMO;PREGRADO;01/06/2026;ALIMENTACION Y REF;1.945.450,00
1000024182;CONCILIACION TC;GASTOS DE REPRESENTACION;mayo;COP; CONCILIACION TC GASTO DE REPRESENTACION FOODIE SAS;CONSULTORIA PRIVADA;02/06/2026;ALIMENTACION Y REF;178.401,00
1000024158;Pago - Extensión póliza CTO 034 - 2024;SEGUROS  POLIZAS;mayo;COP; Creación caso mesa de servicios: 81294. Extensión póliza CTO 034 - 2024 Proveedor: JMALUCELLI TRAVELERS SEGUROS S.A NIT: NIT;DIRECCIÓN DE INVESTIGACIONES;29/05/2026;SEGUROS;222.513,00
1000024181;POLIZA PROGRAMA DAVIBANK, MARKET;CUMPLIMIENTO;mayo;COP; POLIZA Programa Go To Market, DAVIbank, Compra Despachada SEGUROS DEL ESTADO;DIRECCIÓN DE EXTENSIÓN COMERCIAL;29/05/2026;SEGUROS;83.300,00
1000024172;ALOJAMIENTO MIEMBRO SALA GENERAL;ALOJAMIENTO;mayo;COP; SEGUN FACTURA FECZ80156 ALOJAMIENTO COMISION NEW YORK MAYO 2026 HERNANDO JOSE SALAZAR TINOCO MIEMBRO SALA GENERAL;SALA GENERAL;28/05/2026;VIAJES;2.938.275,00
1000024173;ALOJAMIENTO MIEMBRO SALA GENERAL;ALOJAMIENTO;mayo;COP; SEGUN FACTURA FECZ78594 ALOJAMIENTO COMISIÓN NEW YORK MAYO 2026 MIEMBROS SALA GENERAL DOCTORES: HERBERT PERICO, BILLY CRISSIEN;SALA GENERAL;28/05/2026;VIAJES;15.973.062,00
1000024174;ALOJAMIENTO MIEMBRO SALA GENERAL;ALOJAMIENTO;mayo;COP; SEGUN FACTURA FECZ78591 ALOJAMIENTO COMISION NEW YORK MIEMBRO SALA GENERAL ANDRES RAMIREZ.;SALA GENERAL;28/05/2026;VIAJES;0
1000024175;TIQUETE MIEMBRO SALA GENERAL;PASAJES AEREOS;mayo;COP; SEGUN FACTURA FECZ79698 TIQUETE  COMISION NEW YORK MAYO MEMBRO SALA GENERAL.;SALA GENERAL;28/05/2026;VIAJES;13.327.793,00
1300003256;TARIFA ADMINISTRATIVA;INGRESOS TERCEROS;mayo;COP; TARIFA ADMINISTRATIVA TIQUETE NACIONAL 2283279993 BOGMDEMDEBOG.;DIRECCIÓN DE INVESTIGACIONES;28/05/2026;VIAJES;445.482,00
1300003257;TARIFA ADMINISTRATIVA;INGRESOS TERCEROS;mayo;COP; TARIFA ADMINISTRATIVA TIQUETE NACIONAL 2283280326 BOGMDEMDEBOG.;DIRECCIÓN DE INVESTIGACIONES;28/05/2026;VIAJES;445.482,00
1300003258;ALOJAMIENTO MAERIA FERNANDA ROZO;ALOJAMIENTO;mayo;COP; HOSPEDAJE CALI 6 Y  7 ABRIL MARIA FERNANDA ROZO BRIGITTE BAPTISTE JOSE ALFONSO MORENO;NUEVOS MERCADOS;28/05/2026;VIAJES;1.521.726,00
1300003282;ALOJAMIENTO HOTEL PUEBLO INGA;;mayo;COP; PROYECTO CALLE 72 PAGO HOSPEDAJE EN VISITA AL PUEBLO INGA AL CONTRATISTA SANDRA MERCHAN VALOR $ 532.390 ELEMENTO PEP 10600801 1;GESTIÓN DE INFRAESTRUCTURA Y PLANTA FÍSICA;02/06/2026;VIAJES;532.390,00
1000024109;Payment Method Fees;HONORARIOS;mayo;USD; ONTOP - Membership fees Mayo;SELECCIÓN DEL TALENTO Y CALIDAD DE VIDA;03/06/2026;SERVICIOS PROFESIO;6.439,05
1000024162;diseño presentación 34 dispos personaliz;INGRESOS TERCEROS;mayo;COP; Amablemente solicito la generación de la orden de compra correspondiente al diseño de presentación personalizada de34 diapos;RECTORÍA;09/06/2026;SERVICIOS PROFESIO;1.500.012,00
1000024178;Pago hablame 24318;INGRESOS TERCEROS;mayo;COP; Solicitud Pago Hablable por valor de 24.318;GERENCIA DE INTERNACIONALIZACIÓN Y RELACIONES INSTITUCIONALES;03/06/2026;SERVICIOS PROFESIO;555.330,00
1000024180;ISAAC LUCATERO;HONORARIOS ASESORIA TECNICA;mayo;USD; Profersores internacionales - ONTOP Mayo;VICERRECTORÍA DE INNOVACIÓN ACADÉMICA;03/06/2026;SERVICIOS PROFESIO;6.439,05
1000024193;Desarrollo de una cultura de calidad;;mayo;COP; Compra de libro eléctronico por accesos, con el proveedor Mc Graw Hill. Vencimiento a 1 de diciembre 2026 Relacionado en el ac;BIBLIOTECA;02/06/2026;LIBROS ELECTRONICO;367.250,00
1000024194;Gestión por procesos 5ta ed;;mayo;COP; Compra de libro eléctronico por accesos, Proveedor AlphaCloud. Periodo de suscripción por 7 meses. Relacionado en el acta de;BIBLIOTECA;02/06/2026;LIBROS ELECTRONICO;208.000,00
1000024144;6 PCS Carbon Motor BrushesCompatible f;;mayo;USD; Proveedor Amazón BP: 1000254772 Compras Herramientas y Accesorios 1- 6 PCS Carbon Motor Brushes Compatible for Dremel 90930- 0;UNIDAD DE DESARROLLO;10/06/2026;ELEM. FERRETERIA C;183,27
1000024191;L'invitée;;mayo;COP; Compra material bibliográfico impreso registrado en el acta 003 con el proveedor English language services. BP de proveedor:10;BIBLIOTECA;02/06/2026;LIBROS ;187.425,00
1000024192;TURISMO SUSTENTABLE;;mayo;COP; Compra de material bibliográfico impreso para Biblioteca bajo acta 003 de 2026 con editorial trillas de Colombia. BP del prove;BIBLIOTECA;26/06/2026;LIBROS ;105.600,00
1000024145;MANTENIMIENTO LÍNEA DE ACETILENO;MANTENIMIENTO MAQUINARIA Y EQUIPO;mayo;COP; Mantenimiento preventivo red de gases Calle 74 Proveedor: Potentis SAS BP: 1000334019;LABORATORIOS DE INGENIERÍA;03/06/2026;ELEM. LABORATORIO ;12.133.240,00
1000024106;LICENCIAS MONDAY;LICENCIAS Y SOFTWARE;mayo;USD; CENCIAS MONDAY - EAN VIIRTUAL SUPERVISOR: RUBEN QUINTERO PROVEEDOR: MONDAY.COM VALOR DE LA COMPRA: Precio total en USD 912 usd;MEDIACIONES DIDÁCTICAS;29/05/2026;LICENCIAS Y SUBSCR;900
1000024143;Boligrafos y agendas Acreditación Instit;PROMOCION DIVULGACION;mayo;COP; Boligrafos y agendas Acreditación Institucional;OFICINA DE PROYECTOS PMO;01/06/2026;SERVICIOS PROFESIO;1.130.500,00
